product_id,product_name,category,sub_category,brand,price,stock
PROD000001,Apple Headphones 1,Electronics,Headphones,Apple,77313,76
PROD000002,Zara Women 2,Fashion,Women,Zara,12061,274
PROD000003,Nike Fitness 3,Sports,Fitness,Nike,11404,352
PROD000004,Apple Headphones 4,Electronics,Headphones,Apple,56738,152
PROD000005,Xiaomi Mobiles 5,Electronics,Mobiles,Xiaomi,21202,500
PROD000006,Cult Fitness 6,Sports,Fitness,Cult,38297,122
PROD000007,McGraw Hill Education 7,Books,Education,McGraw Hill,93565,336
PROD000008,McGraw Hill Education 8,Books,Education,McGraw Hill,30294,33
PROD000009,Penguin Fiction 9,Books,Fiction,Penguin,7559,385
PROD000010,McGraw Hill Education 10,Books,Education,McGraw Hill,94666,271
PROD000011,Xiaomi Mobiles 11,Electronics,Mobiles,Xiaomi,79430,356
PROD000012,Adidas Men 12,Fashion,Men,Adidas,67517,45
PROD000013,Boat Headphones 13,Electronics,Headphones,Boat,6207,483
PROD000014,IKEA Furniture 14,Home,Furniture,IKEA,76734,489
PROD000015,Philips Kitchen 15,Home,Kitchen,Philips,7124,96
PROD000016,Biba Women 16,Fashion,Women,Biba,22712,387
PROD000017,Godrej Furniture 17,Home,Furniture,Godrej,83718,61
PROD000018,McGraw Hill Education 18,Books,Education,McGraw Hill,55607,412
PROD000019,Samsung Mobiles 19,Electronics,Mobiles,Samsung,99456,469
PROD000020,Penguin Fiction 20,Books,Fiction,Penguin,49257,274
PROD000021,Nike Men 21,Fashion,Men,Nike,26478,70
PROD000022,Pearson Education 22,Books,Education,Pearson,35884,376
PROD000023,Penguin Fiction 23,Books,Fiction,Penguin,76158,189
PROD000024,Levis Men 24,Fashion,Men,Levis,54839,411
PROD000025,Adidas Men 25,Fashion,Men,Adidas,19763,84
PROD000026,Xiaomi Mobiles 26,Electronics,Mobiles,Xiaomi,14031,143
PROD000027,Nike Fitness 27,Sports,Fitness,Nike,89875,215
PROD000028,Cult Fitness 28,Sports,Fitness,Cult,85703,365
PROD000029,Nike Fitness 29,Sports,Fitness,Nike,88967,131
PROD000030,IKEA Furniture 30,Home,Furniture,IKEA,38748,488
PROD000031,Nike Fitness 31,Sports,Fitness,Nike,42712,209
PROD000032,Nike Men 32,Fashion,Men,Nike,46008,255
PROD000033,Philips Kitchen 33,Home,Kitchen,Philips,13055,2
PROD000034,HP Laptops 34,Electronics,Laptops,HP,90741,440
PROD000035,McGraw Hill Education 35,Books,Education,McGraw Hill,59777,13
PROD000036,Puma Men 36,Fashion,Men,Puma,72342,82
PROD000037,Nike Men 37,Fashion,Men,Nike,10623,373
PROD000038,McGraw Hill Education 38,Books,Education,McGraw Hill,69715,461
PROD000039,Philips Kitchen 39,Home,Kitchen,Philips,82915,371
PROD000040,Nike Men 40,Fashion,Men,Nike,90584,458
PROD000041,Zara Women 41,Fashion,Women,Zara,82071,3
PROD000042,Philips Kitchen 42,Home,Kitchen,Philips,70810,470
PROD000043,Pearson Education 43,Books,Education,Pearson,70529,352
PROD000044,Penguin Fiction 44,Books,Fiction,Penguin,75205,423
PROD000045,Puma Men 45,Fashion,Men,Puma,84527,256
PROD000046,Apple Laptops 46,Electronics,Laptops,Apple,35024,375
PROD000047,Cult Fitness 47,Sports,Fitness,Cult,13008,429
PROD000048,Pearson Education 48,Books,Education,Pearson,80112,250
PROD000049,Pigeon Kitchen 49,Home,Kitchen,Pigeon,43039,81
PROD000050,H&M Women 50,Fashion,Women,H&M,34754,118
PROD000051,Durian Furniture 51,Home,Furniture,Durian,22874,366
PROD000052,IKEA Furniture 52,Home,Furniture,IKEA,18475,468
PROD000053,McGraw Hill Education 53,Books,Education,McGraw Hill,19309,240
PROD000054,HarperCollins Fiction 54,Books,Fiction,HarperCollins,69546,383
PROD000055,Boat Headphones 55,Electronics,Headphones,Boat,21498,251
PROD000056,Cult Fitness 56,Sports,Fitness,Cult,73344,435
PROD000057,Nike Fitness 57,Sports,Fitness,Nike,97221,80
PROD000058,Godrej Furniture 58,Home,Furniture,Godrej,15023,473
PROD000059,Dell Laptops 59,Electronics,Laptops,Dell,96326,459
PROD000060,Philips Kitchen 60,Home,Kitchen,Philips,61141,197
PROD000061,Apple Laptops 61,Electronics,Laptops,Apple,79494,448
PROD000062,Lenovo Laptops 62,Electronics,Laptops,Lenovo,62243,459
PROD000063,Prestige Kitchen 63,Home,Kitchen,Prestige,58348,332
PROD000064,Durian Furniture 64,Home,Furniture,Durian,93266,328
PROD000065,Durian Furniture 65,Home,Furniture,Durian,862,20
PROD000066,Cult Fitness 66,Sports,Fitness,Cult,67809,171
PROD000067,Forever21 Women 67,Fashion,Women,Forever21,46723,46
PROD000068,HarperCollins Fiction 68,Books,Fiction,HarperCollins,94714,146
PROD000069,Puma Men 69,Fashion,Men,Puma,20286,76
PROD000070,H&M Women 70,Fashion,Women,H&M,77745,53
PROD000071,Sony Headphones 71,Electronics,Headphones,Sony,53835,161
PROD000072,Philips Kitchen 72,Home,Kitchen,Philips,19496,264
PROD000073,HP Laptops 73,Electronics,Laptops,HP,54841,276
PROD000074,Durian Furniture 74,Home,Furniture,Durian,51456,418
PROD000075,Zara Women 75,Fashion,Women,Zara,22058,64
PROD000076,IKEA Furniture 76,Home,Furniture,IKEA,71111,386
PROD000077,IKEA Furniture 77,Home,Furniture,IKEA,68495,296
PROD000078,Decathlon Fitness 78,Sports,Fitness,Decathlon,27288,473
PROD000079,Pearson Education 79,Books,Education,Pearson,46790,485
PROD000080,Forever21 Women 80,Fashion,Women,Forever21,65728,192
PROD000081,Forever21 Women 81,Fashion,Women,Forever21,20031,21
PROD000082,Apple Headphones 82,Electronics,Headphones,Apple,89402,407
PROD000083,Xiaomi Mobiles 83,Electronics,Mobiles,Xiaomi,53899,2
PROD000084,Sony Headphones 84,Electronics,Headphones,Sony,18802,492
PROD000085,Prestige Kitchen 85,Home,Kitchen,Prestige,51475,116
PROD000086,Puma Men 86,Fashion,Men,Puma,40354,475
PROD000087,H&M Women 87,Fashion,Women,H&M,42350,54
PROD000088,IKEA Furniture 88,Home,Furniture,IKEA,7470,32
PROD000089,Adidas Men 89,Fashion,Men,Adidas,34149,13
PROD000090,Samsung Mobiles 90,Electronics,Mobiles,Samsung,24437,146
PROD000091,Samsung Mobiles 91,Electronics,Mobiles,Samsung,12408,52
PROD000092,Xiaomi Mobiles 92,Electronics,Mobiles,Xiaomi,16003,488
PROD000093,Prestige Kitchen 93,Home,Kitchen,Prestige,18500,484
PROD000094,Biba Women 94,Fashion,Women,Biba,61626,169
PROD000095,Penguin Fiction 95,Books,Fiction,Penguin,71684,138
PROD000096,HarperCollins Fiction 96,Books,Fiction,HarperCollins,12841,454
PROD000097,Boat Headphones 97,Electronics,Headphones,Boat,90208,82
PROD000098,Decathlon Fitness 98,Sports,Fitness,Decathlon,98871,373
PROD000099,Cult Fitness 99,Sports,Fitness,Cult,11043,215
PROD000100,Decathlon Fitness 100,Sports,Fitness,Decathlon,46659,252
PROD000101,Zara Women 101,Fashion,Women,Zara,97005,106
PROD000102,HarperCollins Fiction 102,Books,Fiction,HarperCollins,67426,25
PROD000103,Penguin Fiction 103,Books,Fiction,Penguin,75362,450
PROD000104,Apple Headphones 104,Electronics,Headphones,Apple,30282,158
PROD000105,McGraw Hill Education 105,Books,Education,McGraw Hill,13268,476
PROD000106,Godrej Furniture 106,Home,Furniture,Godrej,87011,170
PROD000107,McGraw Hill Education 107,Books,Education,McGraw Hill,19335,127
PROD000108,Godrej Furniture 108,Home,Furniture,Godrej,92982,316
PROD000109,Cult Fitness 109,Sports,Fitness,Cult,52989,60
PROD000110,Apple Headphones 110,Electronics,Headphones,Apple,18642,325
PROD000111,Decathlon Fitness 111,Sports,Fitness,Decathlon,76209,413
PROD000112,HarperCollins Fiction 112,Books,Fiction,HarperCollins,45523,54
PROD000113,Levis Men 113,Fashion,Men,Levis,49173,17
PROD000114,Levis Men 114,Fashion,Men,Levis,32380,165
PROD000115,Biba Women 115,Fashion,Women,Biba,45831,54
PROD000116,McGraw Hill Education 116,Books,Education,McGraw Hill,75761,365
PROD000117,Decathlon Fitness 117,Sports,Fitness,Decathlon,43460,186
PROD000118,Sony Headphones 118,Electronics,Headphones,Sony,21623,1
PROD000119,Apple Headphones 119,Electronics,Headphones,Apple,18625,79
PROD000120,HP Laptops 120,Electronics,Laptops,HP,21748,214
PROD000121,Apple Headphones 121,Electronics,Headphones,Apple,80507,190
PROD000122,McGraw Hill Education 122,Books,Education,McGraw Hill,15498,122
PROD000123,Apple Laptops 123,Electronics,Laptops,Apple,77861,396
PROD000124,Pigeon Kitchen 124,Home,Kitchen,Pigeon,22860,271
PROD000125,Decathlon Fitness 125,Sports,Fitness,Decathlon,12886,310
PROD000126,HarperCollins Fiction 126,Books,Fiction,HarperCollins,39662,127
PROD000127,Pearson Education 127,Books,Education,Pearson,91762,219
PROD000128,Puma Men 128,Fashion,Men,Puma,30379,263
PROD000129,Nike Fitness 129,Sports,Fitness,Nike,23845,118
PROD000130,McGraw Hill Education 130,Books,Education,McGraw Hill,44782,400
PROD000131,HP Laptops 131,Electronics,Laptops,HP,19013,63
PROD000132,Adidas Men 132,Fashion,Men,Adidas,47796,91
PROD000133,Apple Laptops 133,Electronics,Laptops,Apple,17079,376
PROD000134,OnePlus Mobiles 134,Electronics,Mobiles,OnePlus,67021,307
PROD000135,Philips Kitchen 135,Home,Kitchen,Philips,48612,470
PROD000136,Durian Furniture 136,Home,Furniture,Durian,22101,356
PROD000137,Durian Furniture 137,Home,Furniture,Durian,65476,103
PROD000138,Adidas Men 138,Fashion,Men,Adidas,81270,128
PROD000139,Lenovo Laptops 139,Electronics,Laptops,Lenovo,29521,444
PROD000140,HarperCollins Fiction 140,Books,Fiction,HarperCollins,34926,403
PROD000141,Penguin Fiction 141,Books,Fiction,Penguin,76665,62
PROD000142,Forever21 Women 142,Fashion,Women,Forever21,80610,275
PROD000143,Boat Headphones 143,Electronics,Headphones,Boat,83593,317
PROD000144,Nike Fitness 144,Sports,Fitness,Nike,28146,17
PROD000145,Cult Fitness 145,Sports,Fitness,Cult,67466,27
PROD000146,Apple Headphones 146,Electronics,Headphones,Apple,57386,65
PROD000147,Biba Women 147,Fashion,Women,Biba,78600,270
PROD000148,H&M Women 148,Fashion,Women,H&M,69956,46
PROD000149,Nike Men 149,Fashion,Men,Nike,95648,427
PROD000150,Penguin Fiction 150,Books,Fiction,Penguin,29648,479
PROD000151,Pearson Education 151,Books,Education,Pearson,19908,401
PROD000152,IKEA Furniture 152,Home,Furniture,IKEA,60911,153
PROD000153,Levis Men 153,Fashion,Men,Levis,28029,233
PROD000154,Penguin Fiction 154,Books,Fiction,Penguin,60309,145
PROD000155,HarperCollins Fiction 155,Books,Fiction,HarperCollins,50465,452
PROD000156,Godrej Furniture 156,Home,Furniture,Godrej,58277,32
PROD000157,HarperCollins Fiction 157,Books,Fiction,HarperCollins,84379,160
PROD000158,Decathlon Fitness 158,Sports,Fitness,Decathlon,14385,286
PROD000159,Nike Fitness 159,Sports,Fitness,Nike,48183,270
PROD000160,Adidas Men 160,Fashion,Men,Adidas,21040,119
PROD000161,Decathlon Fitness 161,Sports,Fitness,Decathlon,721,496
PROD000162,Biba Women 162,Fashion,Women,Biba,16274,2
PROD000163,Biba Women 163,Fashion,Women,Biba,81195,432
PROD000164,Penguin Fiction 164,Books,Fiction,Penguin,80831,104
PROD000165,Penguin Fiction 165,Books,Fiction,Penguin,19791,187
PROD000166,HarperCollins Fiction 166,Books,Fiction,HarperCollins,75555,411
PROD000167,Philips Kitchen 167,Home,Kitchen,Philips,67161,466
PROD000168,Nike Fitness 168,Sports,Fitness,Nike,60306,254
PROD000169,IKEA Furniture 169,Home,Furniture,IKEA,60303,466
PROD000170,Nike Fitness 170,Sports,Fitness,Nike,11686,396
PROD000171,Nike Fitness 171,Sports,Fitness,Nike,73153,108
PROD000172,Decathlon Fitness 172,Sports,Fitness,Decathlon,99391,322
PROD000173,H&M Women 173,Fashion,Women,H&M,52373,102
PROD000174,Decathlon Fitness 174,Sports,Fitness,Decathlon,15425,329
PROD000175,Prestige Kitchen 175,Home,Kitchen,Prestige,99173,191
PROD000176,H&M Women 176,Fashion,Women,H&M,77394,385
PROD000177,Prestige Kitchen 177,Home,Kitchen,Prestige,21031,338
PROD000178,Boat Headphones 178,Electronics,Headphones,Boat,32893,101
PROD000179,Cult Fitness 179,Sports,Fitness,Cult,30867,45
PROD000180,HarperCollins Fiction 180,Books,Fiction,HarperCollins,90639,451
PROD000181,HP Laptops 181,Electronics,Laptops,HP,58526,174
PROD000182,Philips Kitchen 182,Home,Kitchen,Philips,80396,121
PROD000183,Nike Fitness 183,Sports,Fitness,Nike,79861,226
PROD000184,McGraw Hill Education 184,Books,Education,McGraw Hill,40897,67
PROD000185,Godrej Furniture 185,Home,Furniture,Godrej,88344,329
PROD000186,Adidas Men 186,Fashion,Men,Adidas,12786,438
PROD000187,Penguin Fiction 187,Books,Fiction,Penguin,9357,42
PROD000188,McGraw Hill Education 188,Books,Education,McGraw Hill,45597,231
PROD000189,Durian Furniture 189,Home,Furniture,Durian,2445,284
PROD000190,Penguin Fiction 190,Books,Fiction,Penguin,82136,183
PROD000191,Godrej Furniture 191,Home,Furniture,Godrej,55494,90
PROD000192,H&M Women 192,Fashion,Women,H&M,84558,10
PROD000193,Sony Headphones 193,Electronics,Headphones,Sony,94527,60
PROD000194,Apple Laptops 194,Electronics,Laptops,Apple,31470,475
PROD000195,Sony Headphones 195,Electronics,Headphones,Sony,8027,235
PROD000196,HarperCollins Fiction 196,Books,Fiction,HarperCollins,6718,14
PROD000197,Lenovo Laptops 197,Electronics,Laptops,Lenovo,97393,324
PROD000198,HarperCollins Fiction 198,Books,Fiction,HarperCollins,19469,278
PROD000199,Durian Furniture 199,Home,Furniture,Durian,10773,252
PROD000200,Pigeon Kitchen 200,Home,Kitchen,Pigeon,34444,218
PROD000201,Xiaomi Mobiles 201,Electronics,Mobiles,Xiaomi,78588,49
PROD000202,HP Laptops 202,Electronics,Laptops,HP,96306,32
PROD000203,Philips Kitchen 203,Home,Kitchen,Philips,31109,79
PROD000204,HarperCollins Fiction 204,Books,Fiction,HarperCollins,12628,349
PROD000205,Penguin Fiction 205,Books,Fiction,Penguin,19053,439
PROD000206,Pearson Education 206,Books,Education,Pearson,78821,79
PROD000207,Pearson Education 207,Books,Education,Pearson,54062,232
PROD000208,IKEA Furniture 208,Home,Furniture,IKEA,22876,193
PROD000209,Pigeon Kitchen 209,Home,Kitchen,Pigeon,81226,319
PROD000210,Boat Headphones 210,Electronics,Headphones,Boat,60206,268
PROD000211,OnePlus Mobiles 211,Electronics,Mobiles,OnePlus,67036,9
PROD000212,McGraw Hill Education 212,Books,Education,McGraw Hill,16369,188
PROD000213,Dell Laptops 213,Electronics,Laptops,Dell,35623,209
PROD000214,Sony Headphones 214,Electronics,Headphones,Sony,47041,2
PROD000215,Cult Fitness 215,Sports,Fitness,Cult,86329,233
PROD000216,Levis Men 216,Fashion,Men,Levis,98884,55
PROD000217,Dell Laptops 217,Electronics,Laptops,Dell,57713,429
PROD000218,Decathlon Fitness 218,Sports,Fitness,Decathlon,8968,10
PROD000219,Cult Fitness 219,Sports,Fitness,Cult,42621,33
PROD000220,HarperCollins Fiction 220,Books,Fiction,HarperCollins,13561,79
PROD000221,Xiaomi Mobiles 221,Electronics,Mobiles,Xiaomi,25227,143
PROD000222,McGraw Hill Education 222,Books,Education,McGraw Hill,21630,59
PROD000223,Philips Kitchen 223,Home,Kitchen,Philips,58596,54
PROD000224,Cult Fitness 224,Sports,Fitness,Cult,75769,448
PROD000225,Philips Kitchen 225,Home,Kitchen,Philips,81899,382
PROD000226,Nike Fitness 226,Sports,Fitness,Nike,75591,298
PROD000227,Nike Fitness 227,Sports,Fitness,Nike,37500,206
PROD000228,Forever21 Women 228,Fashion,Women,Forever21,75756,181
PROD000229,Pearson Education 229,Books,Education,Pearson,61607,174
PROD000230,Penguin Fiction 230,Books,Fiction,Penguin,79435,85
PROD000231,HP Laptops 231,Electronics,Laptops,HP,85310,116
PROD000232,Pigeon Kitchen 232,Home,Kitchen,Pigeon,96110,37
PROD000233,Apple Mobiles 233,Electronics,Mobiles,Apple,71945,232
PROD000234,Xiaomi Mobiles 234,Electronics,Mobiles,Xiaomi,78087,1
PROD000235,Sony Headphones 235,Electronics,Headphones,Sony,37004,162
PROD000236,HarperCollins Fiction 236,Books,Fiction,HarperCollins,98031,463
PROD000237,Xiaomi Mobiles 237,Electronics,Mobiles,Xiaomi,67580,161
PROD000238,Puma Men 238,Fashion,Men,Puma,23644,132
PROD000239,H&M Women 239,Fashion,Women,H&M,44759,488
PROD000240,Godrej Furniture 240,Home,Furniture,Godrej,24537,108
PROD000241,Decathlon Fitness 241,Sports,Fitness,Decathlon,75198,136
PROD000242,HarperCollins Fiction 242,Books,Fiction,HarperCollins,33277,344
PROD000243,Apple Laptops 243,Electronics,Laptops,Apple,31981,270
PROD000244,HP Laptops 244,Electronics,Laptops,HP,77866,269
PROD000245,Xiaomi Mobiles 245,Electronics,Mobiles,Xiaomi,2264,271
PROD000246,Sony Headphones 246,Electronics,Headphones,Sony,18976,354
PROD000247,Lenovo Laptops 247,Electronics,Laptops,Lenovo,68012,20
PROD000248,HarperCollins Fiction 248,Books,Fiction,HarperCollins,22492,401
PROD000249,Biba Women 249,Fashion,Women,Biba,90746,61
PROD000250,Prestige Kitchen 250,Home,Kitchen,Prestige,8869,277
PROD000251,Samsung Mobiles 251,Electronics,Mobiles,Samsung,56487,214
PROD000252,Pigeon Kitchen 252,Home,Kitchen,Pigeon,3331,219
PROD000253,Xiaomi Mobiles 253,Electronics,Mobiles,Xiaomi,93426,313
PROD000254,Godrej Furniture 254,Home,Furniture,Godrej,21719,236
PROD000255,Prestige Kitchen 255,Home,Kitchen,Prestige,64293,221
PROD000256,IKEA Furniture 256,Home,Furniture,IKEA,1389,415
PROD000257,McGraw Hill Education 257,Books,Education,McGraw Hill,11438,484
PROD000258,Pigeon Kitchen 258,Home,Kitchen,Pigeon,73203,110
PROD000259,Cult Fitness 259,Sports,Fitness,Cult,80179,80
PROD000260,Prestige Kitchen 260,Home,Kitchen,Prestige,86931,353
PROD000261,Philips Kitchen 261,Home,Kitchen,Philips,21431,51
PROD000262,McGraw Hill Education 262,Books,Education,McGraw Hill,27474,468
PROD000263,Pearson Education 263,Books,Education,Pearson,80878,331
PROD000264,IKEA Furniture 264,Home,Furniture,IKEA,24903,111
PROD000265,Zara Women 265,Fashion,Women,Zara,42860,265
PROD000266,Apple Headphones 266,Electronics,Headphones,Apple,49179,331
PROD000267,Biba Women 267,Fashion,Women,Biba,83589,252
PROD000268,Cult Fitness 268,Sports,Fitness,Cult,22778,114
PROD000269,Zara Women 269,Fashion,Women,Zara,90128,292
PROD000270,Pearson Education 270,Books,Education,Pearson,53308,34
PROD000271,Penguin Fiction 271,Books,Fiction,Penguin,90449,291
PROD000272,Decathlon Fitness 272,Sports,Fitness,Decathlon,88239,343
PROD000273,IKEA Furniture 273,Home,Furniture,IKEA,79144,83
PROD000274,Cult Fitness 274,Sports,Fitness,Cult,23907,354
PROD000275,HarperCollins Fiction 275,Books,Fiction,HarperCollins,2147,36
PROD000276,Nike Fitness 276,Sports,Fitness,Nike,98538,426
PROD000277,Philips Kitchen 277,Home,Kitchen,Philips,17637,137
PROD000278,McGraw Hill Education 278,Books,Education,McGraw Hill,19002,299
PROD000279,Prestige Kitchen 279,Home,Kitchen,Prestige,94243,472
PROD000280,Decathlon Fitness 280,Sports,Fitness,Decathlon,65439,469
PROD000281,Levis Men 281,Fashion,Men,Levis,5195,432
PROD000282,Levis Men 282,Fashion,Men,Levis,13236,115
PROD000283,Adidas Men 283,Fashion,Men,Adidas,49030,147
PROD000284,Nike Men 284,Fashion,Men,Nike,331,360
PROD000285,Cult Fitness 285,Sports,Fitness,Cult,74483,183
PROD000286,Decathlon Fitness 286,Sports,Fitness,Decathlon,79250,288
PROD000287,Dell Laptops 287,Electronics,Laptops,Dell,86316,495
PROD000288,HP Laptops 288,Electronics,Laptops,HP,19462,474
PROD000289,Puma Men 289,Fashion,Men,Puma,18956,193
PROD000290,Durian Furniture 290,Home,Furniture,Durian,11784,225
PROD000291,Nike Fitness 291,Sports,Fitness,Nike,67899,127
PROD000292,Pigeon Kitchen 292,Home,Kitchen,Pigeon,96828,129
PROD000293,Philips Kitchen 293,Home,Kitchen,Philips,12479,372
PROD000294,Nike Men 294,Fashion,Men,Nike,22551,411
PROD000295,Pearson Education 295,Books,Education,Pearson,2833,302
PROD000296,OnePlus Mobiles 296,Electronics,Mobiles,OnePlus,31340,272
PROD000297,OnePlus Mobiles 297,Electronics,Mobiles,OnePlus,66777,454
PROD000298,Adidas Men 298,Fashion,Men,Adidas,8315,483
PROD000299,Cult Fitness 299,Sports,Fitness,Cult,20803,148
PROD000300,Zara Women 300,Fashion,Women,Zara,53319,15
PROD000301,Pigeon Kitchen 301,Home,Kitchen,Pigeon,67296,16
PROD000302,Durian Furniture 302,Home,Furniture,Durian,59368,288
PROD000303,Nike Fitness 303,Sports,Fitness,Nike,29198,165
PROD000304,Prestige Kitchen 304,Home,Kitchen,Prestige,98348,115
PROD000305,HarperCollins Fiction 305,Books,Fiction,HarperCollins,18176,280
PROD000306,Durian Furniture 306,Home,Furniture,Durian,60015,126
PROD000307,Apple Mobiles 307,Electronics,Mobiles,Apple,22330,239
PROD000308,Decathlon Fitness 308,Sports,Fitness,Decathlon,47429,324
PROD000309,HP Laptops 309,Electronics,Laptops,HP,32775,12
PROD000310,H&M Women 310,Fashion,Women,H&M,84695,349
PROD000311,Xiaomi Mobiles 311,Electronics,Mobiles,Xiaomi,62377,416
PROD000312,Nike Fitness 312,Sports,Fitness,Nike,81882,122
PROD000313,Cult Fitness 313,Sports,Fitness,Cult,25959,316
PROD000314,Apple Laptops 314,Electronics,Laptops,Apple,4324,22
PROD000315,Biba Women 315,Fashion,Women,Biba,19799,318
PROD000316,Apple Mobiles 316,Electronics,Mobiles,Apple,24126,476
PROD000317,Penguin Fiction 317,Books,Fiction,Penguin,7525,273
PROD000318,H&M Women 318,Fashion,Women,H&M,9611,322
PROD000319,HarperCollins Fiction 319,Books,Fiction,HarperCollins,45789,404
PROD000320,Forever21 Women 320,Fashion,Women,Forever21,13583,400
PROD000321,Pigeon Kitchen 321,Home,Kitchen,Pigeon,5416,325
PROD000322,Zara Women 322,Fashion,Women,Zara,83631,126
PROD000323,HP Laptops 323,Electronics,Laptops,HP,28174,243
PROD000324,Cult Fitness 324,Sports,Fitness,Cult,18589,69
PROD000325,Prestige Kitchen 325,Home,Kitchen,Prestige,71470,398
PROD000326,Philips Kitchen 326,Home,Kitchen,Philips,66810,451
PROD000327,Philips Kitchen 327,Home,Kitchen,Philips,24404,433
PROD000328,Nike Fitness 328,Sports,Fitness,Nike,41503,143
PROD000329,Durian Furniture 329,Home,Furniture,Durian,11791,384
PROD000330,IKEA Furniture 330,Home,Furniture,IKEA,97694,218
PROD000331,IKEA Furniture 331,Home,Furniture,IKEA,37184,66
PROD000332,Biba Women 332,Fashion,Women,Biba,37410,292
PROD000333,Pigeon Kitchen 333,Home,Kitchen,Pigeon,56877,102
PROD000334,Apple Laptops 334,Electronics,Laptops,Apple,57848,372
PROD000335,Nike Fitness 335,Sports,Fitness,Nike,70457,390
PROD000336,Cult Fitness 336,Sports,Fitness,Cult,21392,476
PROD000337,Biba Women 337,Fashion,Women,Biba,54737,419
PROD000338,IKEA Furniture 338,Home,Furniture,IKEA,83105,408
PROD000339,Xiaomi Mobiles 339,Electronics,Mobiles,Xiaomi,59487,302
PROD000340,Xiaomi Mobiles 340,Electronics,Mobiles,Xiaomi,86397,288
PROD000341,Philips Kitchen 341,Home,Kitchen,Philips,53517,268
PROD000342,Decathlon Fitness 342,Sports,Fitness,Decathlon,86336,440
PROD000343,Forever21 Women 343,Fashion,Women,Forever21,25634,450
PROD000344,McGraw Hill Education 344,Books,Education,McGraw Hill,16335,224
PROD000345,Decathlon Fitness 345,Sports,Fitness,Decathlon,96403,227
PROD000346,Pigeon Kitchen 346,Home,Kitchen,Pigeon,74742,354
PROD000347,Decathlon Fitness 347,Sports,Fitness,Decathlon,39282,163
PROD000348,Prestige Kitchen 348,Home,Kitchen,Prestige,26849,42
PROD000349,Adidas Men 349,Fashion,Men,Adidas,55372,413
PROD000350,Decathlon Fitness 350,Sports,Fitness,Decathlon,44989,154
PROD000351,HarperCollins Fiction 351,Books,Fiction,HarperCollins,69235,253
PROD000352,Dell Laptops 352,Electronics,Laptops,Dell,64877,233
PROD000353,Decathlon Fitness 353,Sports,Fitness,Decathlon,12706,383
PROD000354,HarperCollins Fiction 354,Books,Fiction,HarperCollins,68533,129
PROD000355,McGraw Hill Education 355,Books,Education,McGraw Hill,89883,473
PROD000356,Pigeon Kitchen 356,Home,Kitchen,Pigeon,59953,334
PROD000357,Cult Fitness 357,Sports,Fitness,Cult,52758,422
PROD000358,Sony Headphones 358,Electronics,Headphones,Sony,2734,312
PROD000359,Forever21 Women 359,Fashion,Women,Forever21,90508,428
PROD000360,Cult Fitness 360,Sports,Fitness,Cult,77623,194
PROD000361,Penguin Fiction 361,Books,Fiction,Penguin,42646,460
PROD000362,Puma Men 362,Fashion,Men,Puma,92423,473
PROD000363,IKEA Furniture 363,Home,Furniture,IKEA,72373,287
PROD000364,Pearson Education 364,Books,Education,Pearson,16219,215
PROD000365,Penguin Fiction 365,Books,Fiction,Penguin,3843,95
PROD000366,Penguin Fiction 366,Books,Fiction,Penguin,57693,296
PROD000367,Cult Fitness 367,Sports,Fitness,Cult,36253,179
PROD000368,IKEA Furniture 368,Home,Furniture,IKEA,35453,415
PROD000369,JBL Headphones 369,Electronics,Headphones,JBL,62902,210
PROD000370,McGraw Hill Education 370,Books,Education,McGraw Hill,29172,500
PROD000371,Cult Fitness 371,Sports,Fitness,Cult,28226,47
PROD000372,Decathlon Fitness 372,Sports,Fitness,Decathlon,22511,337
PROD000373,Pearson Education 373,Books,Education,Pearson,25985,163
PROD000374,Pigeon Kitchen 374,Home,Kitchen,Pigeon,60323,338
PROD000375,Godrej Furniture 375,Home,Furniture,Godrej,67888,316
PROD000376,Zara Women 376,Fashion,Women,Zara,58823,37
PROD000377,IKEA Furniture 377,Home,Furniture,IKEA,55755,90
PROD000378,OnePlus Mobiles 378,Electronics,Mobiles,OnePlus,96300,9
PROD000379,Decathlon Fitness 379,Sports,Fitness,Decathlon,31449,434
PROD000380,H&M Women 380,Fashion,Women,H&M,82164,143
PROD000381,McGraw Hill Education 381,Books,Education,McGraw Hill,55596,152
PROD000382,Zara Women 382,Fashion,Women,Zara,68070,303
PROD000383,Decathlon Fitness 383,Sports,Fitness,Decathlon,34728,146
PROD000384,Decathlon Fitness 384,Sports,Fitness,Decathlon,98945,472
PROD000385,Prestige Kitchen 385,Home,Kitchen,Prestige,46787,330
PROD000386,Apple Mobiles 386,Electronics,Mobiles,Apple,97374,193
PROD000387,Apple Laptops 387,Electronics,Laptops,Apple,74424,119
PROD000388,McGraw Hill Education 388,Books,Education,McGraw Hill,61199,473
PROD000389,HarperCollins Fiction 389,Books,Fiction,HarperCollins,30873,438
PROD000390,Adidas Men 390,Fashion,Men,Adidas,33405,94
PROD000391,McGraw Hill Education 391,Books,Education,McGraw Hill,98180,410
PROD000392,Nike Fitness 392,Sports,Fitness,Nike,82616,62
PROD000393,H&M Women 393,Fashion,Women,H&M,24683,414
PROD000394,Prestige Kitchen 394,Home,Kitchen,Prestige,31807,200
PROD000395,Apple Laptops 395,Electronics,Laptops,Apple,56323,378
PROD000396,Nike Fitness 396,Sports,Fitness,Nike,43706,236
PROD000397,McGraw Hill Education 397,Books,Education,McGraw Hill,44706,466
PROD000398,Adidas Men 398,Fashion,Men,Adidas,49967,142
PROD000399,Nike Men 399,Fashion,Men,Nike,34679,244
PROD000400,Cult Fitness 400,Sports,Fitness,Cult,82633,137
PROD000401,Decathlon Fitness 401,Sports,Fitness,Decathlon,92074,66
PROD000402,Biba Women 402,Fashion,Women,Biba,34517,261
PROD000403,IKEA Furniture 403,Home,Furniture,IKEA,511,273
PROD000404,Nike Fitness 404,Sports,Fitness,Nike,1330,298
PROD000405,Nike Fitness 405,Sports,Fitness,Nike,8331,497
PROD000406,HP Laptops 406,Electronics,Laptops,HP,56577,290
PROD000407,Levis Men 407,Fashion,Men,Levis,1893,106
PROD000408,Dell Laptops 408,Electronics,Laptops,Dell,6954,167
PROD000409,Nike Fitness 409,Sports,Fitness,Nike,73990,309
PROD000410,Pigeon Kitchen 410,Home,Kitchen,Pigeon,25804,204
PROD000411,Nike Fitness 411,Sports,Fitness,Nike,81257,346
PROD000412,Nike Fitness 412,Sports,Fitness,Nike,8389,388
PROD000413,OnePlus Mobiles 413,Electronics,Mobiles,OnePlus,78291,188
PROD000414,Durian Furniture 414,Home,Furniture,Durian,43586,146
PROD000415,Adidas Men 415,Fashion,Men,Adidas,51566,410
PROD000416,Penguin Fiction 416,Books,Fiction,Penguin,81378,369
PROD000417,HarperCollins Fiction 417,Books,Fiction,HarperCollins,67266,369
PROD000418,Philips Kitchen 418,Home,Kitchen,Philips,97354,97
PROD000419,Philips Kitchen 419,Home,Kitchen,Philips,89072,483
PROD000420,McGraw Hill Education 420,Books,Education,McGraw Hill,55698,492
PROD000421,Samsung Mobiles 421,Electronics,Mobiles,Samsung,84395,198
PROD000422,Decathlon Fitness 422,Sports,Fitness,Decathlon,78921,176
PROD000423,Biba Women 423,Fashion,Women,Biba,97596,59
PROD000424,Pigeon Kitchen 424,Home,Kitchen,Pigeon,29049,320
PROD000425,Penguin Fiction 425,Books,Fiction,Penguin,18597,143
PROD000426,IKEA Furniture 426,Home,Furniture,IKEA,32764,97
PROD000427,HarperCollins Fiction 427,Books,Fiction,HarperCollins,95402,417
PROD000428,OnePlus Mobiles 428,Electronics,Mobiles,OnePlus,61373,202
PROD000429,Apple Headphones 429,Electronics,Headphones,Apple,35126,457
PROD000430,Nike Fitness 430,Sports,Fitness,Nike,36611,366
PROD000431,Lenovo Laptops 431,Electronics,Laptops,Lenovo,58402,322
PROD000432,Pigeon Kitchen 432,Home,Kitchen,Pigeon,61341,100
PROD000433,Penguin Fiction 433,Books,Fiction,Penguin,15634,382
PROD000434,Nike Men 434,Fashion,Men,Nike,12598,479
PROD000435,Nike Fitness 435,Sports,Fitness,Nike,38383,398
PROD000436,Prestige Kitchen 436,Home,Kitchen,Prestige,55711,245
PROD000437,Biba Women 437,Fashion,Women,Biba,403,28
PROD000438,Adidas Men 438,Fashion,Men,Adidas,39358,189
PROD000439,Apple Mobiles 439,Electronics,Mobiles,Apple,3060,424
PROD000440,Cult Fitness 440,Sports,Fitness,Cult,52828,274
PROD000441,HarperCollins Fiction 441,Books,Fiction,HarperCollins,67863,396
PROD000442,Forever21 Women 442,Fashion,Women,Forever21,78710,353
PROD000443,Xiaomi Mobiles 443,Electronics,Mobiles,Xiaomi,18661,467
PROD000444,Godrej Furniture 444,Home,Furniture,Godrej,71974,292
PROD000445,JBL Headphones 445,Electronics,Headphones,JBL,78690,22
PROD000446,H&M Women 446,Fashion,Women,H&M,17923,256
PROD000447,McGraw Hill Education 447,Books,Education,McGraw Hill,41345,329
PROD000448,Pearson Education 448,Books,Education,Pearson,23986,153
PROD000449,Cult Fitness 449,Sports,Fitness,Cult,49957,357
PROD000450,Boat Headphones 450,Electronics,Headphones,Boat,49479,115
PROD000451,JBL Headphones 451,Electronics,Headphones,JBL,45128,233
PROD000452,Penguin Fiction 452,Books,Fiction,Penguin,1102,348
PROD000453,Forever21 Women 453,Fashion,Women,Forever21,45939,250
PROD000454,Penguin Fiction 454,Books,Fiction,Penguin,2831,128
PROD000455,Decathlon Fitness 455,Sports,Fitness,Decathlon,91204,21
PROD000456,JBL Headphones 456,Electronics,Headphones,JBL,98223,497
PROD000457,Decathlon Fitness 457,Sports,Fitness,Decathlon,29740,293
PROD000458,Nike Fitness 458,Sports,Fitness,Nike,83288,450
PROD000459,Apple Mobiles 459,Electronics,Mobiles,Apple,68192,117
PROD000460,Nike Fitness 460,Sports,Fitness,Nike,37695,175
PROD000461,McGraw Hill Education 461,Books,Education,McGraw Hill,62165,235
PROD000462,Godrej Furniture 462,Home,Furniture,Godrej,69455,478
PROD000463,IKEA Furniture 463,Home,Furniture,IKEA,69270,384
PROD000464,McGraw Hill Education 464,Books,Education,McGraw Hill,60947,74
PROD000465,Xiaomi Mobiles 465,Electronics,Mobiles,Xiaomi,47134,182
PROD000466,Nike Fitness 466,Sports,Fitness,Nike,82110,46
PROD000467,Nike Fitness 467,Sports,Fitness,Nike,87919,63
PROD000468,McGraw Hill Education 468,Books,Education,McGraw Hill,92394,211
PROD000469,Nike Men 469,Fashion,Men,Nike,27217,165
PROD000470,Philips Kitchen 470,Home,Kitchen,Philips,30835,286
PROD000471,HarperCollins Fiction 471,Books,Fiction,HarperCollins,95040,277
PROD000472,Nike Fitness 472,Sports,Fitness,Nike,15266,439
PROD000473,H&M Women 473,Fashion,Women,H&M,59282,444
PROD000474,Decathlon Fitness 474,Sports,Fitness,Decathlon,60257,326
PROD000475,Adidas Men 475,Fashion,Men,Adidas,88360,246
PROD000476,Pearson Education 476,Books,Education,Pearson,11761,446
PROD000477,Adidas Men 477,Fashion,Men,Adidas,49469,264
PROD000478,Penguin Fiction 478,Books,Fiction,Penguin,32956,71
PROD000479,Pearson Education 479,Books,Education,Pearson,57095,264
PROD000480,McGraw Hill Education 480,Books,Education,McGraw Hill,62291,419
PROD000481,Adidas Men 481,Fashion,Men,Adidas,55850,149
PROD000482,Dell Laptops 482,Electronics,Laptops,Dell,15959,108
PROD000483,H&M Women 483,Fashion,Women,H&M,53567,259
PROD000484,Apple Headphones 484,Electronics,Headphones,Apple,86684,164
PROD000485,Nike Men 485,Fashion,Men,Nike,69846,336
PROD000486,Penguin Fiction 486,Books,Fiction,Penguin,40789,460
PROD000487,Levis Men 487,Fashion,Men,Levis,48427,252
PROD000488,Pearson Education 488,Books,Education,Pearson,33408,212
PROD000489,Pigeon Kitchen 489,Home,Kitchen,Pigeon,64070,168
PROD000490,Philips Kitchen 490,Home,Kitchen,Philips,69336,148
PROD000491,Sony Headphones 491,Electronics,Headphones,Sony,30482,176
PROD000492,HP Laptops 492,Electronics,Laptops,HP,58685,420
PROD000493,Prestige Kitchen 493,Home,Kitchen,Prestige,68287,128
PROD000494,Cult Fitness 494,Sports,Fitness,Cult,88929,267
PROD000495,Pearson Education 495,Books,Education,Pearson,70479,4
PROD000496,Durian Furniture 496,Home,Furniture,Durian,53326,426
PROD000497,Adidas Men 497,Fashion,Men,Adidas,81712,296
PROD000498,Lenovo Laptops 498,Electronics,Laptops,Lenovo,47256,405
PROD000499,Pearson Education 499,Books,Education,Pearson,67723,162
PROD000500,Decathlon Fitness 500,Sports,Fitness,Decathlon,18086,229
PROD000501,Zara Women 501,Fashion,Women,Zara,96169,408
PROD000502,Nike Fitness 502,Sports,Fitness,Nike,78985,110
PROD000503,OnePlus Mobiles 503,Electronics,Mobiles,OnePlus,25563,323
PROD000504,Nike Fitness 504,Sports,Fitness,Nike,29988,188
PROD000505,Penguin Fiction 505,Books,Fiction,Penguin,16673,462
PROD000506,Apple Mobiles 506,Electronics,Mobiles,Apple,86312,213
PROD000507,McGraw Hill Education 507,Books,Education,McGraw Hill,5869,308
PROD000508,Philips Kitchen 508,Home,Kitchen,Philips,53698,134
PROD000509,Zara Women 509,Fashion,Women,Zara,50001,104
PROD000510,Godrej Furniture 510,Home,Furniture,Godrej,3313,111
PROD000511,Zara Women 511,Fashion,Women,Zara,12976,266
PROD000512,H&M Women 512,Fashion,Women,H&M,5255,5
PROD000513,OnePlus Mobiles 513,Electronics,Mobiles,OnePlus,21931,174
PROD000514,Nike Men 514,Fashion,Men,Nike,21535,111
PROD000515,IKEA Furniture 515,Home,Furniture,IKEA,27814,80
PROD000516,Penguin Fiction 516,Books,Fiction,Penguin,24173,41
PROD000517,Nike Fitness 517,Sports,Fitness,Nike,15336,105
PROD000518,Decathlon Fitness 518,Sports,Fitness,Decathlon,66393,368
PROD000519,Samsung Mobiles 519,Electronics,Mobiles,Samsung,22623,46
PROD000520,Decathlon Fitness 520,Sports,Fitness,Decathlon,37962,459
PROD000521,Nike Fitness 521,Sports,Fitness,Nike,19731,153
PROD000522,Cult Fitness 522,Sports,Fitness,Cult,78059,363
PROD000523,Nike Fitness 523,Sports,Fitness,Nike,44363,427
PROD000524,OnePlus Mobiles 524,Electronics,Mobiles,OnePlus,48579,302
PROD000525,Adidas Men 525,Fashion,Men,Adidas,58851,433
PROD000526,Levis Men 526,Fashion,Men,Levis,93614,22
PROD000527,Boat Headphones 527,Electronics,Headphones,Boat,82037,329
PROD000528,Nike Fitness 528,Sports,Fitness,Nike,60515,117
PROD000529,Apple Laptops 529,Electronics,Laptops,Apple,67986,325
PROD000530,Godrej Furniture 530,Home,Furniture,Godrej,32755,54
PROD000531,JBL Headphones 531,Electronics,Headphones,JBL,11148,37
PROD000532,Cult Fitness 532,Sports,Fitness,Cult,20013,65
PROD000533,IKEA Furniture 533,Home,Furniture,IKEA,59323,40
PROD000534,Dell Laptops 534,Electronics,Laptops,Dell,99398,44
PROD000535,HarperCollins Fiction 535,Books,Fiction,HarperCollins,582,247
PROD000536,OnePlus Mobiles 536,Electronics,Mobiles,OnePlus,670,150
PROD000537,Pearson Education 537,Books,Education,Pearson,89334,200
PROD000538,Pearson Education 538,Books,Education,Pearson,84094,393
PROD000539,McGraw Hill Education 539,Books,Education,McGraw Hill,18699,6
PROD000540,Nike Fitness 540,Sports,Fitness,Nike,58194,463
PROD000541,Cult Fitness 541,Sports,Fitness,Cult,81586,198
PROD000542,Sony Headphones 542,Electronics,Headphones,Sony,32558,23
PROD000543,Pigeon Kitchen 543,Home,Kitchen,Pigeon,10220,297
PROD000544,OnePlus Mobiles 544,Electronics,Mobiles,OnePlus,57043,471
PROD000545,Apple Mobiles 545,Electronics,Mobiles,Apple,2023,451
PROD000546,Nike Men 546,Fashion,Men,Nike,12074,163
PROD000547,Decathlon Fitness 547,Sports,Fitness,Decathlon,24105,13
PROD000548,Levis Men 548,Fashion,Men,Levis,53565,367
PROD000549,Decathlon Fitness 549,Sports,Fitness,Decathlon,29300,48
PROD000550,Decathlon Fitness 550,Sports,Fitness,Decathlon,43730,257
PROD000551,Zara Women 551,Fashion,Women,Zara,54742,491
PROD000552,McGraw Hill Education 552,Books,Education,McGraw Hill,21816,28
PROD000553,Prestige Kitchen 553,Home,Kitchen,Prestige,69457,412
PROD000554,Nike Men 554,Fashion,Men,Nike,11759,15
PROD000555,Nike Men 555,Fashion,Men,Nike,38604,26
PROD000556,Cult Fitness 556,Sports,Fitness,Cult,30617,298
PROD000557,Penguin Fiction 557,Books,Fiction,Penguin,61359,204
PROD000558,Durian Furniture 558,Home,Furniture,Durian,61035,441
PROD000559,Apple Laptops 559,Electronics,Laptops,Apple,46852,186
PROD000560,Prestige Kitchen 560,Home,Kitchen,Prestige,81912,146
PROD000561,Apple Mobiles 561,Electronics,Mobiles,Apple,27565,188
PROD000562,Penguin Fiction 562,Books,Fiction,Penguin,36198,463
PROD000563,Philips Kitchen 563,Home,Kitchen,Philips,34591,73
PROD000564,Decathlon Fitness 564,Sports,Fitness,Decathlon,56580,75
PROD000565,Samsung Mobiles 565,Electronics,Mobiles,Samsung,57410,100
PROD000566,H&M Women 566,Fashion,Women,H&M,13827,336
PROD000567,Adidas Men 567,Fashion,Men,Adidas,54699,247
PROD000568,HP Laptops 568,Electronics,Laptops,HP,18726,347
PROD000569,Pearson Education 569,Books,Education,Pearson,38000,392
PROD000570,Samsung Mobiles 570,Electronics,Mobiles,Samsung,13605,355
PROD000571,Cult Fitness 571,Sports,Fitness,Cult,4210,51
PROD000572,McGraw Hill Education 572,Books,Education,McGraw Hill,60174,225
PROD000573,Biba Women 573,Fashion,Women,Biba,65071,495
PROD000574,IKEA Furniture 574,Home,Furniture,IKEA,6945,71
PROD000575,Penguin Fiction 575,Books,Fiction,Penguin,5553,214
PROD000576,Philips Kitchen 576,Home,Kitchen,Philips,21353,283
PROD000577,Penguin Fiction 577,Books,Fiction,Penguin,47142,99
PROD000578,Penguin Fiction 578,Books,Fiction,Penguin,48575,474
PROD000579,Apple Mobiles 579,Electronics,Mobiles,Apple,32077,127
PROD000580,HarperCollins Fiction 580,Books,Fiction,HarperCollins,30749,295
PROD000581,Decathlon Fitness 581,Sports,Fitness,Decathlon,14424,242
PROD000582,Godrej Furniture 582,Home,Furniture,Godrej,85280,261
PROD000583,Decathlon Fitness 583,Sports,Fitness,Decathlon,4763,176
PROD000584,Nike Men 584,Fashion,Men,Nike,88991,124
PROD000585,Nike Fitness 585,Sports,Fitness,Nike,83156,243
PROD000586,Pearson Education 586,Books,Education,Pearson,27052,488
PROD000587,Samsung Mobiles 587,Electronics,Mobiles,Samsung,7732,388
PROD000588,McGraw Hill Education 588,Books,Education,McGraw Hill,75667,17
PROD000589,Levis Men 589,Fashion,Men,Levis,81222,14
PROD000590,Decathlon Fitness 590,Sports,Fitness,Decathlon,9418,21
PROD000591,Adidas Men 591,Fashion,Men,Adidas,74868,155
PROD000592,Decathlon Fitness 592,Sports,Fitness,Decathlon,54031,104
PROD000593,Decathlon Fitness 593,Sports,Fitness,Decathlon,28098,336
PROD000594,Godrej Furniture 594,Home,Furniture,Godrej,1381,130
PROD000595,Cult Fitness 595,Sports,Fitness,Cult,38355,49
PROD000596,Sony Headphones 596,Electronics,Headphones,Sony,85269,346
PROD000597,Dell Laptops 597,Electronics,Laptops,Dell,47015,75
PROD000598,Sony Headphones 598,Electronics,Headphones,Sony,16801,416
PROD000599,Prestige Kitchen 599,Home,Kitchen,Prestige,79872,193
PROD000600,IKEA Furniture 600,Home,Furniture,IKEA,46362,353
PROD000601,IKEA Furniture 601,Home,Furniture,IKEA,31378,260
PROD000602,JBL Headphones 602,Electronics,Headphones,JBL,42869,271
PROD000603,Decathlon Fitness 603,Sports,Fitness,Decathlon,62653,132
PROD000604,HP Laptops 604,Electronics,Laptops,HP,37721,481
PROD000605,Samsung Mobiles 605,Electronics,Mobiles,Samsung,75615,241
PROD000606,Forever21 Women 606,Fashion,Women,Forever21,71171,371
PROD000607,Penguin Fiction 607,Books,Fiction,Penguin,28019,147
PROD000608,Godrej Furniture 608,Home,Furniture,Godrej,81191,241
PROD000609,McGraw Hill Education 609,Books,Education,McGraw Hill,53657,389
PROD000610,HarperCollins Fiction 610,Books,Fiction,HarperCollins,93134,87
PROD000611,Xiaomi Mobiles 611,Electronics,Mobiles,Xiaomi,63733,320
PROD000612,Cult Fitness 612,Sports,Fitness,Cult,79850,447
PROD000613,Cult Fitness 613,Sports,Fitness,Cult,94147,14
PROD000614,Pigeon Kitchen 614,Home,Kitchen,Pigeon,58740,29
PROD000615,Puma Men 615,Fashion,Men,Puma,72739,90
PROD000616,Adidas Men 616,Fashion,Men,Adidas,69001,244
PROD000617,OnePlus Mobiles 617,Electronics,Mobiles,OnePlus,67675,320
PROD000618,Sony Headphones 618,Electronics,Headphones,Sony,48908,69
PROD000619,Cult Fitness 619,Sports,Fitness,Cult,39938,18
PROD000620,Forever21 Women 620,Fashion,Women,Forever21,77147,223
PROD000621,Adidas Men 621,Fashion,Men,Adidas,59407,94
PROD000622,Zara Women 622,Fashion,Women,Zara,45427,460
PROD000623,Decathlon Fitness 623,Sports,Fitness,Decathlon,57689,218
PROD000624,Apple Headphones 624,Electronics,Headphones,Apple,38373,18
PROD000625,Decathlon Fitness 625,Sports,Fitness,Decathlon,31706,132
PROD000626,McGraw Hill Education 626,Books,Education,McGraw Hill,40827,377
PROD000627,Decathlon Fitness 627,Sports,Fitness,Decathlon,28606,97
PROD000628,Zara Women 628,Fashion,Women,Zara,5464,141
PROD000629,Penguin Fiction 629,Books,Fiction,Penguin,40086,469
PROD000630,Decathlon Fitness 630,Sports,Fitness,Decathlon,47102,407
PROD000631,Godrej Furniture 631,Home,Furniture,Godrej,90199,260
PROD000632,Pearson Education 632,Books,Education,Pearson,60105,368
PROD000633,Apple Mobiles 633,Electronics,Mobiles,Apple,18951,367
PROD000634,Forever21 Women 634,Fashion,Women,Forever21,17268,128
PROD000635,Pigeon Kitchen 635,Home,Kitchen,Pigeon,16267,413
PROD000636,Nike Fitness 636,Sports,Fitness,Nike,29757,303
PROD000637,Cult Fitness 637,Sports,Fitness,Cult,67931,289
PROD000638,Nike Fitness 638,Sports,Fitness,Nike,16412,412
PROD000639,Penguin Fiction 639,Books,Fiction,Penguin,89175,272
PROD000640,IKEA Furniture 640,Home,Furniture,IKEA,69205,284
PROD000641,Pearson Education 641,Books,Education,Pearson,70459,361
PROD000642,Apple Mobiles 642,Electronics,Mobiles,Apple,16328,194
PROD000643,Lenovo Laptops 643,Electronics,Laptops,Lenovo,48117,53
PROD000644,Decathlon Fitness 644,Sports,Fitness,Decathlon,2310,37
PROD000645,Decathlon Fitness 645,Sports,Fitness,Decathlon,8272,491
PROD000646,Cult Fitness 646,Sports,Fitness,Cult,31745,97
PROD000647,Philips Kitchen 647,Home,Kitchen,Philips,68516,313
PROD000648,Biba Women 648,Fashion,Women,Biba,97994,336
PROD000649,HarperCollins Fiction 649,Books,Fiction,HarperCollins,99649,450
PROD000650,Apple Laptops 650,Electronics,Laptops,Apple,31267,354
PROD000651,Godrej Furniture 651,Home,Furniture,Godrej,68016,246
PROD000652,Forever21 Women 652,Fashion,Women,Forever21,62458,496
PROD000653,Adidas Men 653,Fashion,Men,Adidas,70419,58
PROD000654,Philips Kitchen 654,Home,Kitchen,Philips,49918,305
PROD000655,McGraw Hill Education 655,Books,Education,McGraw Hill,87475,456
PROD000656,Godrej Furniture 656,Home,Furniture,Godrej,54377,51
PROD000657,Nike Fitness 657,Sports,Fitness,Nike,95720,49
PROD000658,Biba Women 658,Fashion,Women,Biba,29922,424
PROD000659,Pigeon Kitchen 659,Home,Kitchen,Pigeon,85888,317
PROD000660,McGraw Hill Education 660,Books,Education,McGraw Hill,99527,72
PROD000661,Apple Headphones 661,Electronics,Headphones,Apple,55394,452
PROD000662,Pigeon Kitchen 662,Home,Kitchen,Pigeon,71513,153
PROD000663,Decathlon Fitness 663,Sports,Fitness,Decathlon,25326,215
PROD000664,Levis Men 664,Fashion,Men,Levis,43258,307
PROD000665,Nike Fitness 665,Sports,Fitness,Nike,89874,92
PROD000666,Philips Kitchen 666,Home,Kitchen,Philips,99588,383
PROD000667,Lenovo Laptops 667,Electronics,Laptops,Lenovo,12556,142
PROD000668,Dell Laptops 668,Electronics,Laptops,Dell,3256,243
PROD000669,Godrej Furniture 669,Home,Furniture,Godrej,89211,110
PROD000670,Pearson Education 670,Books,Education,Pearson,44429,24
PROD000671,Pigeon Kitchen 671,Home,Kitchen,Pigeon,43350,36
PROD000672,McGraw Hill Education 672,Books,Education,McGraw Hill,6494,377
PROD000673,Prestige Kitchen 673,Home,Kitchen,Prestige,41456,431
PROD000674,Decathlon Fitness 674,Sports,Fitness,Decathlon,12888,58
PROD000675,Decathlon Fitness 675,Sports,Fitness,Decathlon,44956,297
PROD000676,HarperCollins Fiction 676,Books,Fiction,HarperCollins,11603,300
PROD000677,Cult Fitness 677,Sports,Fitness,Cult,74107,435
PROD000678,McGraw Hill Education 678,Books,Education,McGraw Hill,95429,186
PROD000679,Decathlon Fitness 679,Sports,Fitness,Decathlon,37183,42
PROD000680,Adidas Men 680,Fashion,Men,Adidas,86277,482
PROD000681,Godrej Furniture 681,Home,Furniture,Godrej,46754,146
PROD000682,Cult Fitness 682,Sports,Fitness,Cult,12435,129
PROD000683,H&M Women 683,Fashion,Women,H&M,24482,117
PROD000684,Philips Kitchen 684,Home,Kitchen,Philips,19764,190
PROD000685,Apple Laptops 685,Electronics,Laptops,Apple,45389,235
PROD000686,Durian Furniture 686,Home,Furniture,Durian,49688,364
PROD000687,Decathlon Fitness 687,Sports,Fitness,Decathlon,65896,333
PROD000688,Puma Men 688,Fashion,Men,Puma,17880,352
PROD000689,Puma Men 689,Fashion,Men,Puma,42068,130
PROD000690,Dell Laptops 690,Electronics,Laptops,Dell,628,251
PROD000691,Levis Men 691,Fashion,Men,Levis,42406,462
PROD000692,Nike Fitness 692,Sports,Fitness,Nike,73910,340
PROD000693,Forever21 Women 693,Fashion,Women,Forever21,41095,21
PROD000694,McGraw Hill Education 694,Books,Education,McGraw Hill,34503,338
PROD000695,H&M Women 695,Fashion,Women,H&M,69027,173
PROD000696,Prestige Kitchen 696,Home,Kitchen,Prestige,952,334
PROD000697,Pigeon Kitchen 697,Home,Kitchen,Pigeon,19867,66
PROD000698,Zara Women 698,Fashion,Women,Zara,21440,118
PROD000699,Nike Fitness 699,Sports,Fitness,Nike,23143,309
PROD000700,Philips Kitchen 700,Home,Kitchen,Philips,96165,135
PROD000701,Prestige Kitchen 701,Home,Kitchen,Prestige,78526,114
PROD000702,Godrej Furniture 702,Home,Furniture,Godrej,30578,183
PROD000703,Cult Fitness 703,Sports,Fitness,Cult,29709,402
PROD000704,Pigeon Kitchen 704,Home,Kitchen,Pigeon,61762,221
PROD000705,Pigeon Kitchen 705,Home,Kitchen,Pigeon,86232,40
PROD000706,OnePlus Mobiles 706,Electronics,Mobiles,OnePlus,53147,295
PROD000707,Durian Furniture 707,Home,Furniture,Durian,63838,91
PROD000708,Nike Fitness 708,Sports,Fitness,Nike,22376,346
PROD000709,Cult Fitness 709,Sports,Fitness,Cult,20782,20
PROD000710,Apple Laptops 710,Electronics,Laptops,Apple,86839,248
PROD000711,Durian Furniture 711,Home,Furniture,Durian,52325,129
PROD000712,Penguin Fiction 712,Books,Fiction,Penguin,58936,320
PROD000713,Forever21 Women 713,Fashion,Women,Forever21,15808,438
PROD000714,Dell Laptops 714,Electronics,Laptops,Dell,37942,129
PROD000715,Pearson Education 715,Books,Education,Pearson,43934,317
PROD000716,Pearson Education 716,Books,Education,Pearson,42658,71
PROD000717,HarperCollins Fiction 717,Books,Fiction,HarperCollins,18003,295
PROD000718,Adidas Men 718,Fashion,Men,Adidas,71783,325
PROD000719,Boat Headphones 719,Electronics,Headphones,Boat,41815,337
PROD000720,Pigeon Kitchen 720,Home,Kitchen,Pigeon,89269,342
PROD000721,Zara Women 721,Fashion,Women,Zara,92385,142
PROD000722,Apple Mobiles 722,Electronics,Mobiles,Apple,30685,372
PROD000723,HarperCollins Fiction 723,Books,Fiction,HarperCollins,98736,107
PROD000724,Nike Fitness 724,Sports,Fitness,Nike,84534,326
PROD000725,Xiaomi Mobiles 725,Electronics,Mobiles,Xiaomi,48089,160
PROD000726,HP Laptops 726,Electronics,Laptops,HP,74961,28
PROD000727,IKEA Furniture 727,Home,Furniture,IKEA,73539,29
PROD000728,Levis Men 728,Fashion,Men,Levis,84771,11
PROD000729,Penguin Fiction 729,Books,Fiction,Penguin,17328,306
PROD000730,Cult Fitness 730,Sports,Fitness,Cult,63986,7
PROD000731,Apple Headphones 731,Electronics,Headphones,Apple,69370,234
PROD000732,McGraw Hill Education 732,Books,Education,McGraw Hill,79398,416
PROD000733,Durian Furniture 733,Home,Furniture,Durian,43474,454
PROD000734,JBL Headphones 734,Electronics,Headphones,JBL,51413,206
PROD000735,Pearson Education 735,Books,Education,Pearson,95281,83
PROD000736,Nike Fitness 736,Sports,Fitness,Nike,80963,354
PROD000737,Pearson Education 737,Books,Education,Pearson,37602,95
PROD000738,Nike Men 738,Fashion,Men,Nike,35565,443
PROD000739,Prestige Kitchen 739,Home,Kitchen,Prestige,85150,472
PROD000740,Pearson Education 740,Books,Education,Pearson,82359,253
PROD000741,Pigeon Kitchen 741,Home,Kitchen,Pigeon,21879,51
PROD000742,Pearson Education 742,Books,Education,Pearson,36060,472
PROD000743,HarperCollins Fiction 743,Books,Fiction,HarperCollins,70185,499
PROD000744,Biba Women 744,Fashion,Women,Biba,13777,436
PROD000745,Zara Women 745,Fashion,Women,Zara,76285,433
PROD000746,H&M Women 746,Fashion,Women,H&M,83584,124
PROD000747,Levis Men 747,Fashion,Men,Levis,49079,80
PROD000748,Zara Women 748,Fashion,Women,Zara,46948,192
PROD000749,Philips Kitchen 749,Home,Kitchen,Philips,58826,375
PROD000750,Durian Furniture 750,Home,Furniture,Durian,39883,432
PROD000751,Decathlon Fitness 751,Sports,Fitness,Decathlon,27980,43
PROD000752,Levis Men 752,Fashion,Men,Levis,12968,196
PROD000753,Nike Men 753,Fashion,Men,Nike,65129,215
PROD000754,Levis Men 754,Fashion,Men,Levis,18536,472
PROD000755,Forever21 Women 755,Fashion,Women,Forever21,3769,457
PROD000756,Lenovo Laptops 756,Electronics,Laptops,Lenovo,53814,163
PROD000757,Puma Men 757,Fashion,Men,Puma,18041,88
PROD000758,Philips Kitchen 758,Home,Kitchen,Philips,68146,199
PROD000759,Penguin Fiction 759,Books,Fiction,Penguin,63552,449
PROD000760,McGraw Hill Education 760,Books,Education,McGraw Hill,22701,465
PROD000761,HarperCollins Fiction 761,Books,Fiction,HarperCollins,14326,453
PROD000762,Penguin Fiction 762,Books,Fiction,Penguin,69109,273
PROD000763,Dell Laptops 763,Electronics,Laptops,Dell,28671,218
PROD000764,Apple Headphones 764,Electronics,Headphones,Apple,74926,74
PROD000765,Apple Laptops 765,Electronics,Laptops,Apple,78008,171
PROD000766,Sony Headphones 766,Electronics,Headphones,Sony,32109,20
PROD000767,Philips Kitchen 767,Home,Kitchen,Philips,38258,140
PROD000768,HP Laptops 768,Electronics,Laptops,HP,36647,366
PROD000769,Decathlon Fitness 769,Sports,Fitness,Decathlon,39705,363
PROD000770,Nike Fitness 770,Sports,Fitness,Nike,73378,70
PROD000771,Durian Furniture 771,Home,Furniture,Durian,66289,435
PROD000772,JBL Headphones 772,Electronics,Headphones,JBL,57305,342
PROD000773,JBL Headphones 773,Electronics,Headphones,JBL,29235,53
PROD000774,McGraw Hill Education 774,Books,Education,McGraw Hill,41936,381
PROD000775,Pigeon Kitchen 775,Home,Kitchen,Pigeon,71905,88
PROD000776,HarperCollins Fiction 776,Books,Fiction,HarperCollins,13468,133
PROD000777,H&M Women 777,Fashion,Women,H&M,28164,330
PROD000778,Decathlon Fitness 778,Sports,Fitness,Decathlon,50006,101
PROD000779,Cult Fitness 779,Sports,Fitness,Cult,5151,57
PROD000780,Penguin Fiction 780,Books,Fiction,Penguin,87612,328
PROD000781,Decathlon Fitness 781,Sports,Fitness,Decathlon,76885,427
PROD000782,Puma Men 782,Fashion,Men,Puma,76015,137
PROD000783,Prestige Kitchen 783,Home,Kitchen,Prestige,18430,454
PROD000784,Lenovo Laptops 784,Electronics,Laptops,Lenovo,70055,493
PROD000785,Nike Fitness 785,Sports,Fitness,Nike,48617,397
PROD000786,Pearson Education 786,Books,Education,Pearson,93981,70
PROD000787,McGraw Hill Education 787,Books,Education,McGraw Hill,59530,116
PROD000788,Nike Fitness 788,Sports,Fitness,Nike,80559,63
PROD000789,Decathlon Fitness 789,Sports,Fitness,Decathlon,66834,415
PROD000790,Prestige Kitchen 790,Home,Kitchen,Prestige,6966,271
PROD000791,Pigeon Kitchen 791,Home,Kitchen,Pigeon,80331,283
PROD000792,HarperCollins Fiction 792,Books,Fiction,HarperCollins,54806,152
PROD000793,Godrej Furniture 793,Home,Furniture,Godrej,19659,353
PROD000794,Nike Men 794,Fashion,Men,Nike,67372,124
PROD000795,Philips Kitchen 795,Home,Kitchen,Philips,46177,208
PROD000796,HarperCollins Fiction 796,Books,Fiction,HarperCollins,80703,173
PROD000797,Prestige Kitchen 797,Home,Kitchen,Prestige,71043,185
PROD000798,Decathlon Fitness 798,Sports,Fitness,Decathlon,85545,60
PROD000799,Apple Laptops 799,Electronics,Laptops,Apple,61429,209
PROD000800,Penguin Fiction 800,Books,Fiction,Penguin,61627,223
PROD000801,Biba Women 801,Fashion,Women,Biba,79682,258
PROD000802,Pearson Education 802,Books,Education,Pearson,35099,360
PROD000803,Godrej Furniture 803,Home,Furniture,Godrej,88868,409
PROD000804,Adidas Men 804,Fashion,Men,Adidas,22240,484
PROD000805,Cult Fitness 805,Sports,Fitness,Cult,82192,412
PROD000806,Puma Men 806,Fashion,Men,Puma,10819,64
PROD000807,Pigeon Kitchen 807,Home,Kitchen,Pigeon,33286,157
PROD000808,Cult Fitness 808,Sports,Fitness,Cult,51285,454
PROD000809,HP Laptops 809,Electronics,Laptops,HP,21304,51
PROD000810,Nike Fitness 810,Sports,Fitness,Nike,7560,386
PROD000811,Decathlon Fitness 811,Sports,Fitness,Decathlon,81480,126
PROD000812,IKEA Furniture 812,Home,Furniture,IKEA,45788,444
PROD000813,Zara Women 813,Fashion,Women,Zara,79206,324
PROD000814,Dell Laptops 814,Electronics,Laptops,Dell,78886,81
PROD000815,McGraw Hill Education 815,Books,Education,McGraw Hill,44987,217
PROD000816,Prestige Kitchen 816,Home,Kitchen,Prestige,34314,386
PROD000817,McGraw Hill Education 817,Books,Education,McGraw Hill,96577,316
PROD000818,Pigeon Kitchen 818,Home,Kitchen,Pigeon,3761,13
PROD000819,IKEA Furniture 819,Home,Furniture,IKEA,86419,344
PROD000820,Nike Fitness 820,Sports,Fitness,Nike,60486,499
PROD000821,Nike Men 821,Fashion,Men,Nike,24812,128
PROD000822,Adidas Men 822,Fashion,Men,Adidas,42872,319
PROD000823,Durian Furniture 823,Home,Furniture,Durian,27322,47
PROD000824,Godrej Furniture 824,Home,Furniture,Godrej,71811,297
PROD000825,Decathlon Fitness 825,Sports,Fitness,Decathlon,87226,3
PROD000826,Philips Kitchen 826,Home,Kitchen,Philips,76922,186
PROD000827,Decathlon Fitness 827,Sports,Fitness,Decathlon,78768,166
PROD000828,Cult Fitness 828,Sports,Fitness,Cult,11672,297
PROD000829,Decathlon Fitness 829,Sports,Fitness,Decathlon,72277,389
PROD000830,McGraw Hill Education 830,Books,Education,McGraw Hill,58722,28
PROD000831,Philips Kitchen 831,Home,Kitchen,Philips,47178,346
PROD000832,Apple Headphones 832,Electronics,Headphones,Apple,69390,424
PROD000833,McGraw Hill Education 833,Books,Education,McGraw Hill,25768,125
PROD000834,Decathlon Fitness 834,Sports,Fitness,Decathlon,41822,336
PROD000835,Adidas Men 835,Fashion,Men,Adidas,25375,315
PROD000836,Biba Women 836,Fashion,Women,Biba,45882,390
PROD000837,Pearson Education 837,Books,Education,Pearson,12344,458
PROD000838,Godrej Furniture 838,Home,Furniture,Godrej,51031,190
PROD000839,Pearson Education 839,Books,Education,Pearson,97181,201
PROD000840,Apple Laptops 840,Electronics,Laptops,Apple,70761,434
PROD000841,Decathlon Fitness 841,Sports,Fitness,Decathlon,97182,265
PROD000842,Pigeon Kitchen 842,Home,Kitchen,Pigeon,91414,366
PROD000843,HarperCollins Fiction 843,Books,Fiction,HarperCollins,13501,397
PROD000844,Levis Men 844,Fashion,Men,Levis,63239,205
PROD000845,Nike Fitness 845,Sports,Fitness,Nike,72092,477
PROD000846,Puma Men 846,Fashion,Men,Puma,73329,163
PROD000847,Durian Furniture 847,Home,Furniture,Durian,25126,113
PROD000848,IKEA Furniture 848,Home,Furniture,IKEA,95093,475
PROD000849,Decathlon Fitness 849,Sports,Fitness,Decathlon,43546,331
PROD000850,Forever21 Women 850,Fashion,Women,Forever21,4494,113
PROD000851,Forever21 Women 851,Fashion,Women,Forever21,64936,65
PROD000852,HP Laptops 852,Electronics,Laptops,HP,93287,131
PROD000853,Puma Men 853,Fashion,Men,Puma,93765,330
PROD000854,Pigeon Kitchen 854,Home,Kitchen,Pigeon,87639,454
PROD000855,Boat Headphones 855,Electronics,Headphones,Boat,73219,221
PROD000856,Cult Fitness 856,Sports,Fitness,Cult,54666,56
PROD000857,Nike Fitness 857,Sports,Fitness,Nike,13481,169
PROD000858,Lenovo Laptops 858,Electronics,Laptops,Lenovo,2248,469
PROD000859,Cult Fitness 859,Sports,Fitness,Cult,69942,497
PROD000860,Godrej Furniture 860,Home,Furniture,Godrej,59485,249
PROD000861,Nike Fitness 861,Sports,Fitness,Nike,81351,195
PROD000862,Pigeon Kitchen 862,Home,Kitchen,Pigeon,5509,131
PROD000863,JBL Headphones 863,Electronics,Headphones,JBL,465,489
PROD000864,HarperCollins Fiction 864,Books,Fiction,HarperCollins,84808,192
PROD000865,Cult Fitness 865,Sports,Fitness,Cult,34168,295
PROD000866,IKEA Furniture 866,Home,Furniture,IKEA,68889,356
PROD000867,HarperCollins Fiction 867,Books,Fiction,HarperCollins,10834,453
PROD000868,Xiaomi Mobiles 868,Electronics,Mobiles,Xiaomi,31699,245
PROD000869,Pigeon Kitchen 869,Home,Kitchen,Pigeon,41916,497
PROD000870,Apple Laptops 870,Electronics,Laptops,Apple,6604,371
PROD000871,Dell Laptops 871,Electronics,Laptops,Dell,4177,333
PROD000872,Philips Kitchen 872,Home,Kitchen,Philips,16859,362
PROD000873,Pearson Education 873,Books,Education,Pearson,84333,457
PROD000874,Pigeon Kitchen 874,Home,Kitchen,Pigeon,63812,23
PROD000875,IKEA Furniture 875,Home,Furniture,IKEA,72912,347
PROD000876,IKEA Furniture 876,Home,Furniture,IKEA,90492,278
PROD000877,Nike Fitness 877,Sports,Fitness,Nike,70656,66
PROD000878,Cult Fitness 878,Sports,Fitness,Cult,86612,405
PROD000879,Nike Men 879,Fashion,Men,Nike,3827,277
PROD000880,IKEA Furniture 880,Home,Furniture,IKEA,66225,57
PROD000881,Lenovo Laptops 881,Electronics,Laptops,Lenovo,75805,224
PROD000882,Penguin Fiction 882,Books,Fiction,Penguin,35194,107
PROD000883,Cult Fitness 883,Sports,Fitness,Cult,65587,216
PROD000884,Levis Men 884,Fashion,Men,Levis,26988,381
PROD000885,Levis Men 885,Fashion,Men,Levis,28720,220
PROD000886,Boat Headphones 886,Electronics,Headphones,Boat,26144,123
PROD000887,Penguin Fiction 887,Books,Fiction,Penguin,71443,407
PROD000888,Godrej Furniture 888,Home,Furniture,Godrej,73881,453
PROD000889,Apple Mobiles 889,Electronics,Mobiles,Apple,14674,83
PROD000890,Penguin Fiction 890,Books,Fiction,Penguin,94566,286
PROD000891,HarperCollins Fiction 891,Books,Fiction,HarperCollins,56508,420
PROD000892,Levis Men 892,Fashion,Men,Levis,4648,178
PROD000893,Nike Men 893,Fashion,Men,Nike,22430,435
PROD000894,McGraw Hill Education 894,Books,Education,McGraw Hill,91261,137
PROD000895,McGraw Hill Education 895,Books,Education,McGraw Hill,8940,30
PROD000896,Apple Headphones 896,Electronics,Headphones,Apple,54594,142
PROD000897,Boat Headphones 897,Electronics,Headphones,Boat,9784,437
PROD000898,Xiaomi Mobiles 898,Electronics,Mobiles,Xiaomi,17378,445
PROD000899,IKEA Furniture 899,Home,Furniture,IKEA,20322,260
PROD000900,Apple Headphones 900,Electronics,Headphones,Apple,81425,163
PROD000901,HP Laptops 901,Electronics,Laptops,HP,62656,247
PROD000902,McGraw Hill Education 902,Books,Education,McGraw Hill,6828,59
PROD000903,Philips Kitchen 903,Home,Kitchen,Philips,16945,205
PROD000904,Puma Men 904,Fashion,Men,Puma,42817,490
PROD000905,Samsung Mobiles 905,Electronics,Mobiles,Samsung,6796,137
PROD000906,Penguin Fiction 906,Books,Fiction,Penguin,63276,388
PROD000907,Levis Men 907,Fashion,Men,Levis,42782,388
PROD000908,Samsung Mobiles 908,Electronics,Mobiles,Samsung,99661,167
PROD000909,Lenovo Laptops 909,Electronics,Laptops,Lenovo,70797,162
PROD000910,Biba Women 910,Fashion,Women,Biba,41671,141
PROD000911,Decathlon Fitness 911,Sports,Fitness,Decathlon,93687,214
PROD000912,Apple Mobiles 912,Electronics,Mobiles,Apple,10098,308
PROD000913,Nike Fitness 913,Sports,Fitness,Nike,8742,296
PROD000914,H&M Women 914,Fashion,Women,H&M,21498,410
PROD000915,Prestige Kitchen 915,Home,Kitchen,Prestige,89498,15
PROD000916,Pearson Education 916,Books,Education,Pearson,80953,366
PROD000917,Cult Fitness 917,Sports,Fitness,Cult,95195,228
PROD000918,Nike Fitness 918,Sports,Fitness,Nike,70002,84
PROD000919,Nike Fitness 919,Sports,Fitness,Nike,334,433
PROD000920,McGraw Hill Education 920,Books,Education,McGraw Hill,53817,38
PROD000921,Samsung Mobiles 921,Electronics,Mobiles,Samsung,23490,130
PROD000922,Cult Fitness 922,Sports,Fitness,Cult,56298,478
PROD000923,Philips Kitchen 923,Home,Kitchen,Philips,88374,22
PROD000924,HarperCollins Fiction 924,Books,Fiction,HarperCollins,94224,247
PROD000925,Penguin Fiction 925,Books,Fiction,Penguin,23164,259
PROD000926,Xiaomi Mobiles 926,Electronics,Mobiles,Xiaomi,21760,22
PROD000927,Dell Laptops 927,Electronics,Laptops,Dell,97953,429
PROD000928,Decathlon Fitness 928,Sports,Fitness,Decathlon,295,334
PROD000929,Durian Furniture 929,Home,Furniture,Durian,47431,332
PROD000930,Prestige Kitchen 930,Home,Kitchen,Prestige,51191,157
PROD000931,HarperCollins Fiction 931,Books,Fiction,HarperCollins,92376,260
PROD000932,Godrej Furniture 932,Home,Furniture,Godrej,27928,231
PROD000933,HP Laptops 933,Electronics,Laptops,HP,94056,283
PROD000934,McGraw Hill Education 934,Books,Education,McGraw Hill,2390,348
PROD000935,Biba Women 935,Fashion,Women,Biba,79365,51
PROD000936,IKEA Furniture 936,Home,Furniture,IKEA,74989,227
PROD000937,HarperCollins Fiction 937,Books,Fiction,HarperCollins,28597,179
PROD000938,Philips Kitchen 938,Home,Kitchen,Philips,47848,193
PROD000939,H&M Women 939,Fashion,Women,H&M,60038,500
PROD000940,H&M Women 940,Fashion,Women,H&M,14234,264
PROD000941,Boat Headphones 941,Electronics,Headphones,Boat,15212,4
PROD000942,HarperCollins Fiction 942,Books,Fiction,HarperCollins,27880,223
PROD000943,HarperCollins Fiction 943,Books,Fiction,HarperCollins,19736,7
PROD000944,Pigeon Kitchen 944,Home,Kitchen,Pigeon,58842,494
PROD000945,Nike Men 945,Fashion,Men,Nike,71745,8
PROD000946,Samsung Mobiles 946,Electronics,Mobiles,Samsung,47035,145
PROD000947,Prestige Kitchen 947,Home,Kitchen,Prestige,34169,28
PROD000948,Penguin Fiction 948,Books,Fiction,Penguin,64959,234
PROD000949,Decathlon Fitness 949,Sports,Fitness,Decathlon,75140,86
PROD000950,Penguin Fiction 950,Books,Fiction,Penguin,51993,407
PROD000951,Godrej Furniture 951,Home,Furniture,Godrej,23693,79
PROD000952,Cult Fitness 952,Sports,Fitness,Cult,56072,337
PROD000953,Apple Mobiles 953,Electronics,Mobiles,Apple,76969,262
PROD000954,IKEA Furniture 954,Home,Furniture,IKEA,58010,200
PROD000955,Nike Fitness 955,Sports,Fitness,Nike,56690,443
PROD000956,Penguin Fiction 956,Books,Fiction,Penguin,78263,50
PROD000957,IKEA Furniture 957,Home,Furniture,IKEA,25712,32
PROD000958,HarperCollins Fiction 958,Books,Fiction,HarperCollins,1562,85
PROD000959,Nike Men 959,Fashion,Men,Nike,70498,59
PROD000960,Nike Fitness 960,Sports,Fitness,Nike,56014,500
PROD000961,Nike Fitness 961,Sports,Fitness,Nike,35063,124
PROD000962,Apple Mobiles 962,Electronics,Mobiles,Apple,84028,456
PROD000963,Nike Fitness 963,Sports,Fitness,Nike,72986,389
PROD000964,Apple Mobiles 964,Electronics,Mobiles,Apple,6279,155
PROD000965,Nike Fitness 965,Sports,Fitness,Nike,35407,363
PROD000966,Puma Men 966,Fashion,Men,Puma,48883,485
PROD000967,Penguin Fiction 967,Books,Fiction,Penguin,74762,250
PROD000968,Adidas Men 968,Fashion,Men,Adidas,31016,62
PROD000969,Boat Headphones 969,Electronics,Headphones,Boat,21261,397
PROD000970,Cult Fitness 970,Sports,Fitness,Cult,71382,284
PROD000971,Decathlon Fitness 971,Sports,Fitness,Decathlon,94283,494
PROD000972,Decathlon Fitness 972,Sports,Fitness,Decathlon,14001,393
PROD000973,Forever21 Women 973,Fashion,Women,Forever21,13549,135
PROD000974,Penguin Fiction 974,Books,Fiction,Penguin,48254,307
PROD000975,Philips Kitchen 975,Home,Kitchen,Philips,74671,466
PROD000976,Philips Kitchen 976,Home,Kitchen,Philips,24129,494
PROD000977,Levis Men 977,Fashion,Men,Levis,1460,371
PROD000978,H&M Women 978,Fashion,Women,H&M,76981,208
PROD000979,Durian Furniture 979,Home,Furniture,Durian,95811,374
PROD000980,Nike Fitness 980,Sports,Fitness,Nike,51392,209
PROD000981,Lenovo Laptops 981,Electronics,Laptops,Lenovo,19544,77
PROD000982,Apple Mobiles 982,Electronics,Mobiles,Apple,22906,235
PROD000983,Zara Women 983,Fashion,Women,Zara,25878,340
PROD000984,Xiaomi Mobiles 984,Electronics,Mobiles,Xiaomi,61261,462
PROD000985,Sony Headphones 985,Electronics,Headphones,Sony,75130,152
PROD000986,Durian Furniture 986,Home,Furniture,Durian,5072,459
PROD000987,Decathlon Fitness 987,Sports,Fitness,Decathlon,32868,199
PROD000988,Cult Fitness 988,Sports,Fitness,Cult,48803,468
PROD000989,Durian Furniture 989,Home,Furniture,Durian,72286,386
PROD000990,Philips Kitchen 990,Home,Kitchen,Philips,68833,386
PROD000991,IKEA Furniture 991,Home,Furniture,IKEA,46190,370
PROD000992,Godrej Furniture 992,Home,Furniture,Godrej,98174,204
PROD000993,Cult Fitness 993,Sports,Fitness,Cult,30713,143
PROD000994,McGraw Hill Education 994,Books,Education,McGraw Hill,9890,302
PROD000995,Durian Furniture 995,Home,Furniture,Durian,74225,29
PROD000996,Apple Laptops 996,Electronics,Laptops,Apple,842,95
PROD000997,Dell Laptops 997,Electronics,Laptops,Dell,89649,259
PROD000998,Levis Men 998,Fashion,Men,Levis,78599,22
PROD000999,Nike Fitness 999,Sports,Fitness,Nike,27229,469
PROD001000,IKEA Furniture 1000,Home,Furniture,IKEA,57900,332
PROD001001,Decathlon Fitness 1001,Sports,Fitness,Decathlon,46620,494
PROD001002,Levis Men 1002,Fashion,Men,Levis,82268,455
PROD001003,OnePlus Mobiles 1003,Electronics,Mobiles,OnePlus,33789,46
PROD001004,Xiaomi Mobiles 1004,Electronics,Mobiles,Xiaomi,60640,272
PROD001005,Cult Fitness 1005,Sports,Fitness,Cult,42492,419
PROD001006,Durian Furniture 1006,Home,Furniture,Durian,97472,366
PROD001007,McGraw Hill Education 1007,Books,Education,McGraw Hill,26885,392
PROD001008,McGraw Hill Education 1008,Books,Education,McGraw Hill,75544,42
PROD001009,Nike Fitness 1009,Sports,Fitness,Nike,30188,27
PROD001010,Nike Fitness 1010,Sports,Fitness,Nike,69165,382
PROD001011,Pearson Education 1011,Books,Education,Pearson,62835,435
PROD001012,Nike Fitness 1012,Sports,Fitness,Nike,45642,73
PROD001013,Decathlon Fitness 1013,Sports,Fitness,Decathlon,21947,473
PROD001014,Apple Mobiles 1014,Electronics,Mobiles,Apple,20264,138
PROD001015,McGraw Hill Education 1015,Books,Education,McGraw Hill,17075,317
PROD001016,Apple Headphones 1016,Electronics,Headphones,Apple,38953,351
PROD001017,Samsung Mobiles 1017,Electronics,Mobiles,Samsung,70162,175
PROD001018,Apple Mobiles 1018,Electronics,Mobiles,Apple,83699,250
PROD001019,Dell Laptops 1019,Electronics,Laptops,Dell,29386,440
PROD001020,Godrej Furniture 1020,Home,Furniture,Godrej,32946,185
PROD001021,Cult Fitness 1021,Sports,Fitness,Cult,92787,445
PROD001022,Lenovo Laptops 1022,Electronics,Laptops,Lenovo,41924,324
PROD001023,Xiaomi Mobiles 1023,Electronics,Mobiles,Xiaomi,35169,379
PROD001024,Levis Men 1024,Fashion,Men,Levis,650,442
PROD001025,Decathlon Fitness 1025,Sports,Fitness,Decathlon,38169,268
PROD001026,Nike Fitness 1026,Sports,Fitness,Nike,9636,445
PROD001027,HarperCollins Fiction 1027,Books,Fiction,HarperCollins,7548,382
PROD001028,Pearson Education 1028,Books,Education,Pearson,76740,110
PROD001029,Cult Fitness 1029,Sports,Fitness,Cult,13720,53
PROD001030,Dell Laptops 1030,Electronics,Laptops,Dell,2261,58
PROD001031,HP Laptops 1031,Electronics,Laptops,HP,98285,131
PROD001032,IKEA Furniture 1032,Home,Furniture,IKEA,96746,336
PROD001033,Cult Fitness 1033,Sports,Fitness,Cult,825,373
PROD001034,HarperCollins Fiction 1034,Books,Fiction,HarperCollins,17873,171
PROD001035,Apple Laptops 1035,Electronics,Laptops,Apple,76574,440
PROD001036,OnePlus Mobiles 1036,Electronics,Mobiles,OnePlus,2181,18
PROD001037,Puma Men 1037,Fashion,Men,Puma,39129,301
PROD001038,Cult Fitness 1038,Sports,Fitness,Cult,48944,52
PROD001039,Decathlon Fitness 1039,Sports,Fitness,Decathlon,54016,320
PROD001040,Prestige Kitchen 1040,Home,Kitchen,Prestige,24413,480
PROD001041,IKEA Furniture 1041,Home,Furniture,IKEA,98549,425
PROD001042,OnePlus Mobiles 1042,Electronics,Mobiles,OnePlus,10177,139
PROD001043,HarperCollins Fiction 1043,Books,Fiction,HarperCollins,46501,116
PROD001044,H&M Women 1044,Fashion,Women,H&M,41325,236
PROD001045,Boat Headphones 1045,Electronics,Headphones,Boat,71029,9
PROD001046,Pearson Education 1046,Books,Education,Pearson,39150,9
PROD001047,Godrej Furniture 1047,Home,Furniture,Godrej,39601,275
PROD001048,McGraw Hill Education 1048,Books,Education,McGraw Hill,25239,149
PROD001049,Prestige Kitchen 1049,Home,Kitchen,Prestige,50619,168
PROD001050,Sony Headphones 1050,Electronics,Headphones,Sony,10965,79
PROD001051,Pearson Education 1051,Books,Education,Pearson,87705,82
PROD001052,Prestige Kitchen 1052,Home,Kitchen,Prestige,19792,492
PROD001053,Cult Fitness 1053,Sports,Fitness,Cult,58664,391
PROD001054,Boat Headphones 1054,Electronics,Headphones,Boat,63049,254
PROD001055,Nike Fitness 1055,Sports,Fitness,Nike,25123,485
PROD001056,Apple Laptops 1056,Electronics,Laptops,Apple,35438,298
PROD001057,HP Laptops 1057,Electronics,Laptops,HP,55374,59
PROD001058,Godrej Furniture 1058,Home,Furniture,Godrej,14540,470
PROD001059,Penguin Fiction 1059,Books,Fiction,Penguin,10834,118
PROD001060,HarperCollins Fiction 1060,Books,Fiction,HarperCollins,93313,73
PROD001061,Nike Fitness 1061,Sports,Fitness,Nike,29316,89
PROD001062,Decathlon Fitness 1062,Sports,Fitness,Decathlon,66447,200
PROD001063,Nike Fitness 1063,Sports,Fitness,Nike,82807,12
PROD001064,Zara Women 1064,Fashion,Women,Zara,9391,314
PROD001065,Penguin Fiction 1065,Books,Fiction,Penguin,21372,278
PROD001066,Dell Laptops 1066,Electronics,Laptops,Dell,61725,499
PROD001067,Pearson Education 1067,Books,Education,Pearson,47200,94
PROD001068,Philips Kitchen 1068,Home,Kitchen,Philips,94065,142
PROD001069,Penguin Fiction 1069,Books,Fiction,Penguin,21856,112
PROD001070,IKEA Furniture 1070,Home,Furniture,IKEA,25804,216
PROD001071,McGraw Hill Education 1071,Books,Education,McGraw Hill,20172,355
PROD001072,IKEA Furniture 1072,Home,Furniture,IKEA,42656,462
PROD001073,JBL Headphones 1073,Electronics,Headphones,JBL,28979,497
PROD001074,HP Laptops 1074,Electronics,Laptops,HP,91186,123
PROD001075,Cult Fitness 1075,Sports,Fitness,Cult,87108,1
PROD001076,OnePlus Mobiles 1076,Electronics,Mobiles,OnePlus,53859,319
PROD001077,Apple Headphones 1077,Electronics,Headphones,Apple,80152,53
PROD001078,Decathlon Fitness 1078,Sports,Fitness,Decathlon,26872,272
PROD001079,Godrej Furniture 1079,Home,Furniture,Godrej,35594,405
PROD001080,Decathlon Fitness 1080,Sports,Fitness,Decathlon,67199,113
PROD001081,H&M Women 1081,Fashion,Women,H&M,41488,420
PROD001082,Dell Laptops 1082,Electronics,Laptops,Dell,88755,310
PROD001083,HarperCollins Fiction 1083,Books,Fiction,HarperCollins,64320,474
PROD001084,Durian Furniture 1084,Home,Furniture,Durian,4758,32
PROD001085,Dell Laptops 1085,Electronics,Laptops,Dell,59079,62
PROD001086,Nike Fitness 1086,Sports,Fitness,Nike,29868,198
PROD001087,Forever21 Women 1087,Fashion,Women,Forever21,5987,350
PROD001088,H&M Women 1088,Fashion,Women,H&M,86017,473
PROD001089,Levis Men 1089,Fashion,Men,Levis,19487,77
PROD001090,Durian Furniture 1090,Home,Furniture,Durian,25417,285
PROD001091,Durian Furniture 1091,Home,Furniture,Durian,9458,66
PROD001092,Levis Men 1092,Fashion,Men,Levis,47383,378
PROD001093,Nike Fitness 1093,Sports,Fitness,Nike,27182,400
PROD001094,Durian Furniture 1094,Home,Furniture,Durian,40801,55
PROD001095,Levis Men 1095,Fashion,Men,Levis,2268,309
PROD001096,Puma Men 1096,Fashion,Men,Puma,68771,321
PROD001097,Forever21 Women 1097,Fashion,Women,Forever21,93472,383
PROD001098,Biba Women 1098,Fashion,Women,Biba,96984,398
PROD001099,Boat Headphones 1099,Electronics,Headphones,Boat,38919,331
PROD001100,McGraw Hill Education 1100,Books,Education,McGraw Hill,26916,82
PROD001101,Nike Fitness 1101,Sports,Fitness,Nike,37593,11
PROD001102,Zara Women 1102,Fashion,Women,Zara,12024,71
PROD001103,Cult Fitness 1103,Sports,Fitness,Cult,19738,478
PROD001104,Xiaomi Mobiles 1104,Electronics,Mobiles,Xiaomi,27036,208
PROD001105,Philips Kitchen 1105,Home,Kitchen,Philips,61983,191
PROD001106,Penguin Fiction 1106,Books,Fiction,Penguin,49590,206
PROD001107,Nike Fitness 1107,Sports,Fitness,Nike,60784,286
PROD001108,Sony Headphones 1108,Electronics,Headphones,Sony,89459,427
PROD001109,Zara Women 1109,Fashion,Women,Zara,31977,141
PROD001110,Apple Laptops 1110,Electronics,Laptops,Apple,3992,268
PROD001111,Durian Furniture 1111,Home,Furniture,Durian,72856,99
PROD001112,Levis Men 1112,Fashion,Men,Levis,25693,418
PROD001113,HarperCollins Fiction 1113,Books,Fiction,HarperCollins,21789,105
PROD001114,Apple Headphones 1114,Electronics,Headphones,Apple,65857,59
PROD001115,OnePlus Mobiles 1115,Electronics,Mobiles,OnePlus,1722,287
PROD001116,Cult Fitness 1116,Sports,Fitness,Cult,14354,452
PROD001117,Puma Men 1117,Fashion,Men,Puma,93656,55
PROD001118,IKEA Furniture 1118,Home,Furniture,IKEA,53107,16
PROD001119,Nike Fitness 1119,Sports,Fitness,Nike,85278,225
PROD001120,Prestige Kitchen 1120,Home,Kitchen,Prestige,94075,108
PROD001121,Lenovo Laptops 1121,Electronics,Laptops,Lenovo,89864,46
PROD001122,Samsung Mobiles 1122,Electronics,Mobiles,Samsung,40374,360
PROD001123,Lenovo Laptops 1123,Electronics,Laptops,Lenovo,78107,305
PROD001124,Decathlon Fitness 1124,Sports,Fitness,Decathlon,53823,200
PROD001125,Pigeon Kitchen 1125,Home,Kitchen,Pigeon,1937,351
PROD001126,Cult Fitness 1126,Sports,Fitness,Cult,32986,392
PROD001127,Penguin Fiction 1127,Books,Fiction,Penguin,65500,224
PROD001128,Philips Kitchen 1128,Home,Kitchen,Philips,94174,387
PROD001129,Nike Fitness 1129,Sports,Fitness,Nike,55451,3
PROD001130,Forever21 Women 1130,Fashion,Women,Forever21,10903,177
PROD001131,Cult Fitness 1131,Sports,Fitness,Cult,86948,202
PROD001132,Pearson Education 1132,Books,Education,Pearson,27431,42
PROD001133,HP Laptops 1133,Electronics,Laptops,HP,25546,437
PROD001134,McGraw Hill Education 1134,Books,Education,McGraw Hill,36903,203
PROD001135,Durian Furniture 1135,Home,Furniture,Durian,27107,192
PROD001136,Nike Fitness 1136,Sports,Fitness,Nike,6282,369
PROD001137,Zara Women 1137,Fashion,Women,Zara,55991,484
PROD001138,H&M Women 1138,Fashion,Women,H&M,78924,316
PROD001139,Philips Kitchen 1139,Home,Kitchen,Philips,79279,133
PROD001140,Nike Men 1140,Fashion,Men,Nike,67187,445
PROD001141,Durian Furniture 1141,Home,Furniture,Durian,17910,237
PROD001142,Godrej Furniture 1142,Home,Furniture,Godrej,48803,28
PROD001143,Boat Headphones 1143,Electronics,Headphones,Boat,81164,450
PROD001144,Cult Fitness 1144,Sports,Fitness,Cult,55243,476
PROD001145,HP Laptops 1145,Electronics,Laptops,HP,12278,103
PROD001146,Boat Headphones 1146,Electronics,Headphones,Boat,32681,187
PROD001147,Lenovo Laptops 1147,Electronics,Laptops,Lenovo,97367,397
PROD001148,Pearson Education 1148,Books,Education,Pearson,78136,186
PROD001149,Puma Men 1149,Fashion,Men,Puma,41815,51
PROD001150,Boat Headphones 1150,Electronics,Headphones,Boat,81079,418
PROD001151,Nike Men 1151,Fashion,Men,Nike,40939,455
PROD001152,Pearson Education 1152,Books,Education,Pearson,48173,119
PROD001153,Cult Fitness 1153,Sports,Fitness,Cult,43879,433
PROD001154,Pearson Education 1154,Books,Education,Pearson,82133,272
PROD001155,Sony Headphones 1155,Electronics,Headphones,Sony,18785,381
PROD001156,Philips Kitchen 1156,Home,Kitchen,Philips,23519,496
PROD001157,IKEA Furniture 1157,Home,Furniture,IKEA,61776,243
PROD001158,Penguin Fiction 1158,Books,Fiction,Penguin,26731,305
PROD001159,Cult Fitness 1159,Sports,Fitness,Cult,20922,65
PROD001160,Durian Furniture 1160,Home,Furniture,Durian,52643,77
PROD001161,Boat Headphones 1161,Electronics,Headphones,Boat,20429,306
PROD001162,Dell Laptops 1162,Electronics,Laptops,Dell,20140,31
PROD001163,Biba Women 1163,Fashion,Women,Biba,68579,168
PROD001164,McGraw Hill Education 1164,Books,Education,McGraw Hill,21277,32
PROD001165,Godrej Furniture 1165,Home,Furniture,Godrej,44350,62
PROD001166,Apple Laptops 1166,Electronics,Laptops,Apple,61606,352
PROD001167,Nike Fitness 1167,Sports,Fitness,Nike,68289,220
PROD001168,Decathlon Fitness 1168,Sports,Fitness,Decathlon,39939,287
PROD001169,Levis Men 1169,Fashion,Men,Levis,45154,464
PROD001170,Godrej Furniture 1170,Home,Furniture,Godrej,87711,152
PROD001171,Pigeon Kitchen 1171,Home,Kitchen,Pigeon,18348,448
PROD001172,Nike Fitness 1172,Sports,Fitness,Nike,54745,163
PROD001173,Penguin Fiction 1173,Books,Fiction,Penguin,13691,262
PROD001174,Nike Fitness 1174,Sports,Fitness,Nike,45722,404
PROD001175,Pigeon Kitchen 1175,Home,Kitchen,Pigeon,8306,171
PROD001176,Pigeon Kitchen 1176,Home,Kitchen,Pigeon,79437,387
PROD001177,H&M Women 1177,Fashion,Women,H&M,12414,476
PROD001178,Sony Headphones 1178,Electronics,Headphones,Sony,7099,163
PROD001179,Biba Women 1179,Fashion,Women,Biba,1646,252
PROD001180,HarperCollins Fiction 1180,Books,Fiction,HarperCollins,3892,271
PROD001181,Decathlon Fitness 1181,Sports,Fitness,Decathlon,47783,418
PROD001182,HP Laptops 1182,Electronics,Laptops,HP,8986,19
PROD001183,Durian Furniture 1183,Home,Furniture,Durian,92814,211
PROD001184,HarperCollins Fiction 1184,Books,Fiction,HarperCollins,52092,120
PROD001185,IKEA Furniture 1185,Home,Furniture,IKEA,60063,496
PROD001186,Nike Fitness 1186,Sports,Fitness,Nike,44529,460
PROD001187,IKEA Furniture 1187,Home,Furniture,IKEA,9102,360
PROD001188,Biba Women 1188,Fashion,Women,Biba,48438,43
PROD001189,IKEA Furniture 1189,Home,Furniture,IKEA,51673,473
PROD001190,Penguin Fiction 1190,Books,Fiction,Penguin,25218,307
PROD001191,McGraw Hill Education 1191,Books,Education,McGraw Hill,41410,356
PROD001192,Biba Women 1192,Fashion,Women,Biba,18725,209
PROD001193,Godrej Furniture 1193,Home,Furniture,Godrej,84422,249
PROD001194,Nike Fitness 1194,Sports,Fitness,Nike,91717,375
PROD001195,Pearson Education 1195,Books,Education,Pearson,62093,110
PROD001196,Prestige Kitchen 1196,Home,Kitchen,Prestige,76131,347
PROD001197,Nike Men 1197,Fashion,Men,Nike,93967,344
PROD001198,OnePlus Mobiles 1198,Electronics,Mobiles,OnePlus,65446,157
PROD001199,Puma Men 1199,Fashion,Men,Puma,97680,128
PROD001200,Cult Fitness 1200,Sports,Fitness,Cult,26862,116
PROD001201,Cult Fitness 1201,Sports,Fitness,Cult,3716,222
PROD001202,Apple Laptops 1202,Electronics,Laptops,Apple,76567,464
PROD001203,Nike Fitness 1203,Sports,Fitness,Nike,4494,379
PROD001204,Nike Fitness 1204,Sports,Fitness,Nike,33838,434
PROD001205,Prestige Kitchen 1205,Home,Kitchen,Prestige,47158,199
PROD001206,Boat Headphones 1206,Electronics,Headphones,Boat,84004,208
PROD001207,Prestige Kitchen 1207,Home,Kitchen,Prestige,95915,387
PROD001208,Godrej Furniture 1208,Home,Furniture,Godrej,32473,362
PROD001209,Cult Fitness 1209,Sports,Fitness,Cult,62756,327
PROD001210,HP Laptops 1210,Electronics,Laptops,HP,91129,331
PROD001211,McGraw Hill Education 1211,Books,Education,McGraw Hill,22624,272
PROD001212,Prestige Kitchen 1212,Home,Kitchen,Prestige,98640,62
PROD001213,Puma Men 1213,Fashion,Men,Puma,20823,386
PROD001214,Pearson Education 1214,Books,Education,Pearson,85799,359
PROD001215,H&M Women 1215,Fashion,Women,H&M,40722,195
PROD001216,Pearson Education 1216,Books,Education,Pearson,87664,89
PROD001217,Prestige Kitchen 1217,Home,Kitchen,Prestige,34588,408
PROD001218,Pearson Education 1218,Books,Education,Pearson,34546,369
PROD001219,Biba Women 1219,Fashion,Women,Biba,56446,49
PROD001220,Forever21 Women 1220,Fashion,Women,Forever21,64426,474
PROD001221,JBL Headphones 1221,Electronics,Headphones,JBL,17098,209
PROD001222,Lenovo Laptops 1222,Electronics,Laptops,Lenovo,30338,94
PROD001223,Decathlon Fitness 1223,Sports,Fitness,Decathlon,24326,292
PROD001224,McGraw Hill Education 1224,Books,Education,McGraw Hill,20047,117
PROD001225,Biba Women 1225,Fashion,Women,Biba,16511,244
PROD001226,JBL Headphones 1226,Electronics,Headphones,JBL,35761,195
PROD001227,Pearson Education 1227,Books,Education,Pearson,84363,451
PROD001228,McGraw Hill Education 1228,Books,Education,McGraw Hill,15660,326
PROD001229,Pearson Education 1229,Books,Education,Pearson,60682,474
PROD001230,Puma Men 1230,Fashion,Men,Puma,73664,251
PROD001231,Durian Furniture 1231,Home,Furniture,Durian,1737,10
PROD001232,Forever21 Women 1232,Fashion,Women,Forever21,24877,267
PROD001233,Apple Mobiles 1233,Electronics,Mobiles,Apple,86530,25
PROD001234,Nike Men 1234,Fashion,Men,Nike,29350,488
PROD001235,Nike Fitness 1235,Sports,Fitness,Nike,63410,205
PROD001236,Decathlon Fitness 1236,Sports,Fitness,Decathlon,37665,493
PROD001237,HarperCollins Fiction 1237,Books,Fiction,HarperCollins,62933,467
PROD001238,Nike Men 1238,Fashion,Men,Nike,32748,307
PROD001239,Durian Furniture 1239,Home,Furniture,Durian,8000,475
PROD001240,Puma Men 1240,Fashion,Men,Puma,83929,265
PROD001241,Penguin Fiction 1241,Books,Fiction,Penguin,33908,386
PROD001242,Godrej Furniture 1242,Home,Furniture,Godrej,27108,234
PROD001243,Apple Mobiles 1243,Electronics,Mobiles,Apple,48378,211
PROD001244,Pearson Education 1244,Books,Education,Pearson,67028,407
PROD001245,Cult Fitness 1245,Sports,Fitness,Cult,56795,347
PROD001246,Forever21 Women 1246,Fashion,Women,Forever21,61172,90
PROD001247,Cult Fitness 1247,Sports,Fitness,Cult,48263,331
PROD001248,Decathlon Fitness 1248,Sports,Fitness,Decathlon,55874,299
PROD001249,Pigeon Kitchen 1249,Home,Kitchen,Pigeon,73145,125
PROD001250,Pigeon Kitchen 1250,Home,Kitchen,Pigeon,54906,490
PROD001251,H&M Women 1251,Fashion,Women,H&M,65368,4
PROD001252,Forever21 Women 1252,Fashion,Women,Forever21,95474,65
PROD001253,HarperCollins Fiction 1253,Books,Fiction,HarperCollins,58539,53
PROD001254,IKEA Furniture 1254,Home,Furniture,IKEA,39489,215
PROD001255,H&M Women 1255,Fashion,Women,H&M,49084,13
PROD001256,Pearson Education 1256,Books,Education,Pearson,9305,50
PROD001257,Durian Furniture 1257,Home,Furniture,Durian,52531,382
PROD001258,Nike Men 1258,Fashion,Men,Nike,14576,271
PROD001259,Pearson Education 1259,Books,Education,Pearson,63780,140
PROD001260,Cult Fitness 1260,Sports,Fitness,Cult,41933,157
PROD001261,Nike Fitness 1261,Sports,Fitness,Nike,4521,490
PROD001262,HP Laptops 1262,Electronics,Laptops,HP,37881,485
PROD001263,McGraw Hill Education 1263,Books,Education,McGraw Hill,36439,284
PROD001264,H&M Women 1264,Fashion,Women,H&M,2432,425
PROD001265,Dell Laptops 1265,Electronics,Laptops,Dell,14413,380
PROD001266,Forever21 Women 1266,Fashion,Women,Forever21,51371,467
PROD001267,Philips Kitchen 1267,Home,Kitchen,Philips,10125,11
PROD001268,Decathlon Fitness 1268,Sports,Fitness,Decathlon,45907,291
PROD001269,Forever21 Women 1269,Fashion,Women,Forever21,84392,119
PROD001270,Xiaomi Mobiles 1270,Electronics,Mobiles,Xiaomi,94122,227
PROD001271,Decathlon Fitness 1271,Sports,Fitness,Decathlon,85588,163
PROD001272,Philips Kitchen 1272,Home,Kitchen,Philips,24663,339
PROD001273,McGraw Hill Education 1273,Books,Education,McGraw Hill,27186,232
PROD001274,Decathlon Fitness 1274,Sports,Fitness,Decathlon,17721,0
PROD001275,Cult Fitness 1275,Sports,Fitness,Cult,91500,439
PROD001276,OnePlus Mobiles 1276,Electronics,Mobiles,OnePlus,73025,358
PROD001277,Boat Headphones 1277,Electronics,Headphones,Boat,79737,300
PROD001278,Apple Mobiles 1278,Electronics,Mobiles,Apple,38298,130
PROD001279,Nike Fitness 1279,Sports,Fitness,Nike,62568,333
PROD001280,Pearson Education 1280,Books,Education,Pearson,85340,436
PROD001281,Decathlon Fitness 1281,Sports,Fitness,Decathlon,40743,396
PROD001282,Lenovo Laptops 1282,Electronics,Laptops,Lenovo,48652,104
PROD001283,Cult Fitness 1283,Sports,Fitness,Cult,75440,347
PROD001284,Cult Fitness 1284,Sports,Fitness,Cult,57552,106
PROD001285,Philips Kitchen 1285,Home,Kitchen,Philips,50190,19
PROD001286,Nike Fitness 1286,Sports,Fitness,Nike,93558,374
PROD001287,Samsung Mobiles 1287,Electronics,Mobiles,Samsung,75018,389
PROD001288,Decathlon Fitness 1288,Sports,Fitness,Decathlon,51070,232
PROD001289,Pigeon Kitchen 1289,Home,Kitchen,Pigeon,77925,254
PROD001290,Puma Men 1290,Fashion,Men,Puma,5476,449
PROD001291,Decathlon Fitness 1291,Sports,Fitness,Decathlon,19662,303
PROD001292,Pearson Education 1292,Books,Education,Pearson,812,214
PROD001293,Godrej Furniture 1293,Home,Furniture,Godrej,96573,422
PROD001294,Decathlon Fitness 1294,Sports,Fitness,Decathlon,5072,220
PROD001295,Durian Furniture 1295,Home,Furniture,Durian,716,380
PROD001296,Nike Fitness 1296,Sports,Fitness,Nike,62308,323
PROD001297,IKEA Furniture 1297,Home,Furniture,IKEA,27902,351
PROD001298,Philips Kitchen 1298,Home,Kitchen,Philips,77353,138
PROD001299,Nike Fitness 1299,Sports,Fitness,Nike,75639,236
PROD001300,Cult Fitness 1300,Sports,Fitness,Cult,39036,80
PROD001301,Pigeon Kitchen 1301,Home,Kitchen,Pigeon,50249,218
PROD001302,Prestige Kitchen 1302,Home,Kitchen,Prestige,8755,238
PROD001303,Decathlon Fitness 1303,Sports,Fitness,Decathlon,3361,331
PROD001304,HarperCollins Fiction 1304,Books,Fiction,HarperCollins,54538,221
PROD001305,Nike Fitness 1305,Sports,Fitness,Nike,59745,44
PROD001306,Pearson Education 1306,Books,Education,Pearson,97981,459
PROD001307,McGraw Hill Education 1307,Books,Education,McGraw Hill,23271,55
PROD001308,McGraw Hill Education 1308,Books,Education,McGraw Hill,44162,220
PROD001309,Forever21 Women 1309,Fashion,Women,Forever21,14162,196
PROD001310,HP Laptops 1310,Electronics,Laptops,HP,99942,208
PROD001311,Nike Fitness 1311,Sports,Fitness,Nike,85591,386
PROD001312,Puma Men 1312,Fashion,Men,Puma,37313,103
PROD001313,Durian Furniture 1313,Home,Furniture,Durian,54847,355
PROD001314,Nike Fitness 1314,Sports,Fitness,Nike,74860,419
PROD001315,Samsung Mobiles 1315,Electronics,Mobiles,Samsung,71294,123
PROD001316,HarperCollins Fiction 1316,Books,Fiction,HarperCollins,79905,270
PROD001317,Puma Men 1317,Fashion,Men,Puma,15415,308
PROD001318,Nike Fitness 1318,Sports,Fitness,Nike,34714,319
PROD001319,Sony Headphones 1319,Electronics,Headphones,Sony,71821,339
PROD001320,McGraw Hill Education 1320,Books,Education,McGraw Hill,20498,23
PROD001321,JBL Headphones 1321,Electronics,Headphones,JBL,25490,292
PROD001322,Xiaomi Mobiles 1322,Electronics,Mobiles,Xiaomi,64782,406
PROD001323,Nike Fitness 1323,Sports,Fitness,Nike,19659,157
PROD001324,Prestige Kitchen 1324,Home,Kitchen,Prestige,97048,12
PROD001325,Decathlon Fitness 1325,Sports,Fitness,Decathlon,89206,432
PROD001326,Godrej Furniture 1326,Home,Furniture,Godrej,81001,488
PROD001327,Decathlon Fitness 1327,Sports,Fitness,Decathlon,29294,345
PROD001328,Godrej Furniture 1328,Home,Furniture,Godrej,67905,345
PROD001329,Xiaomi Mobiles 1329,Electronics,Mobiles,Xiaomi,17187,218
PROD001330,Prestige Kitchen 1330,Home,Kitchen,Prestige,74196,328
PROD001331,Durian Furniture 1331,Home,Furniture,Durian,40788,169
PROD001332,Philips Kitchen 1332,Home,Kitchen,Philips,45139,231
PROD001333,Apple Mobiles 1333,Electronics,Mobiles,Apple,66782,339
PROD001334,Cult Fitness 1334,Sports,Fitness,Cult,24819,447
PROD001335,IKEA Furniture 1335,Home,Furniture,IKEA,97910,61
PROD001336,Penguin Fiction 1336,Books,Fiction,Penguin,54141,90
PROD001337,Samsung Mobiles 1337,Electronics,Mobiles,Samsung,92356,324
PROD001338,Nike Fitness 1338,Sports,Fitness,Nike,24503,114
PROD001339,H&M Women 1339,Fashion,Women,H&M,3059,270
PROD001340,Penguin Fiction 1340,Books,Fiction,Penguin,33682,455
PROD001341,Nike Fitness 1341,Sports,Fitness,Nike,55550,130
PROD001342,Nike Men 1342,Fashion,Men,Nike,88038,357
PROD001343,HarperCollins Fiction 1343,Books,Fiction,HarperCollins,60663,297
PROD001344,HarperCollins Fiction 1344,Books,Fiction,HarperCollins,96810,462
PROD001345,Godrej Furniture 1345,Home,Furniture,Godrej,6413,218
PROD001346,HarperCollins Fiction 1346,Books,Fiction,HarperCollins,59838,190
PROD001347,Biba Women 1347,Fashion,Women,Biba,7160,126
PROD001348,Sony Headphones 1348,Electronics,Headphones,Sony,56152,208
PROD001349,JBL Headphones 1349,Electronics,Headphones,JBL,19701,170
PROD001350,McGraw Hill Education 1350,Books,Education,McGraw Hill,40907,166
PROD001351,Decathlon Fitness 1351,Sports,Fitness,Decathlon,96459,157
PROD001352,IKEA Furniture 1352,Home,Furniture,IKEA,38438,95
PROD001353,Nike Fitness 1353,Sports,Fitness,Nike,59241,230
PROD001354,Durian Furniture 1354,Home,Furniture,Durian,77201,116
PROD001355,Puma Men 1355,Fashion,Men,Puma,21325,76
PROD001356,IKEA Furniture 1356,Home,Furniture,IKEA,79869,130
PROD001357,Xiaomi Mobiles 1357,Electronics,Mobiles,Xiaomi,99642,112
PROD001358,IKEA Furniture 1358,Home,Furniture,IKEA,59083,167
PROD001359,Philips Kitchen 1359,Home,Kitchen,Philips,60657,7
PROD001360,Penguin Fiction 1360,Books,Fiction,Penguin,52895,143
PROD001361,Boat Headphones 1361,Electronics,Headphones,Boat,3947,341
PROD001362,Xiaomi Mobiles 1362,Electronics,Mobiles,Xiaomi,64530,416
PROD001363,Xiaomi Mobiles 1363,Electronics,Mobiles,Xiaomi,95982,124
PROD001364,Boat Headphones 1364,Electronics,Headphones,Boat,54232,91
PROD001365,H&M Women 1365,Fashion,Women,H&M,74709,40
PROD001366,Cult Fitness 1366,Sports,Fitness,Cult,27869,434
PROD001367,Puma Men 1367,Fashion,Men,Puma,17095,405
PROD001368,Durian Furniture 1368,Home,Furniture,Durian,56024,396
PROD001369,Boat Headphones 1369,Electronics,Headphones,Boat,50641,193
PROD001370,Boat Headphones 1370,Electronics,Headphones,Boat,90304,84
PROD001371,Godrej Furniture 1371,Home,Furniture,Godrej,62725,404
PROD001372,Penguin Fiction 1372,Books,Fiction,Penguin,58274,339
PROD001373,Nike Men 1373,Fashion,Men,Nike,91836,60
PROD001374,Nike Fitness 1374,Sports,Fitness,Nike,71733,333
PROD001375,Levis Men 1375,Fashion,Men,Levis,18300,347
PROD001376,Decathlon Fitness 1376,Sports,Fitness,Decathlon,10124,87
PROD001377,Godrej Furniture 1377,Home,Furniture,Godrej,33225,354
PROD001378,Durian Furniture 1378,Home,Furniture,Durian,81305,101
PROD001379,Adidas Men 1379,Fashion,Men,Adidas,61384,123
PROD001380,Sony Headphones 1380,Electronics,Headphones,Sony,9559,180
PROD001381,Decathlon Fitness 1381,Sports,Fitness,Decathlon,99246,138
PROD001382,Godrej Furniture 1382,Home,Furniture,Godrej,47435,498
PROD001383,Pigeon Kitchen 1383,Home,Kitchen,Pigeon,72881,144
PROD001384,Samsung Mobiles 1384,Electronics,Mobiles,Samsung,23438,26
PROD001385,Adidas Men 1385,Fashion,Men,Adidas,71796,476
PROD001386,Pearson Education 1386,Books,Education,Pearson,77475,444
PROD001387,HarperCollins Fiction 1387,Books,Fiction,HarperCollins,9244,276
PROD001388,Forever21 Women 1388,Fashion,Women,Forever21,39638,264
PROD001389,Philips Kitchen 1389,Home,Kitchen,Philips,96497,163
PROD001390,Penguin Fiction 1390,Books,Fiction,Penguin,74835,392
PROD001391,IKEA Furniture 1391,Home,Furniture,IKEA,72006,194
PROD001392,McGraw Hill Education 1392,Books,Education,McGraw Hill,67945,114
PROD001393,H&M Women 1393,Fashion,Women,H&M,19426,374
PROD001394,Puma Men 1394,Fashion,Men,Puma,61990,499
PROD001395,Penguin Fiction 1395,Books,Fiction,Penguin,76671,432
PROD001396,Cult Fitness 1396,Sports,Fitness,Cult,13214,293
PROD001397,Boat Headphones 1397,Electronics,Headphones,Boat,65487,18
PROD001398,Prestige Kitchen 1398,Home,Kitchen,Prestige,3458,106
PROD001399,Sony Headphones 1399,Electronics,Headphones,Sony,86380,340
PROD001400,Penguin Fiction 1400,Books,Fiction,Penguin,39365,262
PROD001401,Sony Headphones 1401,Electronics,Headphones,Sony,53703,273
PROD001402,Levis Men 1402,Fashion,Men,Levis,40752,49
PROD001403,Cult Fitness 1403,Sports,Fitness,Cult,22582,194
PROD001404,Durian Furniture 1404,Home,Furniture,Durian,93983,45
PROD001405,Boat Headphones 1405,Electronics,Headphones,Boat,93282,30
PROD001406,Zara Women 1406,Fashion,Women,Zara,13078,273
PROD001407,Pigeon Kitchen 1407,Home,Kitchen,Pigeon,14724,52
PROD001408,Pearson Education 1408,Books,Education,Pearson,17380,57
PROD001409,Adidas Men 1409,Fashion,Men,Adidas,5532,85
PROD001410,Samsung Mobiles 1410,Electronics,Mobiles,Samsung,1833,54
PROD001411,Forever21 Women 1411,Fashion,Women,Forever21,59479,294
PROD001412,Durian Furniture 1412,Home,Furniture,Durian,9805,307
PROD001413,Prestige Kitchen 1413,Home,Kitchen,Prestige,55920,172
PROD001414,Apple Mobiles 1414,Electronics,Mobiles,Apple,25274,413
PROD001415,HarperCollins Fiction 1415,Books,Fiction,HarperCollins,79899,376
PROD001416,Nike Fitness 1416,Sports,Fitness,Nike,54214,222
PROD001417,Prestige Kitchen 1417,Home,Kitchen,Prestige,4001,291
PROD001418,Pearson Education 1418,Books,Education,Pearson,44669,261
PROD001419,Penguin Fiction 1419,Books,Fiction,Penguin,94399,53
PROD001420,Levis Men 1420,Fashion,Men,Levis,13340,494
PROD001421,McGraw Hill Education 1421,Books,Education,McGraw Hill,57786,448
PROD001422,Levis Men 1422,Fashion,Men,Levis,44581,390
PROD001423,Penguin Fiction 1423,Books,Fiction,Penguin,65979,224
PROD001424,Pearson Education 1424,Books,Education,Pearson,78071,84
PROD001425,Nike Men 1425,Fashion,Men,Nike,60408,103
PROD001426,Durian Furniture 1426,Home,Furniture,Durian,86142,485
PROD001427,Biba Women 1427,Fashion,Women,Biba,91308,194
PROD001428,Dell Laptops 1428,Electronics,Laptops,Dell,5201,397
PROD001429,Boat Headphones 1429,Electronics,Headphones,Boat,58885,362
PROD001430,Cult Fitness 1430,Sports,Fitness,Cult,7319,30
PROD001431,HarperCollins Fiction 1431,Books,Fiction,HarperCollins,30510,461
PROD001432,HarperCollins Fiction 1432,Books,Fiction,HarperCollins,93246,416
PROD001433,Apple Mobiles 1433,Electronics,Mobiles,Apple,66019,265
PROD001434,Apple Laptops 1434,Electronics,Laptops,Apple,23842,79
PROD001435,Lenovo Laptops 1435,Electronics,Laptops,Lenovo,93335,7
PROD001436,IKEA Furniture 1436,Home,Furniture,IKEA,69474,127
PROD001437,Pigeon Kitchen 1437,Home,Kitchen,Pigeon,53399,35
PROD001438,Adidas Men 1438,Fashion,Men,Adidas,87672,242
PROD001439,Penguin Fiction 1439,Books,Fiction,Penguin,83195,213
PROD001440,Pearson Education 1440,Books,Education,Pearson,41094,290
PROD001441,Puma Men 1441,Fashion,Men,Puma,40107,28
PROD001442,HarperCollins Fiction 1442,Books,Fiction,HarperCollins,86181,369
PROD001443,Godrej Furniture 1443,Home,Furniture,Godrej,51570,165
PROD001444,Nike Men 1444,Fashion,Men,Nike,66128,397
PROD001445,Decathlon Fitness 1445,Sports,Fitness,Decathlon,2673,197
PROD001446,Nike Fitness 1446,Sports,Fitness,Nike,50513,311
PROD001447,Cult Fitness 1447,Sports,Fitness,Cult,42738,147
PROD001448,Pearson Education 1448,Books,Education,Pearson,26437,152
PROD001449,Biba Women 1449,Fashion,Women,Biba,16104,48
PROD001450,Levis Men 1450,Fashion,Men,Levis,80566,131
PROD001451,Sony Headphones 1451,Electronics,Headphones,Sony,9368,9
PROD001452,Decathlon Fitness 1452,Sports,Fitness,Decathlon,87792,145
PROD001453,Philips Kitchen 1453,Home,Kitchen,Philips,29741,84
PROD001454,Pigeon Kitchen 1454,Home,Kitchen,Pigeon,78083,20
PROD001455,Boat Headphones 1455,Electronics,Headphones,Boat,76729,92
PROD001456,HarperCollins Fiction 1456,Books,Fiction,HarperCollins,7157,152
PROD001457,Decathlon Fitness 1457,Sports,Fitness,Decathlon,88529,33
PROD001458,HarperCollins Fiction 1458,Books,Fiction,HarperCollins,50492,63
PROD001459,Decathlon Fitness 1459,Sports,Fitness,Decathlon,62472,405
PROD001460,Penguin Fiction 1460,Books,Fiction,Penguin,61518,211
PROD001461,Apple Mobiles 1461,Electronics,Mobiles,Apple,17018,66
PROD001462,Forever21 Women 1462,Fashion,Women,Forever21,5389,203
PROD001463,H&M Women 1463,Fashion,Women,H&M,33663,376
PROD001464,HarperCollins Fiction 1464,Books,Fiction,HarperCollins,54387,162
PROD001465,Philips Kitchen 1465,Home,Kitchen,Philips,31792,455
PROD001466,IKEA Furniture 1466,Home,Furniture,IKEA,90751,377
PROD001467,Nike Fitness 1467,Sports,Fitness,Nike,28505,314
PROD001468,Cult Fitness 1468,Sports,Fitness,Cult,2866,379
PROD001469,Biba Women 1469,Fashion,Women,Biba,20235,22
PROD001470,Decathlon Fitness 1470,Sports,Fitness,Decathlon,37806,459
PROD001471,Penguin Fiction 1471,Books,Fiction,Penguin,53991,474
PROD001472,Decathlon Fitness 1472,Sports,Fitness,Decathlon,96404,388
PROD001473,Dell Laptops 1473,Electronics,Laptops,Dell,55044,104
PROD001474,Pigeon Kitchen 1474,Home,Kitchen,Pigeon,96987,283
PROD001475,Cult Fitness 1475,Sports,Fitness,Cult,83687,141
PROD001476,Durian Furniture 1476,Home,Furniture,Durian,49528,346
PROD001477,H&M Women 1477,Fashion,Women,H&M,14422,454
PROD001478,Durian Furniture 1478,Home,Furniture,Durian,16069,189
PROD001479,Decathlon Fitness 1479,Sports,Fitness,Decathlon,61774,404
PROD001480,Nike Men 1480,Fashion,Men,Nike,52955,443
PROD001481,Forever21 Women 1481,Fashion,Women,Forever21,90409,44
PROD001482,Nike Fitness 1482,Sports,Fitness,Nike,51079,440
PROD001483,Philips Kitchen 1483,Home,Kitchen,Philips,97026,6
PROD001484,Nike Fitness 1484,Sports,Fitness,Nike,16303,192
PROD001485,Xiaomi Mobiles 1485,Electronics,Mobiles,Xiaomi,87431,1
PROD001486,Pigeon Kitchen 1486,Home,Kitchen,Pigeon,70591,334
PROD001487,Puma Men 1487,Fashion,Men,Puma,39739,238
PROD001488,Penguin Fiction 1488,Books,Fiction,Penguin,18404,250
PROD001489,IKEA Furniture 1489,Home,Furniture,IKEA,32949,486
PROD001490,Nike Men 1490,Fashion,Men,Nike,73344,125
PROD001491,Penguin Fiction 1491,Books,Fiction,Penguin,37742,174
PROD001492,Xiaomi Mobiles 1492,Electronics,Mobiles,Xiaomi,85151,159
PROD001493,Cult Fitness 1493,Sports,Fitness,Cult,73101,164
PROD001494,Forever21 Women 1494,Fashion,Women,Forever21,71331,146
PROD001495,Decathlon Fitness 1495,Sports,Fitness,Decathlon,90793,11
PROD001496,Cult Fitness 1496,Sports,Fitness,Cult,95775,182
PROD001497,Pearson Education 1497,Books,Education,Pearson,2965,475
PROD001498,Decathlon Fitness 1498,Sports,Fitness,Decathlon,29091,396
PROD001499,Xiaomi Mobiles 1499,Electronics,Mobiles,Xiaomi,40148,287
PROD001500,Prestige Kitchen 1500,Home,Kitchen,Prestige,23639,55
PROD001501,OnePlus Mobiles 1501,Electronics,Mobiles,OnePlus,5982,246
PROD001502,Xiaomi Mobiles 1502,Electronics,Mobiles,Xiaomi,54526,378
PROD001503,McGraw Hill Education 1503,Books,Education,McGraw Hill,24949,117
PROD001504,Nike Men 1504,Fashion,Men,Nike,22786,458
PROD001505,Penguin Fiction 1505,Books,Fiction,Penguin,28973,57
PROD001506,Lenovo Laptops 1506,Electronics,Laptops,Lenovo,48516,22
PROD001507,IKEA Furniture 1507,Home,Furniture,IKEA,87446,325
PROD001508,Prestige Kitchen 1508,Home,Kitchen,Prestige,46910,147
PROD001509,Nike Fitness 1509,Sports,Fitness,Nike,92268,215
PROD001510,Philips Kitchen 1510,Home,Kitchen,Philips,95788,486
PROD001511,Philips Kitchen 1511,Home,Kitchen,Philips,54406,322
PROD001512,Biba Women 1512,Fashion,Women,Biba,94851,313
PROD001513,Samsung Mobiles 1513,Electronics,Mobiles,Samsung,30783,13
PROD001514,McGraw Hill Education 1514,Books,Education,McGraw Hill,78015,133
PROD001515,Pearson Education 1515,Books,Education,Pearson,45939,386
PROD001516,Boat Headphones 1516,Electronics,Headphones,Boat,28524,143
PROD001517,Lenovo Laptops 1517,Electronics,Laptops,Lenovo,32805,364
PROD001518,H&M Women 1518,Fashion,Women,H&M,6881,449
PROD001519,Nike Fitness 1519,Sports,Fitness,Nike,45443,320
PROD001520,Godrej Furniture 1520,Home,Furniture,Godrej,83136,56
PROD001521,Biba Women 1521,Fashion,Women,Biba,65548,327
PROD001522,Forever21 Women 1522,Fashion,Women,Forever21,68365,149
PROD001523,Nike Fitness 1523,Sports,Fitness,Nike,76454,461
PROD001524,HarperCollins Fiction 1524,Books,Fiction,HarperCollins,74274,445
PROD001525,HarperCollins Fiction 1525,Books,Fiction,HarperCollins,83851,477
PROD001526,Decathlon Fitness 1526,Sports,Fitness,Decathlon,85359,26
PROD001527,Biba Women 1527,Fashion,Women,Biba,65251,427
PROD001528,Nike Fitness 1528,Sports,Fitness,Nike,44538,126
PROD001529,Lenovo Laptops 1529,Electronics,Laptops,Lenovo,76915,13
PROD001530,Decathlon Fitness 1530,Sports,Fitness,Decathlon,13198,68
PROD001531,Godrej Furniture 1531,Home,Furniture,Godrej,68350,153
PROD001532,Apple Laptops 1532,Electronics,Laptops,Apple,49501,212
PROD001533,Levis Men 1533,Fashion,Men,Levis,47075,463
PROD001534,Prestige Kitchen 1534,Home,Kitchen,Prestige,68055,391
PROD001535,Lenovo Laptops 1535,Electronics,Laptops,Lenovo,96580,104
PROD001536,Lenovo Laptops 1536,Electronics,Laptops,Lenovo,69584,405
PROD001537,Levis Men 1537,Fashion,Men,Levis,84969,386
PROD001538,McGraw Hill Education 1538,Books,Education,McGraw Hill,93551,176
PROD001539,Apple Laptops 1539,Electronics,Laptops,Apple,81084,368
PROD001540,Nike Fitness 1540,Sports,Fitness,Nike,25174,17
PROD001541,Pigeon Kitchen 1541,Home,Kitchen,Pigeon,97458,91
PROD001542,McGraw Hill Education 1542,Books,Education,McGraw Hill,34694,311
PROD001543,Forever21 Women 1543,Fashion,Women,Forever21,61159,429
PROD001544,Puma Men 1544,Fashion,Men,Puma,12948,324
PROD001545,Pigeon Kitchen 1545,Home,Kitchen,Pigeon,83289,32
PROD001546,Penguin Fiction 1546,Books,Fiction,Penguin,58336,482
PROD001547,McGraw Hill Education 1547,Books,Education,McGraw Hill,79589,278
PROD001548,Pigeon Kitchen 1548,Home,Kitchen,Pigeon,72220,410
PROD001549,Adidas Men 1549,Fashion,Men,Adidas,69367,255
PROD001550,Adidas Men 1550,Fashion,Men,Adidas,14396,140
PROD001551,IKEA Furniture 1551,Home,Furniture,IKEA,37934,86
PROD001552,McGraw Hill Education 1552,Books,Education,McGraw Hill,44124,436
PROD001553,McGraw Hill Education 1553,Books,Education,McGraw Hill,10954,358
PROD001554,Levis Men 1554,Fashion,Men,Levis,21743,410
PROD001555,Philips Kitchen 1555,Home,Kitchen,Philips,12659,15
PROD001556,Penguin Fiction 1556,Books,Fiction,Penguin,83104,165
PROD001557,Philips Kitchen 1557,Home,Kitchen,Philips,69770,228
PROD001558,Pearson Education 1558,Books,Education,Pearson,99590,248
PROD001559,HarperCollins Fiction 1559,Books,Fiction,HarperCollins,94445,295
PROD001560,McGraw Hill Education 1560,Books,Education,McGraw Hill,80892,188
PROD001561,Sony Headphones 1561,Electronics,Headphones,Sony,34926,240
PROD001562,Adidas Men 1562,Fashion,Men,Adidas,29129,431
PROD001563,Philips Kitchen 1563,Home,Kitchen,Philips,90115,234
PROD001564,Nike Men 1564,Fashion,Men,Nike,47414,169
PROD001565,Sony Headphones 1565,Electronics,Headphones,Sony,80694,134
PROD001566,Decathlon Fitness 1566,Sports,Fitness,Decathlon,20411,368
PROD001567,Durian Furniture 1567,Home,Furniture,Durian,28913,362
PROD001568,HarperCollins Fiction 1568,Books,Fiction,HarperCollins,60718,45
PROD001569,HarperCollins Fiction 1569,Books,Fiction,HarperCollins,33703,358
PROD001570,McGraw Hill Education 1570,Books,Education,McGraw Hill,81731,242
PROD001571,Puma Men 1571,Fashion,Men,Puma,82639,131
PROD001572,Forever21 Women 1572,Fashion,Women,Forever21,76271,363
PROD001573,Dell Laptops 1573,Electronics,Laptops,Dell,62867,32
PROD001574,OnePlus Mobiles 1574,Electronics,Mobiles,OnePlus,14364,179
PROD001575,Philips Kitchen 1575,Home,Kitchen,Philips,79752,395
PROD001576,Penguin Fiction 1576,Books,Fiction,Penguin,37291,228
PROD001577,Pearson Education 1577,Books,Education,Pearson,34108,202
PROD001578,Dell Laptops 1578,Electronics,Laptops,Dell,67109,127
PROD001579,HarperCollins Fiction 1579,Books,Fiction,HarperCollins,73401,53
PROD001580,Levis Men 1580,Fashion,Men,Levis,17134,276
PROD001581,Durian Furniture 1581,Home,Furniture,Durian,45430,330
PROD001582,HP Laptops 1582,Electronics,Laptops,HP,81464,55
PROD001583,Nike Fitness 1583,Sports,Fitness,Nike,98063,434
PROD001584,Nike Fitness 1584,Sports,Fitness,Nike,5551,283
PROD001585,Levis Men 1585,Fashion,Men,Levis,15709,85
PROD001586,Nike Men 1586,Fashion,Men,Nike,23456,178
PROD001587,HarperCollins Fiction 1587,Books,Fiction,HarperCollins,47538,472
PROD001588,HarperCollins Fiction 1588,Books,Fiction,HarperCollins,91732,458
PROD001589,OnePlus Mobiles 1589,Electronics,Mobiles,OnePlus,18924,160
PROD001590,Prestige Kitchen 1590,Home,Kitchen,Prestige,51358,427
PROD001591,Decathlon Fitness 1591,Sports,Fitness,Decathlon,99991,135
PROD001592,Philips Kitchen 1592,Home,Kitchen,Philips,3984,490
PROD001593,Durian Furniture 1593,Home,Furniture,Durian,59263,390
PROD001594,Apple Laptops 1594,Electronics,Laptops,Apple,6628,231
PROD001595,Durian Furniture 1595,Home,Furniture,Durian,99805,81
PROD001596,Adidas Men 1596,Fashion,Men,Adidas,32299,383
PROD001597,Nike Fitness 1597,Sports,Fitness,Nike,83259,63
PROD001598,Apple Mobiles 1598,Electronics,Mobiles,Apple,50949,40
PROD001599,Pigeon Kitchen 1599,Home,Kitchen,Pigeon,8783,475
PROD001600,Boat Headphones 1600,Electronics,Headphones,Boat,58952,189
PROD001601,Forever21 Women 1601,Fashion,Women,Forever21,58442,137
PROD001602,Durian Furniture 1602,Home,Furniture,Durian,23847,107
PROD001603,HarperCollins Fiction 1603,Books,Fiction,HarperCollins,19001,31
PROD001604,Durian Furniture 1604,Home,Furniture,Durian,4120,283
PROD001605,Penguin Fiction 1605,Books,Fiction,Penguin,71874,356
PROD001606,Nike Fitness 1606,Sports,Fitness,Nike,22648,463
PROD001607,Cult Fitness 1607,Sports,Fitness,Cult,6927,153
PROD001608,IKEA Furniture 1608,Home,Furniture,IKEA,30182,19
PROD001609,Cult Fitness 1609,Sports,Fitness,Cult,54045,342
PROD001610,Dell Laptops 1610,Electronics,Laptops,Dell,80838,189
PROD001611,HarperCollins Fiction 1611,Books,Fiction,HarperCollins,5351,152
PROD001612,H&M Women 1612,Fashion,Women,H&M,86626,226
PROD001613,Forever21 Women 1613,Fashion,Women,Forever21,54604,466
PROD001614,Pigeon Kitchen 1614,Home,Kitchen,Pigeon,84465,409
PROD001615,Durian Furniture 1615,Home,Furniture,Durian,80149,326
PROD001616,Cult Fitness 1616,Sports,Fitness,Cult,49091,414
PROD001617,Forever21 Women 1617,Fashion,Women,Forever21,16018,152
PROD001618,Adidas Men 1618,Fashion,Men,Adidas,50210,447
PROD001619,Samsung Mobiles 1619,Electronics,Mobiles,Samsung,13051,119
PROD001620,McGraw Hill Education 1620,Books,Education,McGraw Hill,39730,89
PROD001621,McGraw Hill Education 1621,Books,Education,McGraw Hill,56556,239
PROD001622,Adidas Men 1622,Fashion,Men,Adidas,46507,40
PROD001623,Decathlon Fitness 1623,Sports,Fitness,Decathlon,38702,404
PROD001624,Cult Fitness 1624,Sports,Fitness,Cult,4133,176
PROD001625,Decathlon Fitness 1625,Sports,Fitness,Decathlon,41136,402
PROD001626,Apple Laptops 1626,Electronics,Laptops,Apple,6649,341
PROD001627,Pearson Education 1627,Books,Education,Pearson,28323,240
PROD001628,Decathlon Fitness 1628,Sports,Fitness,Decathlon,14294,242
PROD001629,Samsung Mobiles 1629,Electronics,Mobiles,Samsung,26789,281
PROD001630,Forever21 Women 1630,Fashion,Women,Forever21,76405,304
PROD001631,Apple Laptops 1631,Electronics,Laptops,Apple,33464,496
PROD001632,Durian Furniture 1632,Home,Furniture,Durian,59065,398
PROD001633,Philips Kitchen 1633,Home,Kitchen,Philips,62825,48
PROD001634,Penguin Fiction 1634,Books,Fiction,Penguin,5655,54
PROD001635,HarperCollins Fiction 1635,Books,Fiction,HarperCollins,11600,481
PROD001636,IKEA Furniture 1636,Home,Furniture,IKEA,59321,88
PROD001637,H&M Women 1637,Fashion,Women,H&M,8829,253
PROD001638,Decathlon Fitness 1638,Sports,Fitness,Decathlon,59167,17
PROD001639,Nike Men 1639,Fashion,Men,Nike,17773,233
PROD001640,H&M Women 1640,Fashion,Women,H&M,84323,233
PROD001641,Biba Women 1641,Fashion,Women,Biba,84331,445
PROD001642,Penguin Fiction 1642,Books,Fiction,Penguin,38668,108
PROD001643,Cult Fitness 1643,Sports,Fitness,Cult,30366,344
PROD001644,Sony Headphones 1644,Electronics,Headphones,Sony,1727,437
PROD001645,Pigeon Kitchen 1645,Home,Kitchen,Pigeon,13666,123
PROD001646,H&M Women 1646,Fashion,Women,H&M,13245,323
PROD001647,HarperCollins Fiction 1647,Books,Fiction,HarperCollins,95631,363
PROD001648,Cult Fitness 1648,Sports,Fitness,Cult,32625,310
PROD001649,IKEA Furniture 1649,Home,Furniture,IKEA,27303,282
PROD001650,Lenovo Laptops 1650,Electronics,Laptops,Lenovo,15942,79
PROD001651,Pearson Education 1651,Books,Education,Pearson,26984,54
PROD001652,Nike Fitness 1652,Sports,Fitness,Nike,63704,202
PROD001653,IKEA Furniture 1653,Home,Furniture,IKEA,93568,405
PROD001654,Philips Kitchen 1654,Home,Kitchen,Philips,48987,198
PROD001655,Philips Kitchen 1655,Home,Kitchen,Philips,6787,66
PROD001656,Samsung Mobiles 1656,Electronics,Mobiles,Samsung,51606,86
PROD001657,Apple Headphones 1657,Electronics,Headphones,Apple,11881,350
PROD001658,Philips Kitchen 1658,Home,Kitchen,Philips,520,188
PROD001659,HarperCollins Fiction 1659,Books,Fiction,HarperCollins,69207,335
PROD001660,Nike Fitness 1660,Sports,Fitness,Nike,11078,122
PROD001661,Apple Mobiles 1661,Electronics,Mobiles,Apple,11211,251
PROD001662,Durian Furniture 1662,Home,Furniture,Durian,37459,161
PROD001663,Pearson Education 1663,Books,Education,Pearson,21962,25
PROD001664,Pearson Education 1664,Books,Education,Pearson,2521,60
PROD001665,IKEA Furniture 1665,Home,Furniture,IKEA,15101,192
PROD001666,HP Laptops 1666,Electronics,Laptops,HP,93682,314
PROD001667,Dell Laptops 1667,Electronics,Laptops,Dell,96181,253
PROD001668,Boat Headphones 1668,Electronics,Headphones,Boat,10868,281
PROD001669,Dell Laptops 1669,Electronics,Laptops,Dell,30439,38
PROD001670,Cult Fitness 1670,Sports,Fitness,Cult,12377,488
PROD001671,Pearson Education 1671,Books,Education,Pearson,71521,15
PROD001672,IKEA Furniture 1672,Home,Furniture,IKEA,84500,199
PROD001673,Nike Fitness 1673,Sports,Fitness,Nike,14013,331
PROD001674,Sony Headphones 1674,Electronics,Headphones,Sony,64683,174
PROD001675,Nike Fitness 1675,Sports,Fitness,Nike,88623,315
PROD001676,Decathlon Fitness 1676,Sports,Fitness,Decathlon,66683,43
PROD001677,Puma Men 1677,Fashion,Men,Puma,63049,366
PROD001678,Decathlon Fitness 1678,Sports,Fitness,Decathlon,42040,53
PROD001679,Apple Headphones 1679,Electronics,Headphones,Apple,27498,441
PROD001680,JBL Headphones 1680,Electronics,Headphones,JBL,64003,314
PROD001681,Cult Fitness 1681,Sports,Fitness,Cult,85201,408
PROD001682,Pigeon Kitchen 1682,Home,Kitchen,Pigeon,61113,167
PROD001683,Levis Men 1683,Fashion,Men,Levis,60719,489
PROD001684,Pigeon Kitchen 1684,Home,Kitchen,Pigeon,89117,380
PROD001685,Samsung Mobiles 1685,Electronics,Mobiles,Samsung,58200,339
PROD001686,Nike Fitness 1686,Sports,Fitness,Nike,58241,156
PROD001687,Lenovo Laptops 1687,Electronics,Laptops,Lenovo,35652,404
PROD001688,Decathlon Fitness 1688,Sports,Fitness,Decathlon,52765,30
PROD001689,Forever21 Women 1689,Fashion,Women,Forever21,84316,254
PROD001690,Dell Laptops 1690,Electronics,Laptops,Dell,30726,19
PROD001691,Durian Furniture 1691,Home,Furniture,Durian,11943,78
PROD001692,Nike Fitness 1692,Sports,Fitness,Nike,73315,383
PROD001693,IKEA Furniture 1693,Home,Furniture,IKEA,35522,12
PROD001694,Decathlon Fitness 1694,Sports,Fitness,Decathlon,96661,2
PROD001695,Lenovo Laptops 1695,Electronics,Laptops,Lenovo,71383,338
PROD001696,Pearson Education 1696,Books,Education,Pearson,35244,104
PROD001697,Decathlon Fitness 1697,Sports,Fitness,Decathlon,80882,185
PROD001698,Decathlon Fitness 1698,Sports,Fitness,Decathlon,79648,297
PROD001699,Biba Women 1699,Fashion,Women,Biba,5109,218
PROD001700,Decathlon Fitness 1700,Sports,Fitness,Decathlon,77309,171
PROD001701,Xiaomi Mobiles 1701,Electronics,Mobiles,Xiaomi,38036,140
PROD001702,Decathlon Fitness 1702,Sports,Fitness,Decathlon,56522,435
PROD001703,McGraw Hill Education 1703,Books,Education,McGraw Hill,48234,428
PROD001704,Xiaomi Mobiles 1704,Electronics,Mobiles,Xiaomi,54673,497
PROD001705,IKEA Furniture 1705,Home,Furniture,IKEA,61919,288
PROD001706,Decathlon Fitness 1706,Sports,Fitness,Decathlon,67744,98
PROD001707,Zara Women 1707,Fashion,Women,Zara,58200,74
PROD001708,Penguin Fiction 1708,Books,Fiction,Penguin,41678,398
PROD001709,Zara Women 1709,Fashion,Women,Zara,75328,60
PROD001710,IKEA Furniture 1710,Home,Furniture,IKEA,38572,233
PROD001711,Philips Kitchen 1711,Home,Kitchen,Philips,8715,404
PROD001712,McGraw Hill Education 1712,Books,Education,McGraw Hill,99469,399
PROD001713,H&M Women 1713,Fashion,Women,H&M,76281,27
PROD001714,Lenovo Laptops 1714,Electronics,Laptops,Lenovo,42703,291
PROD001715,Durian Furniture 1715,Home,Furniture,Durian,95531,300
PROD001716,Nike Fitness 1716,Sports,Fitness,Nike,2935,391
PROD001717,Penguin Fiction 1717,Books,Fiction,Penguin,86101,216
PROD001718,Apple Laptops 1718,Electronics,Laptops,Apple,10536,339
PROD001719,McGraw Hill Education 1719,Books,Education,McGraw Hill,63252,32
PROD001720,Forever21 Women 1720,Fashion,Women,Forever21,77552,464
PROD001721,Philips Kitchen 1721,Home,Kitchen,Philips,58075,60
PROD001722,Puma Men 1722,Fashion,Men,Puma,24382,35
PROD001723,Biba Women 1723,Fashion,Women,Biba,99872,268
PROD001724,Nike Fitness 1724,Sports,Fitness,Nike,94535,186
PROD001725,Apple Headphones 1725,Electronics,Headphones,Apple,19126,297
PROD001726,Boat Headphones 1726,Electronics,Headphones,Boat,72168,410
PROD001727,Decathlon Fitness 1727,Sports,Fitness,Decathlon,66415,202
PROD001728,Decathlon Fitness 1728,Sports,Fitness,Decathlon,65933,169
PROD001729,Forever21 Women 1729,Fashion,Women,Forever21,94424,253
PROD001730,IKEA Furniture 1730,Home,Furniture,IKEA,9139,471
PROD001731,Apple Headphones 1731,Electronics,Headphones,Apple,31399,321
PROD001732,Levis Men 1732,Fashion,Men,Levis,33332,228
PROD001733,Durian Furniture 1733,Home,Furniture,Durian,51279,114
PROD001734,Pigeon Kitchen 1734,Home,Kitchen,Pigeon,61554,232
PROD001735,McGraw Hill Education 1735,Books,Education,McGraw Hill,18217,108
PROD001736,Boat Headphones 1736,Electronics,Headphones,Boat,2551,105
PROD001737,Philips Kitchen 1737,Home,Kitchen,Philips,98864,96
PROD001738,Zara Women 1738,Fashion,Women,Zara,45384,119
PROD001739,Cult Fitness 1739,Sports,Fitness,Cult,70820,424
PROD001740,Adidas Men 1740,Fashion,Men,Adidas,77831,230
PROD001741,H&M Women 1741,Fashion,Women,H&M,8593,65
PROD001742,H&M Women 1742,Fashion,Women,H&M,14978,467
PROD001743,Godrej Furniture 1743,Home,Furniture,Godrej,67084,362
PROD001744,Forever21 Women 1744,Fashion,Women,Forever21,49352,2
PROD001745,Decathlon Fitness 1745,Sports,Fitness,Decathlon,20213,32
PROD001746,Prestige Kitchen 1746,Home,Kitchen,Prestige,86503,188
PROD001747,Samsung Mobiles 1747,Electronics,Mobiles,Samsung,19953,334
PROD001748,Sony Headphones 1748,Electronics,Headphones,Sony,42548,294
PROD001749,Nike Men 1749,Fashion,Men,Nike,44325,309
PROD001750,Nike Fitness 1750,Sports,Fitness,Nike,69994,365
PROD001751,Xiaomi Mobiles 1751,Electronics,Mobiles,Xiaomi,25137,492
PROD001752,McGraw Hill Education 1752,Books,Education,McGraw Hill,20337,202
PROD001753,Forever21 Women 1753,Fashion,Women,Forever21,48150,406
PROD001754,JBL Headphones 1754,Electronics,Headphones,JBL,50376,236
PROD001755,Xiaomi Mobiles 1755,Electronics,Mobiles,Xiaomi,44355,279
PROD001756,H&M Women 1756,Fashion,Women,H&M,43799,350
PROD001757,Samsung Mobiles 1757,Electronics,Mobiles,Samsung,15088,453
PROD001758,Sony Headphones 1758,Electronics,Headphones,Sony,57936,419
PROD001759,Cult Fitness 1759,Sports,Fitness,Cult,67019,55
PROD001760,Apple Laptops 1760,Electronics,Laptops,Apple,21195,302
PROD001761,Penguin Fiction 1761,Books,Fiction,Penguin,60261,54
PROD001762,Pearson Education 1762,Books,Education,Pearson,8787,25
PROD001763,H&M Women 1763,Fashion,Women,H&M,47449,332
PROD001764,Penguin Fiction 1764,Books,Fiction,Penguin,730,18
PROD001765,H&M Women 1765,Fashion,Women,H&M,47173,12
PROD001766,Cult Fitness 1766,Sports,Fitness,Cult,83392,211
PROD001767,Prestige Kitchen 1767,Home,Kitchen,Prestige,14727,190
PROD001768,HP Laptops 1768,Electronics,Laptops,HP,60253,16
PROD001769,Decathlon Fitness 1769,Sports,Fitness,Decathlon,49349,410
PROD001770,Zara Women 1770,Fashion,Women,Zara,62880,228
PROD001771,JBL Headphones 1771,Electronics,Headphones,JBL,55614,261
PROD001772,McGraw Hill Education 1772,Books,Education,McGraw Hill,60283,278
PROD001773,OnePlus Mobiles 1773,Electronics,Mobiles,OnePlus,75058,20
PROD001774,Lenovo Laptops 1774,Electronics,Laptops,Lenovo,70894,156
PROD001775,Adidas Men 1775,Fashion,Men,Adidas,42251,106
PROD001776,Apple Laptops 1776,Electronics,Laptops,Apple,27264,251
PROD001777,Adidas Men 1777,Fashion,Men,Adidas,82505,221
PROD001778,Apple Mobiles 1778,Electronics,Mobiles,Apple,98669,10
PROD001779,Forever21 Women 1779,Fashion,Women,Forever21,93642,408
PROD001780,Zara Women 1780,Fashion,Women,Zara,14096,133
PROD001781,Nike Fitness 1781,Sports,Fitness,Nike,65781,210
PROD001782,Biba Women 1782,Fashion,Women,Biba,32728,425
PROD001783,H&M Women 1783,Fashion,Women,H&M,4724,95
PROD001784,HarperCollins Fiction 1784,Books,Fiction,HarperCollins,53062,400
PROD001785,OnePlus Mobiles 1785,Electronics,Mobiles,OnePlus,69858,477
PROD001786,Decathlon Fitness 1786,Sports,Fitness,Decathlon,16361,295
PROD001787,McGraw Hill Education 1787,Books,Education,McGraw Hill,46555,440
PROD001788,Biba Women 1788,Fashion,Women,Biba,84610,463
PROD001789,Durian Furniture 1789,Home,Furniture,Durian,98337,223
PROD001790,Prestige Kitchen 1790,Home,Kitchen,Prestige,45479,297
PROD001791,IKEA Furniture 1791,Home,Furniture,IKEA,37171,415
PROD001792,Nike Fitness 1792,Sports,Fitness,Nike,65177,144
PROD001793,Philips Kitchen 1793,Home,Kitchen,Philips,93307,317
PROD001794,McGraw Hill Education 1794,Books,Education,McGraw Hill,58239,218
PROD001795,JBL Headphones 1795,Electronics,Headphones,JBL,91571,385
PROD001796,HarperCollins Fiction 1796,Books,Fiction,HarperCollins,24144,262
PROD001797,Boat Headphones 1797,Electronics,Headphones,Boat,74034,129
PROD001798,Durian Furniture 1798,Home,Furniture,Durian,70131,422
PROD001799,OnePlus Mobiles 1799,Electronics,Mobiles,OnePlus,29734,190
PROD001800,IKEA Furniture 1800,Home,Furniture,IKEA,74153,421
PROD001801,Zara Women 1801,Fashion,Women,Zara,79951,489
PROD001802,Decathlon Fitness 1802,Sports,Fitness,Decathlon,19328,493
PROD001803,HarperCollins Fiction 1803,Books,Fiction,HarperCollins,19670,293
PROD001804,Apple Headphones 1804,Electronics,Headphones,Apple,7156,472
PROD001805,H&M Women 1805,Fashion,Women,H&M,99351,212
PROD001806,HarperCollins Fiction 1806,Books,Fiction,HarperCollins,18978,320
PROD001807,Biba Women 1807,Fashion,Women,Biba,52277,455
PROD001808,Apple Headphones 1808,Electronics,Headphones,Apple,3129,59
PROD001809,Zara Women 1809,Fashion,Women,Zara,27630,393
PROD001810,Durian Furniture 1810,Home,Furniture,Durian,95328,464
PROD001811,Pigeon Kitchen 1811,Home,Kitchen,Pigeon,49478,207
PROD001812,Penguin Fiction 1812,Books,Fiction,Penguin,54886,127
PROD001813,Samsung Mobiles 1813,Electronics,Mobiles,Samsung,99286,469
PROD001814,Xiaomi Mobiles 1814,Electronics,Mobiles,Xiaomi,58815,394
PROD001815,HarperCollins Fiction 1815,Books,Fiction,HarperCollins,67956,438
PROD001816,Biba Women 1816,Fashion,Women,Biba,56164,53
PROD001817,IKEA Furniture 1817,Home,Furniture,IKEA,86357,303
PROD001818,Pearson Education 1818,Books,Education,Pearson,9187,352
PROD001819,Levis Men 1819,Fashion,Men,Levis,21053,182
PROD001820,Nike Men 1820,Fashion,Men,Nike,65935,79
PROD001821,IKEA Furniture 1821,Home,Furniture,IKEA,51642,228
PROD001822,Levis Men 1822,Fashion,Men,Levis,35945,72
PROD001823,Nike Fitness 1823,Sports,Fitness,Nike,10535,432
PROD001824,Godrej Furniture 1824,Home,Furniture,Godrej,20358,166
PROD001825,Nike Fitness 1825,Sports,Fitness,Nike,86365,465
PROD001826,Biba Women 1826,Fashion,Women,Biba,50246,51
PROD001827,Levis Men 1827,Fashion,Men,Levis,8526,146
PROD001828,Godrej Furniture 1828,Home,Furniture,Godrej,19201,295
PROD001829,Cult Fitness 1829,Sports,Fitness,Cult,46413,244
PROD001830,Nike Fitness 1830,Sports,Fitness,Nike,12500,74
PROD001831,IKEA Furniture 1831,Home,Furniture,IKEA,91696,225
PROD001832,Lenovo Laptops 1832,Electronics,Laptops,Lenovo,32923,342
PROD001833,Pearson Education 1833,Books,Education,Pearson,6864,392
PROD001834,Adidas Men 1834,Fashion,Men,Adidas,45603,434
PROD001835,Decathlon Fitness 1835,Sports,Fitness,Decathlon,50917,57
PROD001836,Zara Women 1836,Fashion,Women,Zara,82817,18
PROD001837,Nike Fitness 1837,Sports,Fitness,Nike,48178,463
PROD001838,HP Laptops 1838,Electronics,Laptops,HP,43452,446
PROD001839,Prestige Kitchen 1839,Home,Kitchen,Prestige,70893,202
PROD001840,Penguin Fiction 1840,Books,Fiction,Penguin,95890,427
PROD001841,Durian Furniture 1841,Home,Furniture,Durian,47668,251
PROD001842,Nike Fitness 1842,Sports,Fitness,Nike,53825,282
PROD001843,Levis Men 1843,Fashion,Men,Levis,26181,242
PROD001844,HP Laptops 1844,Electronics,Laptops,HP,24645,216
PROD001845,Durian Furniture 1845,Home,Furniture,Durian,28043,49
PROD001846,Durian Furniture 1846,Home,Furniture,Durian,41709,200
PROD001847,Penguin Fiction 1847,Books,Fiction,Penguin,92254,231
PROD001848,Godrej Furniture 1848,Home,Furniture,Godrej,39551,383
PROD001849,Apple Laptops 1849,Electronics,Laptops,Apple,21937,16
PROD001850,Forever21 Women 1850,Fashion,Women,Forever21,37550,496
PROD001851,Godrej Furniture 1851,Home,Furniture,Godrej,86021,450
PROD001852,Sony Headphones 1852,Electronics,Headphones,Sony,42737,83
PROD001853,Zara Women 1853,Fashion,Women,Zara,99194,219
PROD001854,Penguin Fiction 1854,Books,Fiction,Penguin,84273,263
PROD001855,Zara Women 1855,Fashion,Women,Zara,43341,333
PROD001856,Pearson Education 1856,Books,Education,Pearson,99189,364
PROD001857,Forever21 Women 1857,Fashion,Women,Forever21,50474,474
PROD001858,IKEA Furniture 1858,Home,Furniture,IKEA,42034,166
PROD001859,Samsung Mobiles 1859,Electronics,Mobiles,Samsung,64224,480
PROD001860,Philips Kitchen 1860,Home,Kitchen,Philips,23233,463
PROD001861,Biba Women 1861,Fashion,Women,Biba,1436,331
PROD001862,Decathlon Fitness 1862,Sports,Fitness,Decathlon,62929,119
PROD001863,Decathlon Fitness 1863,Sports,Fitness,Decathlon,35040,327
PROD001864,Nike Men 1864,Fashion,Men,Nike,16340,342
PROD001865,Cult Fitness 1865,Sports,Fitness,Cult,9507,331
PROD001866,Apple Headphones 1866,Electronics,Headphones,Apple,55062,224
PROD001867,Pigeon Kitchen 1867,Home,Kitchen,Pigeon,48720,32
PROD001868,Adidas Men 1868,Fashion,Men,Adidas,81181,62
PROD001869,Xiaomi Mobiles 1869,Electronics,Mobiles,Xiaomi,40452,340
PROD001870,Durian Furniture 1870,Home,Furniture,Durian,11406,488
PROD001871,Dell Laptops 1871,Electronics,Laptops,Dell,24689,60
PROD001872,Boat Headphones 1872,Electronics,Headphones,Boat,32557,179
PROD001873,Penguin Fiction 1873,Books,Fiction,Penguin,17224,435
PROD001874,JBL Headphones 1874,Electronics,Headphones,JBL,54190,168
PROD001875,Cult Fitness 1875,Sports,Fitness,Cult,48977,276
PROD001876,Nike Fitness 1876,Sports,Fitness,Nike,36251,60
PROD001877,OnePlus Mobiles 1877,Electronics,Mobiles,OnePlus,20003,340
PROD001878,Forever21 Women 1878,Fashion,Women,Forever21,89920,343
PROD001879,IKEA Furniture 1879,Home,Furniture,IKEA,41241,480
PROD001880,Pigeon Kitchen 1880,Home,Kitchen,Pigeon,11859,210
PROD001881,Adidas Men 1881,Fashion,Men,Adidas,96668,335
PROD001882,Durian Furniture 1882,Home,Furniture,Durian,30722,487
PROD001883,Cult Fitness 1883,Sports,Fitness,Cult,96544,121
PROD001884,Durian Furniture 1884,Home,Furniture,Durian,68633,391
PROD001885,Penguin Fiction 1885,Books,Fiction,Penguin,66746,223
PROD001886,Pearson Education 1886,Books,Education,Pearson,50748,358
PROD001887,Durian Furniture 1887,Home,Furniture,Durian,20090,34
PROD001888,McGraw Hill Education 1888,Books,Education,McGraw Hill,69997,65
PROD001889,Decathlon Fitness 1889,Sports,Fitness,Decathlon,43334,217
PROD001890,Philips Kitchen 1890,Home,Kitchen,Philips,79869,449
PROD001891,Samsung Mobiles 1891,Electronics,Mobiles,Samsung,1629,60
PROD001892,Cult Fitness 1892,Sports,Fitness,Cult,95159,351
PROD001893,HarperCollins Fiction 1893,Books,Fiction,HarperCollins,32723,28
PROD001894,Nike Fitness 1894,Sports,Fitness,Nike,39564,198
PROD001895,HarperCollins Fiction 1895,Books,Fiction,HarperCollins,47379,414
PROD001896,Zara Women 1896,Fashion,Women,Zara,24237,352
PROD001897,Nike Men 1897,Fashion,Men,Nike,93367,288
PROD001898,Apple Headphones 1898,Electronics,Headphones,Apple,7976,169
PROD001899,Godrej Furniture 1899,Home,Furniture,Godrej,53002,173
PROD001900,Xiaomi Mobiles 1900,Electronics,Mobiles,Xiaomi,48207,480
PROD001901,Nike Fitness 1901,Sports,Fitness,Nike,16849,250
PROD001902,Cult Fitness 1902,Sports,Fitness,Cult,20377,232
PROD001903,Pearson Education 1903,Books,Education,Pearson,85079,115
PROD001904,Samsung Mobiles 1904,Electronics,Mobiles,Samsung,68697,12
PROD001905,Apple Mobiles 1905,Electronics,Mobiles,Apple,80451,68
PROD001906,IKEA Furniture 1906,Home,Furniture,IKEA,21258,193
PROD001907,Samsung Mobiles 1907,Electronics,Mobiles,Samsung,97832,347
PROD001908,Penguin Fiction 1908,Books,Fiction,Penguin,40974,157
PROD001909,Pigeon Kitchen 1909,Home,Kitchen,Pigeon,50234,192
PROD001910,JBL Headphones 1910,Electronics,Headphones,JBL,44497,199
PROD001911,Cult Fitness 1911,Sports,Fitness,Cult,52896,129
PROD001912,Sony Headphones 1912,Electronics,Headphones,Sony,23793,411
PROD001913,Sony Headphones 1913,Electronics,Headphones,Sony,15068,240
PROD001914,Decathlon Fitness 1914,Sports,Fitness,Decathlon,65153,187
PROD001915,Apple Headphones 1915,Electronics,Headphones,Apple,56503,111
PROD001916,Durian Furniture 1916,Home,Furniture,Durian,54065,382
PROD001917,IKEA Furniture 1917,Home,Furniture,IKEA,79649,105
PROD001918,Penguin Fiction 1918,Books,Fiction,Penguin,17647,489
PROD001919,Biba Women 1919,Fashion,Women,Biba,13874,423
PROD001920,Godrej Furniture 1920,Home,Furniture,Godrej,99252,346
PROD001921,HarperCollins Fiction 1921,Books,Fiction,HarperCollins,19477,399
PROD001922,Godrej Furniture 1922,Home,Furniture,Godrej,75405,260
PROD001923,H&M Women 1923,Fashion,Women,H&M,93343,265
PROD001924,Samsung Mobiles 1924,Electronics,Mobiles,Samsung,89298,163
PROD001925,Cult Fitness 1925,Sports,Fitness,Cult,62159,364
PROD001926,Penguin Fiction 1926,Books,Fiction,Penguin,66420,97
PROD001927,Zara Women 1927,Fashion,Women,Zara,13436,17
PROD001928,Nike Fitness 1928,Sports,Fitness,Nike,73665,184
PROD001929,Boat Headphones 1929,Electronics,Headphones,Boat,62325,398
PROD001930,Apple Mobiles 1930,Electronics,Mobiles,Apple,79660,46
PROD001931,Apple Headphones 1931,Electronics,Headphones,Apple,96041,198
PROD001932,Apple Headphones 1932,Electronics,Headphones,Apple,15533,263
PROD001933,Cult Fitness 1933,Sports,Fitness,Cult,86964,444
PROD001934,H&M Women 1934,Fashion,Women,H&M,62704,232
PROD001935,Penguin Fiction 1935,Books,Fiction,Penguin,6879,84
PROD001936,Apple Headphones 1936,Electronics,Headphones,Apple,94163,93
PROD001937,Puma Men 1937,Fashion,Men,Puma,34863,57
PROD001938,Decathlon Fitness 1938,Sports,Fitness,Decathlon,38048,111
PROD001939,HarperCollins Fiction 1939,Books,Fiction,HarperCollins,91551,230
PROD001940,Lenovo Laptops 1940,Electronics,Laptops,Lenovo,91806,169
PROD001941,Decathlon Fitness 1941,Sports,Fitness,Decathlon,36844,287
PROD001942,HarperCollins Fiction 1942,Books,Fiction,HarperCollins,22529,156
PROD001943,Decathlon Fitness 1943,Sports,Fitness,Decathlon,22259,150
PROD001944,IKEA Furniture 1944,Home,Furniture,IKEA,96029,252
PROD001945,Cult Fitness 1945,Sports,Fitness,Cult,30389,224
PROD001946,Biba Women 1946,Fashion,Women,Biba,1686,58
PROD001947,Philips Kitchen 1947,Home,Kitchen,Philips,60537,335
PROD001948,Prestige Kitchen 1948,Home,Kitchen,Prestige,53537,63
PROD001949,H&M Women 1949,Fashion,Women,H&M,3507,464
PROD001950,Lenovo Laptops 1950,Electronics,Laptops,Lenovo,76726,395
PROD001951,Philips Kitchen 1951,Home,Kitchen,Philips,64978,360
PROD001952,Penguin Fiction 1952,Books,Fiction,Penguin,21591,427
PROD001953,Puma Men 1953,Fashion,Men,Puma,63556,431
PROD001954,Godrej Furniture 1954,Home,Furniture,Godrej,47602,373
PROD001955,Biba Women 1955,Fashion,Women,Biba,28450,143
PROD001956,Philips Kitchen 1956,Home,Kitchen,Philips,38007,391
PROD001957,Pigeon Kitchen 1957,Home,Kitchen,Pigeon,19595,381
PROD001958,OnePlus Mobiles 1958,Electronics,Mobiles,OnePlus,7001,364
PROD001959,Adidas Men 1959,Fashion,Men,Adidas,23868,150
PROD001960,Cult Fitness 1960,Sports,Fitness,Cult,11769,322
PROD001961,Pigeon Kitchen 1961,Home,Kitchen,Pigeon,57827,267
PROD001962,Apple Laptops 1962,Electronics,Laptops,Apple,55568,442
PROD001963,Lenovo Laptops 1963,Electronics,Laptops,Lenovo,43913,367
PROD001964,Godrej Furniture 1964,Home,Furniture,Godrej,72070,66
PROD001965,Apple Headphones 1965,Electronics,Headphones,Apple,20391,306
PROD001966,Lenovo Laptops 1966,Electronics,Laptops,Lenovo,61160,335
PROD001967,Apple Mobiles 1967,Electronics,Mobiles,Apple,21299,281
PROD001968,Dell Laptops 1968,Electronics,Laptops,Dell,16568,468
PROD001969,Adidas Men 1969,Fashion,Men,Adidas,9393,153
PROD001970,Forever21 Women 1970,Fashion,Women,Forever21,69249,423
PROD001971,Philips Kitchen 1971,Home,Kitchen,Philips,69347,252
PROD001972,HarperCollins Fiction 1972,Books,Fiction,HarperCollins,49995,409
PROD001973,Samsung Mobiles 1973,Electronics,Mobiles,Samsung,96984,499
PROD001974,HarperCollins Fiction 1974,Books,Fiction,HarperCollins,99516,317
PROD001975,Decathlon Fitness 1975,Sports,Fitness,Decathlon,66265,126
PROD001976,Apple Laptops 1976,Electronics,Laptops,Apple,63681,361
PROD001977,Pearson Education 1977,Books,Education,Pearson,80832,225
PROD001978,Pearson Education 1978,Books,Education,Pearson,49741,239
PROD001979,Pearson Education 1979,Books,Education,Pearson,33588,343
PROD001980,Nike Fitness 1980,Sports,Fitness,Nike,3990,179
PROD001981,Biba Women 1981,Fashion,Women,Biba,96686,100
PROD001982,Cult Fitness 1982,Sports,Fitness,Cult,8607,48
PROD001983,Penguin Fiction 1983,Books,Fiction,Penguin,71569,364
PROD001984,HarperCollins Fiction 1984,Books,Fiction,HarperCollins,63600,170
PROD001985,Nike Fitness 1985,Sports,Fitness,Nike,85406,233
PROD001986,Puma Men 1986,Fashion,Men,Puma,91993,43
PROD001987,Penguin Fiction 1987,Books,Fiction,Penguin,37147,146
PROD001988,Nike Fitness 1988,Sports,Fitness,Nike,90325,175
PROD001989,Pearson Education 1989,Books,Education,Pearson,41402,258
PROD001990,Pigeon Kitchen 1990,Home,Kitchen,Pigeon,77087,94
PROD001991,Puma Men 1991,Fashion,Men,Puma,56677,362
PROD001992,Puma Men 1992,Fashion,Men,Puma,72935,129
PROD001993,Nike Fitness 1993,Sports,Fitness,Nike,91971,165
PROD001994,McGraw Hill Education 1994,Books,Education,McGraw Hill,16433,51
PROD001995,Nike Men 1995,Fashion,Men,Nike,17397,122
PROD001996,McGraw Hill Education 1996,Books,Education,McGraw Hill,27538,231
PROD001997,Samsung Mobiles 1997,Electronics,Mobiles,Samsung,91510,392
PROD001998,Cult Fitness 1998,Sports,Fitness,Cult,61913,123
PROD001999,Cult Fitness 1999,Sports,Fitness,Cult,5832,253
PROD002000,McGraw Hill Education 2000,Books,Education,McGraw Hill,55390,435
