order_id,customer_id,session_id,product_id,quantity,unit_price,amount,payment_method,status,order_timestamp
ORD-848810612F,CUST001623,SES000001,PROD000026,1,14031,14031,Wallet,paid,2026-07-16 15:55:02
ORD-B83A3C61D5,CUST007781,SES000003,PROD000584,1,88991,88991,Wallet,paid,2026-07-25 20:29:08
ORD-AF446E2212,CUST004063,SES000004,PROD001899,3,53002,159006,UPI,paid,2026-07-07 23:12:13
ORD-CD19C30EB0,CUST004064,SES000013,PROD000790,1,6966,6966,Wallet,paid,2026-07-14 17:56:24
ORD-820FB392D1,CUST008994,SES000014,PROD001245,1,56795,56795,UPI,paid,2026-07-14 08:40:08
ORD-2FFF0EA7D7,CUST001667,SES000016,PROD000564,3,56580,169740,Debit Card,paid,2026-06-30 20:11:02
ORD-3EA6AE3D22,CUST009163,SES000030,PROD001414,3,25274,75822,Wallet,paid,2026-07-09 05:42:46
ORD-C9A40CC5FC,CUST009588,SES000036,PROD001675,1,88623,88623,UPI,paid,2026-07-23 18:53:57
ORD-A21D1EF177,CUST004098,SES000037,PROD000420,1,55698,55698,Credit Card,paid,2026-07-02 17:01:25
ORD-1D8A277525,CUST004363,SES000045,PROD001664,3,2521,7563,UPI,paid,2026-07-23 09:10:15
ORD-BB4548907E,CUST001197,SES000069,PROD001958,2,7001,14002,Credit Card,paid,2026-07-21 11:04:15
ORD-DAE1194F03,CUST000677,SES000073,PROD001075,1,87108,87108,UPI,paid,2026-06-27 00:24:23
ORD-1A5257B9EE,CUST001886,SES000078,PROD000529,1,67986,67986,Credit Card,paid,2026-07-17 11:21:55
ORD-2CB4148F3D,CUST007284,SES000079,PROD000135,3,48612,145836,Credit Card,paid,2026-07-03 13:28:08
ORD-E0D84881A9,CUST002021,SES000080,PROD000536,1,670,670,Debit Card,paid,2026-07-05 22:40:52
ORD-7FF02D9456,CUST001118,SES000086,PROD000085,2,51475,102950,Debit Card,paid,2026-07-10 05:17:52
ORD-190AED18A2,CUST000801,SES000101,PROD001787,3,46555,139665,Credit Card,paid,2026-06-30 06:35:06
ORD-D88FE01310,CUST002001,SES000103,PROD000305,1,18176,18176,Credit Card,paid,2026-07-17 15:08:40
ORD-C9BBC2ED0C,CUST003978,SES000108,PROD000704,2,61762,123524,UPI,paid,2026-07-02 01:39:48
ORD-F5D8483280,CUST008281,SES000115,PROD000642,1,16328,16328,Cash on Delivery,paid,2026-07-24 01:22:11
ORD-6532FE2CC0,CUST009927,SES000125,PROD001059,1,10834,10834,UPI,paid,2026-07-19 15:11:10
ORD-2C38B6FFE0,CUST009046,SES000128,PROD001209,1,62756,62756,UPI,paid,2026-06-30 14:46:37
ORD-E3B5775CF1,CUST002284,SES000141,PROD000775,1,71905,71905,UPI,paid,2026-07-03 05:13:22
ORD-BBDB90B324,CUST009470,SES000145,PROD000565,2,57410,114820,Credit Card,paid,2026-07-19 04:17:37
ORD-61B285DE0E,CUST007128,SES000146,PROD001074,3,91186,273558,UPI,paid,2026-07-21 20:04:24
ORD-8E20BCE8AE,CUST004957,SES000149,PROD001700,3,77309,231927,Debit Card,paid,2026-07-18 10:39:57
ORD-7C292D7A28,CUST003072,SES000156,PROD000171,2,73153,146306,Credit Card,paid,2026-07-11 07:32:00
ORD-ED3BBCE272,CUST001634,SES000159,PROD000933,2,94056,188112,Cash on Delivery,paid,2026-07-08 08:04:24
ORD-71BA31F353,CUST006006,SES000164,PROD001510,2,95788,191576,UPI,paid,2026-07-22 17:32:03
ORD-1AB4E0A3DA,CUST001033,SES000165,PROD001198,3,65446,196338,Credit Card,paid,2026-07-22 10:28:51
ORD-A856BD019A,CUST006786,SES000169,PROD001563,1,90115,90115,UPI,paid,2026-07-10 15:00:23
ORD-CAC5CB966F,CUST009780,SES000173,PROD001967,1,21299,21299,Cash on Delivery,paid,2026-06-26 07:03:34
ORD-B4DB4E853A,CUST006775,SES000178,PROD001584,1,5551,5551,UPI,paid,2026-07-11 02:05:25
ORD-AF57014101,CUST001040,SES000186,PROD001915,3,56503,169509,Wallet,paid,2026-06-30 02:20:24
ORD-DBF657566E,CUST006900,SES000191,PROD000905,3,6796,20388,UPI,paid,2026-06-28 01:21:25
ORD-B1820D378A,CUST003151,SES000194,PROD001305,1,59745,59745,Cash on Delivery,paid,2026-07-09 06:03:17
ORD-F6127A5F0D,CUST009818,SES000196,PROD001662,1,37459,37459,Credit Card,refunded,2026-07-20 13:54:14
ORD-DB66FCD980,CUST000744,SES000199,PROD001593,1,59263,59263,Debit Card,paid,2026-07-20 00:44:01
ORD-23529468C8,CUST009459,SES000203,PROD000265,3,42860,128580,Wallet,paid,2026-06-28 07:39:58
ORD-F1D908D863,CUST008960,SES000219,PROD000705,3,86232,258696,UPI,paid,2026-06-27 22:39:57
ORD-E618A7511A,CUST007401,SES000225,PROD001554,1,21743,21743,UPI,paid,2026-07-25 01:46:05
ORD-04676A608C,CUST004941,SES000232,PROD000150,1,29648,29648,Credit Card,paid,2026-07-02 18:54:58
ORD-6B221AAACE,CUST006732,SES000242,PROD000337,2,54737,109474,Credit Card,paid,2026-07-02 06:47:08
ORD-96B99787E5,CUST001185,SES000258,PROD000100,3,46659,139977,Credit Card,paid,2026-07-14 05:39:12
ORD-C12A4D1441,CUST005679,SES000260,PROD001843,2,26181,52362,UPI,paid,2026-06-30 04:14:02
ORD-BB29E436ED,CUST001564,SES000268,PROD000351,1,69235,69235,Wallet,paid,2026-06-30 20:47:59
ORD-69852ED09E,CUST004315,SES000289,PROD000591,1,74868,74868,Wallet,paid,2026-07-15 04:19:02
ORD-474A88AE90,CUST000825,SES000296,PROD001980,3,3990,11970,Credit Card,paid,2026-06-28 11:20:13
ORD-FA4A03F6F4,CUST008309,SES000307,PROD001371,1,62725,62725,Credit Card,paid,2026-07-15 14:54:28
ORD-7B4E9C5972,CUST005851,SES000315,PROD001648,2,32625,65250,Debit Card,paid,2026-07-04 09:05:38
ORD-5DE2F45B2C,CUST004128,SES000316,PROD001797,3,74034,222102,UPI,paid,2026-07-15 18:50:32
ORD-96B9E48796,CUST001403,SES000320,PROD001561,2,34926,69852,UPI,paid,2026-06-27 05:34:25
ORD-6D7AE79565,CUST003750,SES000326,PROD000779,1,5151,5151,UPI,paid,2026-07-16 00:04:33
ORD-C380411879,CUST002152,SES000338,PROD001301,1,50249,50249,Credit Card,paid,2026-07-14 17:17:15
ORD-5F86CF6AE0,CUST000715,SES000348,PROD001235,3,63410,190230,UPI,paid,2026-07-12 08:21:35
ORD-CDD952F73C,CUST007267,SES000358,PROD000136,1,22101,22101,Credit Card,paid,2026-07-05 12:09:57
ORD-5365195CD7,CUST006991,SES000360,PROD000666,1,99588,99588,Debit Card,paid,2026-07-06 01:40:54
ORD-CBA11E0233,CUST000466,SES000363,PROD001630,1,76405,76405,UPI,paid,2026-07-25 04:41:41
ORD-AEAD5749C0,CUST008311,SES000371,PROD000619,1,39938,39938,Credit Card,paid,2026-06-30 13:04:02
ORD-F189D22DB8,CUST007011,SES000382,PROD000903,2,16945,33890,UPI,paid,2026-07-07 02:54:14
ORD-D20D2F49F5,CUST006883,SES000398,PROD001999,2,5832,11664,UPI,refunded,2026-07-17 04:16:32
ORD-99AFCBEFD2,CUST004171,SES000403,PROD001892,1,95159,95159,UPI,paid,2026-07-11 05:56:50
ORD-F4603405F4,CUST002323,SES000427,PROD001160,3,52643,157929,UPI,paid,2026-07-19 19:14:10
ORD-48098CBD1C,CUST005394,SES000428,PROD001144,3,55243,165729,Credit Card,paid,2026-07-19 08:51:10
ORD-F724B48AD2,CUST005830,SES000433,PROD000692,3,73910,221730,Credit Card,paid,2026-07-20 19:40:33
ORD-F718D3ED0F,CUST008588,SES000438,PROD001068,1,94065,94065,Credit Card,cancelled,2026-07-23 13:49:20
ORD-5CF2185876,CUST003325,SES000443,PROD001570,2,81731,163462,UPI,cancelled,2026-07-13 10:27:44
ORD-48D9B98084,CUST000280,SES000444,PROD001459,2,62472,124944,UPI,cancelled,2026-07-06 04:45:15
ORD-396259E4B5,CUST005398,SES000457,PROD000771,2,66289,132578,UPI,paid,2026-07-14 03:41:27
ORD-E8668E50DB,CUST002307,SES000460,PROD000165,2,19791,39582,UPI,paid,2026-07-03 04:23:11
ORD-C07BF2C6F8,CUST006699,SES000470,PROD001568,2,60718,121436,UPI,paid,2026-06-28 05:43:40
ORD-E9EADBF2BE,CUST002115,SES000475,PROD001988,2,90325,180650,Cash on Delivery,cancelled,2026-07-05 23:48:04
ORD-17129B02CF,CUST009208,SES000478,PROD001629,2,26789,53578,UPI,paid,2026-07-09 15:42:08
ORD-2A12817E3D,CUST006895,SES000484,PROD000042,3,70810,212430,Debit Card,cancelled,2026-07-03 16:46:58
ORD-11E93430AF,CUST002578,SES000492,PROD000440,3,52828,158484,UPI,paid,2026-07-06 01:18:25
ORD-358A1BE980,CUST003327,SES000500,PROD001177,3,12414,37242,Wallet,paid,2026-07-10 23:17:52
ORD-4C98CFEC4A,CUST007851,SES000506,PROD000527,3,82037,246111,UPI,paid,2026-07-10 11:55:55
ORD-0619F2ACBA,CUST005256,SES000516,PROD000845,2,72092,144184,UPI,paid,2026-07-16 20:15:34
ORD-CC523B72C4,CUST002994,SES000539,PROD000694,3,34503,103509,Credit Card,paid,2026-07-16 09:04:25
ORD-5FA52B9AED,CUST001075,SES000541,PROD000996,1,842,842,Cash on Delivery,paid,2026-07-23 16:31:44
ORD-865523AC45,CUST005559,SES000545,PROD001268,1,45907,45907,Debit Card,paid,2026-07-25 18:54:58
ORD-3B68135944,CUST008464,SES000552,PROD000062,1,62243,62243,UPI,paid,2026-07-17 01:11:24
ORD-6183D4FD29,CUST008038,SES000562,PROD000946,2,47035,94070,UPI,paid,2026-06-28 07:27:02
ORD-164030EE27,CUST001891,SES000569,PROD000200,3,34444,103332,Debit Card,paid,2026-07-17 02:32:22
ORD-84C234AE71,CUST009305,SES000573,PROD001258,1,14576,14576,UPI,paid,2026-07-19 19:53:20
ORD-0C10251B3A,CUST002156,SES000575,PROD001495,1,90793,90793,Debit Card,paid,2026-07-04 20:23:14
ORD-08BA068958,CUST006191,SES000579,PROD000743,3,70185,210555,Credit Card,paid,2026-07-20 18:08:42
ORD-601F68CAB8,CUST006621,SES000580,PROD001372,3,58274,174822,Debit Card,paid,2026-06-27 14:23:20
ORD-6AFBA0EA2B,CUST001793,SES000588,PROD000017,1,83718,83718,UPI,paid,2026-07-25 12:52:14
ORD-352D9D3C69,CUST007701,SES000590,PROD000752,3,12968,38904,UPI,refunded,2026-06-26 13:33:03
ORD-3AB6A6FAD2,CUST001812,SES000596,PROD001787,1,46555,46555,Debit Card,paid,2026-07-15 23:35:02
ORD-0CB80D4BB5,CUST009685,SES000598,PROD000596,1,85269,85269,UPI,paid,2026-07-23 05:20:07
ORD-3178184740,CUST000257,SES000610,PROD001706,1,67744,67744,Credit Card,paid,2026-07-24 01:36:56
ORD-4EC43B7DF9,CUST004981,SES000623,PROD001032,1,96746,96746,Credit Card,paid,2026-07-15 23:34:53
ORD-A234F1E1D3,CUST007561,SES000624,PROD000084,3,18802,56406,UPI,paid,2026-07-21 20:58:24
ORD-98F2827BC8,CUST002008,SES000628,PROD000710,1,86839,86839,UPI,paid,2026-06-30 12:02:34
ORD-C85B433887,CUST004717,SES000633,PROD001546,3,58336,175008,Cash on Delivery,paid,2026-07-07 20:23:13
ORD-A09B1E3B20,CUST006362,SES000646,PROD000137,1,65476,65476,Debit Card,paid,2026-07-16 18:20:39
ORD-B4CA32D5FF,CUST005009,SES000664,PROD000363,1,72373,72373,Debit Card,paid,2026-07-09 13:04:37
ORD-0BDE63013F,CUST003186,SES000670,PROD000742,1,36060,36060,Credit Card,paid,2026-07-09 05:08:48
ORD-C471D28229,CUST004626,SES000671,PROD000300,2,53319,106638,Credit Card,paid,2026-07-21 03:01:52
ORD-614AB4D4F0,CUST007664,SES000680,PROD001507,3,87446,262338,Credit Card,paid,2026-07-19 05:27:17
ORD-87482723D9,CUST006177,SES000700,PROD000496,1,53326,53326,UPI,refunded,2026-06-25 22:55:01
ORD-D12FC4038E,CUST009013,SES000708,PROD000025,1,19763,19763,Credit Card,paid,2026-07-01 02:13:43
ORD-B129D76983,CUST005190,SES000713,PROD001613,3,54604,163812,UPI,paid,2026-07-24 12:36:16
ORD-378FF695A5,CUST007510,SES000719,PROD000733,1,43474,43474,UPI,paid,2026-07-18 03:25:13
ORD-44DB7EAC7D,CUST009027,SES000734,PROD001040,3,24413,73239,UPI,paid,2026-07-24 04:39:14
ORD-53642C03CF,CUST003825,SES000735,PROD000020,2,49257,98514,UPI,paid,2026-07-17 04:09:57
ORD-C352B461E6,CUST008932,SES000740,PROD000961,1,35063,35063,UPI,paid,2026-07-15 15:40:48
ORD-630133C9AF,CUST001666,SES000751,PROD000550,2,43730,87460,UPI,paid,2026-07-01 07:08:37
ORD-58F2454F60,CUST002521,SES000756,PROD001799,2,29734,59468,UPI,paid,2026-07-19 10:19:15
ORD-6D377A68C3,CUST000968,SES000759,PROD000214,1,47041,47041,UPI,paid,2026-07-07 19:48:10
ORD-AF0F87645E,CUST000669,SES000760,PROD001637,1,8829,8829,UPI,paid,2026-07-15 22:52:14
ORD-E7E338F879,CUST000781,SES000777,PROD001623,2,38702,77404,UPI,paid,2026-07-18 14:38:24
ORD-7FB3CE220C,CUST002883,SES000780,PROD000612,1,79850,79850,UPI,paid,2026-06-27 00:49:35
ORD-60A56AB2F5,CUST005274,SES000796,PROD000832,3,69390,208170,UPI,paid,2026-07-24 09:00:46
ORD-7EF41225C2,CUST008829,SES000799,PROD001208,2,32473,64946,Credit Card,paid,2026-07-24 13:09:18
ORD-CC38DC51CE,CUST006216,SES000804,PROD000448,3,23986,71958,Debit Card,cancelled,2026-06-26 03:48:17
ORD-0A0680E609,CUST003102,SES000806,PROD000356,3,59953,179859,UPI,paid,2026-07-14 19:15:14
ORD-91110B0A58,CUST008388,SES000807,PROD000121,3,80507,241521,Debit Card,paid,2026-07-12 06:09:20
ORD-7E56736A96,CUST000405,SES000813,PROD001677,2,63049,126098,UPI,paid,2026-07-18 16:52:58
ORD-C2438C5F0B,CUST004180,SES000820,PROD000717,1,18003,18003,Debit Card,paid,2026-07-25 17:27:38
ORD-58518D8604,CUST008213,SES000829,PROD000155,2,50465,100930,UPI,paid,2026-07-11 07:35:29
ORD-2CC4460184,CUST000720,SES000835,PROD000955,1,56690,56690,Credit Card,paid,2026-06-27 23:51:13
ORD-FED2895C39,CUST001065,SES000845,PROD000646,1,31745,31745,Cash on Delivery,paid,2026-07-09 08:27:04
ORD-A1E24A625E,CUST005878,SES000849,PROD000752,1,12968,12968,UPI,paid,2026-06-26 07:21:59
ORD-B65C539D40,CUST005318,SES000857,PROD001810,2,95328,190656,Wallet,paid,2026-07-12 10:44:33
ORD-151300E252,CUST000646,SES000875,PROD001485,2,87431,174862,Credit Card,paid,2026-07-13 16:24:06
ORD-BA05DD393D,CUST008150,SES000879,PROD001803,2,19670,39340,UPI,paid,2026-07-11 22:56:08
ORD-B9B4B3177B,CUST009971,SES000891,PROD000086,2,40354,80708,Wallet,paid,2026-07-18 17:52:42
ORD-3C1074D381,CUST007045,SES000892,PROD000534,1,99398,99398,UPI,paid,2026-06-30 18:39:21
ORD-174F0E096C,CUST004814,SES000911,PROD001572,3,76271,228813,UPI,paid,2026-07-25 06:11:57
ORD-4800A982B4,CUST003716,SES000912,PROD001043,2,46501,93002,Debit Card,paid,2026-07-20 02:34:56
ORD-11BF606AD3,CUST002132,SES000921,PROD000774,3,41936,125808,Cash on Delivery,paid,2026-07-04 08:09:11
ORD-B50983773C,CUST003913,SES000922,PROD001634,2,5655,11310,Debit Card,paid,2026-07-05 15:30:06
ORD-3A4AD2A4A4,CUST001354,SES000948,PROD000665,2,89874,179748,Credit Card,paid,2026-07-21 08:37:41
ORD-ACFC7FCF39,CUST008234,SES000955,PROD001639,3,17773,53319,UPI,refunded,2026-07-05 22:21:02
ORD-153D967D5F,CUST002142,SES000963,PROD000559,2,46852,93704,UPI,paid,2026-07-25 03:58:56
ORD-AF6E99E378,CUST006746,SES000971,PROD001020,3,32946,98838,UPI,paid,2026-07-07 14:52:59
ORD-DFDCCA44A3,CUST001114,SES000983,PROD001861,1,1436,1436,UPI,paid,2026-07-02 21:56:30
ORD-B38A7B8496,CUST009661,SES000985,PROD000111,2,76209,152418,Cash on Delivery,paid,2026-07-04 16:11:00
ORD-30EBE44CE8,CUST007709,SES000986,PROD000777,1,28164,28164,UPI,paid,2026-07-14 12:02:37
ORD-1805140A37,CUST004587,SES001002,PROD000604,1,37721,37721,Wallet,cancelled,2026-06-30 07:24:43
ORD-4F2E0D219F,CUST004605,SES001011,PROD001020,2,32946,65892,UPI,paid,2026-07-10 10:25:58
ORD-55C336A7EB,CUST001057,SES001013,PROD000181,1,58526,58526,UPI,paid,2026-07-24 00:57:32
ORD-0B4D5ED2F1,CUST004242,SES001015,PROD001873,2,17224,34448,Debit Card,paid,2026-07-08 16:51:33
ORD-F92190E7F3,CUST008634,SES001016,PROD001411,1,59479,59479,Cash on Delivery,refunded,2026-07-15 03:19:48
ORD-97852DC010,CUST007726,SES001024,PROD001944,2,96029,192058,Wallet,paid,2026-07-19 16:40:26
ORD-257E783993,CUST002280,SES001036,PROD001699,1,5109,5109,UPI,paid,2026-07-14 13:37:11
ORD-7B3E06878E,CUST001113,SES001038,PROD001300,2,39036,78072,Credit Card,paid,2026-06-30 01:28:30
ORD-5BB563DACC,CUST002890,SES001041,PROD001319,3,71821,215463,UPI,paid,2026-06-28 09:14:31
ORD-69ACB12AD8,CUST007810,SES001048,PROD000074,1,51456,51456,Cash on Delivery,paid,2026-06-28 16:41:16
ORD-3A6DA51BBD,CUST004780,SES001053,PROD001512,3,94851,284553,Cash on Delivery,paid,2026-07-06 17:39:07
ORD-B700439975,CUST005136,SES001056,PROD001802,3,19328,57984,UPI,paid,2026-07-06 09:40:16
ORD-69F416B2BB,CUST008569,SES001059,PROD001766,3,83392,250176,UPI,paid,2026-07-03 23:29:20
ORD-3F0E8EE4DA,CUST002713,SES001062,PROD000199,2,10773,21546,Wallet,paid,2026-07-08 17:54:52
ORD-EF66188C4E,CUST001828,SES001065,PROD001174,2,45722,91444,Debit Card,paid,2026-07-07 05:14:43
ORD-E3049967EC,CUST008171,SES001069,PROD000225,1,81899,81899,Cash on Delivery,paid,2026-07-22 07:19:00
ORD-DD60648D21,CUST001794,SES001078,PROD000868,2,31699,63398,UPI,paid,2026-06-28 04:09:49
ORD-92761103E0,CUST000696,SES001090,PROD001020,1,32946,32946,Cash on Delivery,paid,2026-07-09 18:44:00
ORD-02FA8E6202,CUST005088,SES001098,PROD001942,3,22529,67587,Credit Card,paid,2026-07-24 00:47:12
ORD-4FDBED3AAE,CUST002218,SES001100,PROD000647,1,68516,68516,Debit Card,cancelled,2026-07-05 04:29:56
ORD-3E91D4AC1F,CUST001432,SES001103,PROD001242,2,27108,54216,Cash on Delivery,paid,2026-06-28 00:22:40
ORD-7BEF139193,CUST001132,SES001104,PROD000483,1,53567,53567,Wallet,paid,2026-07-17 22:01:05
ORD-EF6C793D28,CUST008916,SES001105,PROD001531,2,68350,136700,Cash on Delivery,paid,2026-07-13 09:47:21
ORD-4915C2B759,CUST006800,SES001118,PROD000351,2,69235,138470,UPI,paid,2026-07-25 10:06:33
ORD-7BC1F2DADC,CUST004678,SES001120,PROD001531,2,68350,136700,Credit Card,paid,2026-07-11 07:45:57
ORD-3F5A4FC437,CUST003329,SES001122,PROD000723,3,98736,296208,Debit Card,paid,2026-07-04 08:14:30
ORD-D200B41523,CUST001845,SES001130,PROD000536,3,670,2010,Credit Card,paid,2026-06-29 01:41:21
ORD-726F730C4D,CUST003254,SES001143,PROD000891,1,56508,56508,Wallet,paid,2026-07-17 04:42:16
ORD-DB24EF4EE5,CUST008814,SES001156,PROD001303,2,3361,6722,Credit Card,paid,2026-07-16 18:29:51
ORD-7DE251EE5C,CUST003599,SES001157,PROD000932,3,27928,83784,Cash on Delivery,paid,2026-06-27 15:06:06
ORD-AB7AC9D49F,CUST004416,SES001170,PROD000002,3,12061,36183,Wallet,paid,2026-07-09 19:07:03
ORD-0E246DE61D,CUST005958,SES001199,PROD000388,2,61199,122398,Credit Card,paid,2026-07-16 03:35:32
ORD-A5D81BFB1A,CUST005257,SES001204,PROD000959,1,70498,70498,UPI,paid,2026-07-07 14:47:57
ORD-D68E1110CA,CUST000800,SES001213,PROD001217,1,34588,34588,UPI,paid,2026-06-27 12:06:21
ORD-2596405D43,CUST000771,SES001227,PROD001298,1,77353,77353,Cash on Delivery,paid,2026-07-08 12:46:06
ORD-1CA8A80679,CUST001088,SES001229,PROD001245,2,56795,113590,UPI,paid,2026-07-16 03:08:21
ORD-91ACFFDA9E,CUST001862,SES001248,PROD001834,1,45603,45603,Debit Card,paid,2026-07-07 16:12:50
ORD-ED30DA19B0,CUST002085,SES001249,PROD001764,2,730,1460,Cash on Delivery,paid,2026-07-14 03:57:43
ORD-A4B286C2D7,CUST002250,SES001250,PROD000706,1,53147,53147,Debit Card,paid,2026-07-19 08:54:41
ORD-630CAA4156,CUST005194,SES001259,PROD000033,2,13055,26110,UPI,paid,2026-07-04 05:02:43
ORD-1831DCD3AA,CUST002497,SES001267,PROD001213,3,20823,62469,UPI,paid,2026-07-03 01:06:01
ORD-A9C81C3710,CUST003081,SES001276,PROD001929,1,62325,62325,Credit Card,paid,2026-07-25 06:55:18
ORD-CC81852CEE,CUST003091,SES001277,PROD000453,2,45939,91878,UPI,refunded,2026-06-28 11:57:30
ORD-34EBDF6863,CUST000920,SES001284,PROD000037,1,10623,10623,UPI,paid,2026-07-18 17:28:26
ORD-5DE14EDC27,CUST001593,SES001290,PROD001160,2,52643,105286,Debit Card,paid,2026-07-04 15:14:54
ORD-1A77C4A6ED,CUST006127,SES001291,PROD001567,1,28913,28913,Debit Card,paid,2026-07-16 15:32:27
ORD-F7D28BE011,CUST006630,SES001299,PROD001314,3,74860,224580,Debit Card,paid,2026-07-18 01:24:19
ORD-A35969EA1B,CUST008949,SES001302,PROD000750,2,39883,79766,Credit Card,paid,2026-07-12 09:11:58
ORD-F36890971D,CUST009349,SES001309,PROD001621,1,56556,56556,Debit Card,paid,2026-07-24 06:53:13
ORD-8CEFA77837,CUST009544,SES001312,PROD001212,1,98640,98640,UPI,paid,2026-06-26 06:35:00
ORD-ABCB85386B,CUST006798,SES001317,PROD000781,2,76885,153770,Wallet,paid,2026-07-11 14:25:05
ORD-CE42E3F4B8,CUST004001,SES001320,PROD000362,2,92423,184846,Credit Card,refunded,2026-07-09 02:27:56
ORD-0D52F63F87,CUST008490,SES001324,PROD000683,3,24482,73446,UPI,paid,2026-07-17 13:01:46
ORD-3632B0BA4E,CUST001635,SES001332,PROD001674,1,64683,64683,Debit Card,paid,2026-07-21 11:11:25
ORD-75B10AF8CF,CUST000304,SES001335,PROD001444,3,66128,198384,UPI,paid,2026-06-27 03:15:23
ORD-A31F526849,CUST007080,SES001338,PROD001636,3,59321,177963,Debit Card,paid,2026-07-22 04:27:25
ORD-2151D62A1E,CUST002756,SES001344,PROD001352,2,38438,76876,Credit Card,paid,2026-07-19 00:43:17
ORD-63E03FD1CC,CUST008966,SES001346,PROD001634,1,5655,5655,Wallet,paid,2026-06-26 17:22:05
ORD-52FFEC59BD,CUST004820,SES001350,PROD000481,3,55850,167550,UPI,paid,2026-07-20 17:13:11
ORD-AFC3A480E9,CUST006264,SES001351,PROD001107,1,60784,60784,UPI,refunded,2026-07-12 13:39:09
ORD-828FA5B046,CUST008095,SES001363,PROD001751,1,25137,25137,UPI,paid,2026-06-29 00:29:21
ORD-456BDE0ACE,CUST008261,SES001367,PROD000769,1,39705,39705,UPI,paid,2026-07-02 21:14:45
ORD-122F7C9108,CUST008463,SES001384,PROD001363,2,95982,191964,Debit Card,paid,2026-07-03 11:11:46
ORD-8EFAF4CA93,CUST008114,SES001395,PROD001252,1,95474,95474,Cash on Delivery,cancelled,2026-07-14 20:20:40
ORD-6A0B716A3A,CUST009235,SES001399,PROD001407,1,14724,14724,UPI,paid,2026-07-05 04:48:01
ORD-8F75092118,CUST007038,SES001408,PROD001311,3,85591,256773,UPI,paid,2026-07-22 19:40:49
ORD-67300D80A9,CUST000169,SES001409,PROD000594,2,1381,2762,Cash on Delivery,paid,2026-07-10 18:08:03
ORD-751C1F330F,CUST009172,SES001416,PROD001312,1,37313,37313,UPI,paid,2026-07-22 21:12:17
ORD-DA80EA5844,CUST004266,SES001418,PROD001749,2,44325,88650,Debit Card,paid,2026-07-01 22:11:54
ORD-C22006E0EB,CUST002617,SES001419,PROD001992,2,72935,145870,Credit Card,paid,2026-07-10 12:12:26
ORD-9571BDD88F,CUST001726,SES001421,PROD000200,3,34444,103332,UPI,paid,2026-07-21 17:45:16
ORD-5E4749EA29,CUST004170,SES001428,PROD001809,1,27630,27630,Debit Card,paid,2026-07-08 13:51:27
ORD-B852EAC529,CUST003371,SES001430,PROD001480,1,52955,52955,UPI,paid,2026-07-02 21:41:20
ORD-A061BBC391,CUST001786,SES001432,PROD001182,2,8986,17972,UPI,paid,2026-06-30 18:24:38
ORD-E824C37BD9,CUST006609,SES001436,PROD000756,2,53814,107628,Debit Card,paid,2026-07-09 05:14:59
ORD-92A2AA06B5,CUST007943,SES001456,PROD001417,1,4001,4001,UPI,paid,2026-06-26 01:36:06
ORD-6B10EB3462,CUST004007,SES001461,PROD001111,1,72856,72856,Debit Card,paid,2026-07-25 12:51:39
ORD-8DA7E98471,CUST008770,SES001462,PROD001506,3,48516,145548,Credit Card,paid,2026-06-30 17:22:23
ORD-54BF6DC625,CUST001876,SES001468,PROD001976,2,63681,127362,Credit Card,paid,2026-06-28 03:36:04
ORD-F8FC7C18AA,CUST004680,SES001472,PROD001358,1,59083,59083,Credit Card,paid,2026-07-12 23:18:33
ORD-5DA47F3BCA,CUST004734,SES001479,PROD001940,1,91806,91806,UPI,paid,2026-07-02 21:53:53
ORD-29280C8D7D,CUST001395,SES001488,PROD001015,1,17075,17075,UPI,paid,2026-07-05 00:24:52
ORD-0551AC4D84,CUST009844,SES001491,PROD001782,2,32728,65456,UPI,paid,2026-07-18 16:07:47
ORD-8774D3498D,CUST001049,SES001501,PROD001429,1,58885,58885,Debit Card,paid,2026-07-10 22:30:15
ORD-27E82C38C3,CUST009286,SES001513,PROD001568,2,60718,121436,Credit Card,paid,2026-07-20 17:09:16
ORD-3279D7F80D,CUST008984,SES001519,PROD001848,1,39551,39551,UPI,cancelled,2026-07-09 21:32:06
ORD-CAB5C97BAC,CUST009997,SES001528,PROD000497,3,81712,245136,UPI,paid,2026-07-03 10:12:40
ORD-9CFADDE21E,CUST002152,SES001534,PROD000266,2,49179,98358,Debit Card,paid,2026-07-02 08:51:58
ORD-F535461192,CUST003756,SES001538,PROD000016,2,22712,45424,Debit Card,paid,2026-07-12 18:43:52
ORD-8DA18ADF4F,CUST006447,SES001547,PROD000439,2,3060,6120,Credit Card,paid,2026-07-20 15:19:34
ORD-5AE860E356,CUST001386,SES001551,PROD000805,3,82192,246576,Wallet,paid,2026-07-25 08:09:09
ORD-B41287391F,CUST000825,SES001568,PROD000096,1,12841,12841,UPI,paid,2026-07-21 04:36:52
ORD-22D8F25679,CUST002555,SES001577,PROD001313,3,54847,164541,UPI,paid,2026-07-05 22:01:30
ORD-0AF78732B9,CUST003447,SES001581,PROD001449,1,16104,16104,Debit Card,paid,2026-07-23 06:00:09
ORD-09B76F9DA0,CUST004741,SES001592,PROD000829,3,72277,216831,Credit Card,paid,2026-07-16 17:40:03
ORD-1556A07CF4,CUST003958,SES001597,PROD000675,3,44956,134868,Credit Card,paid,2026-06-29 08:42:58
ORD-2F760399A0,CUST008920,SES001607,PROD001528,2,44538,89076,Credit Card,paid,2026-07-22 10:40:32
ORD-C220834689,CUST009663,SES001612,PROD000647,1,68516,68516,Wallet,paid,2026-07-10 20:55:34
ORD-F164AB8A50,CUST004637,SES001625,PROD000044,2,75205,150410,Cash on Delivery,paid,2026-07-15 00:48:21
ORD-0E38286164,CUST009913,SES001634,PROD001384,2,23438,46876,Credit Card,paid,2026-07-09 08:52:20
ORD-07BE08E3DD,CUST002713,SES001640,PROD001403,3,22582,67746,Wallet,paid,2026-07-11 06:19:59
ORD-10C7EAC297,CUST006830,SES001643,PROD000395,1,56323,56323,UPI,paid,2026-07-23 13:56:58
ORD-5CBD1A5B2F,CUST003291,SES001644,PROD000422,2,78921,157842,UPI,paid,2026-07-03 14:17:31
ORD-8882CADAE9,CUST006260,SES001646,PROD000070,2,77745,155490,Credit Card,paid,2026-07-17 19:51:58
ORD-E00608DA5B,CUST001356,SES001648,PROD001338,3,24503,73509,UPI,paid,2026-07-11 22:22:04
ORD-E642FF7BA5,CUST009471,SES001650,PROD001405,3,93282,279846,Credit Card,cancelled,2026-07-13 10:59:55
ORD-4F690FC946,CUST000810,SES001651,PROD000200,2,34444,68888,UPI,paid,2026-07-11 15:16:31
ORD-E3F2669207,CUST001096,SES001656,PROD001487,1,39739,39739,Debit Card,paid,2026-07-01 10:12:00
ORD-8C746C0568,CUST001776,SES001662,PROD000503,1,25563,25563,UPI,paid,2026-07-23 19:15:06
ORD-C3BC776BC4,CUST005315,SES001665,PROD001419,2,94399,188798,Credit Card,paid,2026-07-11 23:52:19
ORD-7D1B128FB5,CUST006655,SES001669,PROD000305,2,18176,36352,UPI,paid,2026-07-07 23:20:25
ORD-FA055CDA18,CUST001733,SES001677,PROD001433,3,66019,198057,UPI,paid,2026-07-07 12:32:06
ORD-EB493E9D11,CUST004638,SES001688,PROD000604,1,37721,37721,Wallet,refunded,2026-07-09 04:46:44
ORD-9668A6EDB4,CUST002418,SES001695,PROD000602,2,42869,85738,Debit Card,paid,2026-07-07 20:44:31
ORD-844FF52E7D,CUST000359,SES001696,PROD000819,3,86419,259257,UPI,paid,2026-07-06 03:06:18
ORD-716B90B7BE,CUST003544,SES001697,PROD000585,1,83156,83156,UPI,paid,2026-07-08 19:53:53
ORD-DA9E18F536,CUST004082,SES001699,PROD001584,1,5551,5551,Debit Card,paid,2026-07-12 00:30:37
ORD-33FAB06705,CUST005044,SES001708,PROD000408,3,6954,20862,Cash on Delivery,paid,2026-06-29 22:10:31
ORD-CAD23CAF25,CUST007402,SES001710,PROD000313,2,25959,51918,UPI,paid,2026-07-01 07:12:58
ORD-DADB51D881,CUST009904,SES001713,PROD001334,3,24819,74457,UPI,paid,2026-07-15 20:54:01
ORD-5404786304,CUST007109,SES001725,PROD000372,3,22511,67533,Debit Card,paid,2026-07-11 07:10:30
ORD-A31FB1826D,CUST003619,SES001741,PROD000027,2,89875,179750,UPI,cancelled,2026-07-06 02:46:04
ORD-3194418A41,CUST000703,SES001746,PROD000711,1,52325,52325,Cash on Delivery,paid,2026-07-18 02:34:34
ORD-B55A78BEC5,CUST007288,SES001750,PROD000730,2,63986,127972,Credit Card,paid,2026-07-09 11:19:50
ORD-014C6F019C,CUST001949,SES001753,PROD001330,3,74196,222588,UPI,paid,2026-07-20 06:03:52
ORD-08D0B467B7,CUST001172,SES001756,PROD000149,1,95648,95648,Debit Card,paid,2026-07-13 13:29:09
ORD-C203EA3139,CUST008585,SES001758,PROD000332,1,37410,37410,UPI,paid,2026-06-28 19:05:27
ORD-A323DE6AFC,CUST007539,SES001763,PROD001096,3,68771,206313,UPI,paid,2026-07-24 19:31:34
ORD-6B32921DDE,CUST002277,SES001769,PROD001382,1,47435,47435,UPI,paid,2026-07-17 12:09:23
ORD-AF67D8FB83,CUST004965,SES001786,PROD001293,2,96573,193146,UPI,paid,2026-07-20 07:03:18
ORD-18605894DC,CUST003085,SES001790,PROD001985,3,85406,256218,Credit Card,paid,2026-07-16 03:24:32
ORD-4168A4E0F8,CUST009940,SES001791,PROD001470,3,37806,113418,Debit Card,paid,2026-07-08 01:54:24
ORD-356A64569C,CUST005412,SES001797,PROD000315,2,19799,39598,Credit Card,paid,2026-07-02 17:01:15
ORD-25E7E85A47,CUST005915,SES001799,PROD000246,2,18976,37952,Wallet,paid,2026-07-24 11:48:18
ORD-866204F65F,CUST000264,SES001809,PROD000638,1,16412,16412,UPI,paid,2026-07-18 00:56:17
ORD-5366949FCC,CUST000413,SES001813,PROD000663,3,25326,75978,Wallet,paid,2026-07-18 19:01:53
ORD-D300C7E234,CUST003722,SES001816,PROD001240,2,83929,167858,Cash on Delivery,paid,2026-07-06 15:31:26
ORD-3C9A4663CD,CUST007080,SES001834,PROD000871,3,4177,12531,UPI,paid,2026-07-25 00:11:44
ORD-B6D16ABA8D,CUST007688,SES001838,PROD001623,1,38702,38702,Cash on Delivery,paid,2026-07-20 14:42:18
ORD-8D036CB628,CUST003751,SES001843,PROD001474,2,96987,193974,Credit Card,refunded,2026-07-22 19:16:59
ORD-4BCD73FECE,CUST005681,SES001845,PROD000718,1,71783,71783,Credit Card,paid,2026-07-14 01:39:20
ORD-01586D4FC6,CUST006720,SES001849,PROD001001,2,46620,93240,UPI,paid,2026-07-12 12:10:14
ORD-1557718ECB,CUST002845,SES001853,PROD001137,3,55991,167973,UPI,cancelled,2026-07-16 09:31:08
ORD-B527772659,CUST005583,SES001862,PROD000070,1,77745,77745,Wallet,paid,2026-07-08 17:09:40
ORD-B60498BB59,CUST008410,SES001865,PROD001305,1,59745,59745,Wallet,paid,2026-07-05 15:48:30
ORD-65A736C72B,CUST001750,SES001866,PROD001244,2,67028,134056,Credit Card,paid,2026-07-14 05:27:23
ORD-C9BC5E155C,CUST005942,SES001867,PROD001711,1,8715,8715,UPI,paid,2026-07-06 19:39:13
ORD-B692D2E43A,CUST005102,SES001869,PROD001679,2,27498,54996,UPI,cancelled,2026-06-28 17:15:16
ORD-8A631513DA,CUST003184,SES001870,PROD000041,1,82071,82071,UPI,paid,2026-07-23 10:03:55
ORD-CC109E2EA5,CUST000235,SES001880,PROD000530,3,32755,98265,Credit Card,cancelled,2026-07-18 12:23:28
ORD-60D90A5346,CUST001520,SES001886,PROD001377,2,33225,66450,Credit Card,paid,2026-07-21 01:09:21
ORD-384710EB0F,CUST005166,SES001905,PROD001395,3,76671,230013,UPI,paid,2026-07-22 23:22:24
ORD-8632AFF3D8,CUST006619,SES001909,PROD000944,2,58842,117684,UPI,paid,2026-07-16 18:15:15
ORD-FB5A6FC27D,CUST000240,SES001917,PROD000546,3,12074,36222,UPI,paid,2026-07-20 23:18:53
ORD-08B5FB4C19,CUST008209,SES001925,PROD000852,1,93287,93287,UPI,paid,2026-07-02 23:14:55
ORD-7D72CA4A7F,CUST004025,SES001933,PROD001920,2,99252,198504,Credit Card,paid,2026-07-02 09:14:22
ORD-2F7594518A,CUST008485,SES001938,PROD000874,3,63812,191436,Credit Card,paid,2026-06-30 07:49:30
ORD-B63854A656,CUST005862,SES001943,PROD000058,3,15023,45069,Cash on Delivery,paid,2026-07-06 01:49:59
ORD-7DA2899F44,CUST006965,SES001947,PROD000984,1,61261,61261,Credit Card,paid,2026-07-18 03:45:12
ORD-7E216ACF88,CUST004257,SES001950,PROD001955,3,28450,85350,UPI,paid,2026-07-03 23:08:27
ORD-C2E8B1AB84,CUST003485,SES001953,PROD001537,1,84969,84969,UPI,paid,2026-06-30 06:21:15
ORD-E04096EF83,CUST007923,SES001955,PROD001858,3,42034,126102,Credit Card,refunded,2026-07-14 04:15:14
ORD-284B99E8DF,CUST007224,SES001960,PROD000863,3,465,1395,UPI,paid,2026-07-20 21:45:11
ORD-5E77D42707,CUST007995,SES001961,PROD000665,2,89874,179748,Credit Card,cancelled,2026-07-15 06:15:44
ORD-EBFAE028BB,CUST000647,SES001965,PROD001208,2,32473,64946,Credit Card,paid,2026-07-06 22:14:16
ORD-E1762AD46D,CUST004555,SES001971,PROD000435,2,38383,76766,UPI,paid,2026-07-19 18:51:19
ORD-EC4BF8AB81,CUST006770,SES001974,PROD001683,2,60719,121438,Credit Card,paid,2026-07-04 02:22:40
ORD-3A70888A86,CUST009620,SES001977,PROD001223,2,24326,48652,Credit Card,paid,2026-07-25 04:41:15
ORD-E7F35E32BF,CUST002716,SES001981,PROD000469,1,27217,27217,UPI,paid,2026-07-05 23:13:50
ORD-3E983549CC,CUST008750,SES001983,PROD001463,3,33663,100989,UPI,refunded,2026-06-28 03:41:44
ORD-E2C51F74F9,CUST002707,SES001985,PROD000315,3,19799,59397,UPI,refunded,2026-06-29 01:30:48
ORD-4F767586FE,CUST001233,SES001989,PROD000411,3,81257,243771,Wallet,paid,2026-07-04 06:27:25
ORD-B3E04E0FDB,CUST007603,SES001992,PROD000473,3,59282,177846,Debit Card,paid,2026-06-29 01:31:22
ORD-6C206BCDA1,CUST001946,SES001997,PROD000261,1,21431,21431,UPI,refunded,2026-07-05 02:02:14
ORD-884E503319,CUST000373,SES002008,PROD001473,1,55044,55044,UPI,paid,2026-06-29 10:11:28
ORD-6E66DB8FD9,CUST006865,SES002023,PROD000875,1,72912,72912,Wallet,paid,2026-07-10 23:35:46
ORD-743CF9227D,CUST006462,SES002032,PROD000603,3,62653,187959,Wallet,paid,2026-07-02 10:15:24
ORD-40224B5C95,CUST000805,SES002036,PROD000686,2,49688,99376,Credit Card,paid,2026-07-22 03:47:16
ORD-0BB0A2E09C,CUST003401,SES002039,PROD001072,1,42656,42656,UPI,refunded,2026-06-28 14:11:27
ORD-37FFEDBB09,CUST001681,SES002040,PROD000720,2,89269,178538,Credit Card,paid,2026-07-17 08:08:15
ORD-BB80041E4D,CUST005240,SES002045,PROD000868,1,31699,31699,UPI,paid,2026-07-14 13:56:05
ORD-740D7D5846,CUST003016,SES002052,PROD000343,2,25634,51268,UPI,paid,2026-07-24 15:50:12
ORD-9E3F01CC1A,CUST007906,SES002054,PROD000050,3,34754,104262,Debit Card,paid,2026-06-30 05:13:23
ORD-8F9CC2084E,CUST002238,SES002066,PROD001493,3,73101,219303,UPI,paid,2026-07-12 05:33:45
ORD-4C4F54030A,CUST006907,SES002079,PROD000028,2,85703,171406,Credit Card,paid,2026-07-17 21:39:51
ORD-576F5C8298,CUST009001,SES002084,PROD001906,3,21258,63774,UPI,paid,2026-07-24 02:45:50
ORD-58EF6146AF,CUST008493,SES002085,PROD001189,3,51673,155019,Credit Card,paid,2026-07-19 09:29:38
ORD-FF813D8AEA,CUST003822,SES002087,PROD001264,3,2432,7296,Debit Card,paid,2026-06-28 11:44:08
ORD-C9AF9E9729,CUST002490,SES002107,PROD001008,2,75544,151088,Credit Card,paid,2026-06-28 17:09:11
ORD-C5F8F23EAE,CUST008419,SES002110,PROD001499,1,40148,40148,Credit Card,paid,2026-07-24 08:53:32
ORD-F458CAB47B,CUST008383,SES002112,PROD001794,2,58239,116478,UPI,paid,2026-07-06 08:04:20
ORD-3AE8769384,CUST006876,SES002138,PROD001110,3,3992,11976,Debit Card,paid,2026-06-26 14:09:34
ORD-52A04DAB1D,CUST001477,SES002140,PROD001575,2,79752,159504,UPI,paid,2026-06-28 07:19:28
ORD-EF4A398AFF,CUST005950,SES002141,PROD001623,3,38702,116106,Credit Card,paid,2026-07-07 03:59:08
ORD-C4B255405D,CUST004303,SES002154,PROD001016,1,38953,38953,Debit Card,paid,2026-07-13 01:38:24
ORD-17DB9D12EB,CUST006573,SES002165,PROD000197,1,97393,97393,UPI,paid,2026-07-05 10:05:49
ORD-88A7E94166,CUST003025,SES002171,PROD001877,3,20003,60009,Wallet,paid,2026-07-16 19:35:57
ORD-98858F5C22,CUST006921,SES002176,PROD000227,3,37500,112500,Credit Card,paid,2026-07-03 07:51:06
ORD-434C0DBEF9,CUST008661,SES002177,PROD001304,2,54538,109076,UPI,paid,2026-07-18 06:14:04
ORD-2395DC192D,CUST002627,SES002181,PROD001126,3,32986,98958,Credit Card,paid,2026-07-06 06:39:18
ORD-7767FDB997,CUST002734,SES002185,PROD000155,3,50465,151395,Credit Card,paid,2026-07-03 00:45:12
ORD-B63CD90253,CUST006046,SES002189,PROD000103,1,75362,75362,Wallet,paid,2026-07-05 23:33:06
ORD-0C059A0C18,CUST004640,SES002197,PROD000569,3,38000,114000,UPI,paid,2026-07-22 13:21:34
ORD-E187066E58,CUST002341,SES002199,PROD000565,2,57410,114820,UPI,cancelled,2026-07-21 05:50:52
ORD-40AE5363EC,CUST005942,SES002202,PROD000794,3,67372,202116,UPI,paid,2026-07-11 22:30:38
ORD-556A001B78,CUST002925,SES002205,PROD001821,1,51642,51642,Credit Card,paid,2026-07-13 16:20:53
ORD-D9A5D904FD,CUST003301,SES002213,PROD000533,1,59323,59323,Credit Card,paid,2026-07-14 06:47:49
ORD-1B08284808,CUST004394,SES002218,PROD001307,3,23271,69813,Cash on Delivery,paid,2026-06-30 20:28:55
ORD-ACC958D209,CUST006839,SES002222,PROD001235,1,63410,63410,Cash on Delivery,paid,2026-06-28 05:45:46
ORD-DDF24A6D37,CUST004367,SES002228,PROD000862,3,5509,16527,UPI,paid,2026-07-25 11:08:15
ORD-70DAAB70AD,CUST002619,SES002229,PROD001311,3,85591,256773,Wallet,paid,2026-06-27 07:40:03
ORD-B040595B96,CUST008643,SES002241,PROD000602,2,42869,85738,UPI,paid,2026-07-19 07:05:25
ORD-6F84F63A0C,CUST008253,SES002242,PROD001485,2,87431,174862,UPI,paid,2026-07-21 17:55:25
ORD-2FDAEA54D7,CUST004983,SES002247,PROD000507,3,5869,17607,Debit Card,paid,2026-07-16 14:26:10
ORD-038E3B45CA,CUST000715,SES002266,PROD001899,1,53002,53002,UPI,refunded,2026-06-27 20:36:44
ORD-12EA3F0F08,CUST004203,SES002270,PROD000151,2,19908,39816,Wallet,refunded,2026-07-20 08:27:32
ORD-3BCC2398E7,CUST004918,SES002296,PROD001920,1,99252,99252,Credit Card,cancelled,2026-07-12 09:34:46
ORD-5BE2DFD4DB,CUST004408,SES002311,PROD001835,1,50917,50917,UPI,paid,2026-07-21 14:03:39
ORD-F6A0A493D0,CUST006371,SES002313,PROD001651,1,26984,26984,UPI,paid,2026-06-28 08:55:38
ORD-2E8272389A,CUST003852,SES002314,PROD001572,2,76271,152542,Debit Card,paid,2026-06-26 09:26:34
ORD-DB6353EB99,CUST009137,SES002318,PROD001906,1,21258,21258,Cash on Delivery,paid,2026-07-15 03:52:36
ORD-6E68199E34,CUST009684,SES002324,PROD000875,2,72912,145824,UPI,cancelled,2026-06-28 03:34:55
ORD-7BE191EF23,CUST002601,SES002325,PROD001801,2,79951,159902,Credit Card,paid,2026-07-01 05:06:38
ORD-0F29C196F3,CUST005805,SES002327,PROD001089,2,19487,38974,Credit Card,paid,2026-07-25 10:45:07
ORD-7F82AC3E91,CUST005888,SES002352,PROD001613,3,54604,163812,Wallet,paid,2026-07-25 18:42:06
ORD-1F37E04DE4,CUST006950,SES002353,PROD000804,2,22240,44480,UPI,paid,2026-07-22 04:21:38
ORD-594B6169FD,CUST001740,SES002360,PROD001040,2,24413,48826,UPI,paid,2026-07-11 14:09:44
ORD-F8DBF413EC,CUST009753,SES002361,PROD000330,1,97694,97694,UPI,paid,2026-07-13 14:41:12
ORD-15FBAD3776,CUST009319,SES002371,PROD000911,2,93687,187374,Wallet,paid,2026-06-26 18:30:38
ORD-F215AFC860,CUST004832,SES002372,PROD001542,1,34694,34694,Debit Card,refunded,2026-07-24 04:51:34
ORD-4F23D09F25,CUST004426,SES002382,PROD001110,2,3992,7984,UPI,paid,2026-07-03 21:38:58
ORD-FAEF93EF8D,CUST007449,SES002397,PROD001261,1,4521,4521,UPI,paid,2026-07-20 18:29:31
ORD-75DDDBECF9,CUST002854,SES002401,PROD001527,2,65251,130502,UPI,paid,2026-07-13 06:24:02
ORD-EB5D67A823,CUST005727,SES002404,PROD000340,2,86397,172794,Credit Card,paid,2026-07-25 03:42:08
ORD-AD309FEE2B,CUST000358,SES002405,PROD000531,3,11148,33444,UPI,paid,2026-07-17 22:27:21
ORD-1C03C6BAC2,CUST005488,SES002414,PROD001010,2,69165,138330,UPI,paid,2026-07-11 14:13:23
ORD-5472E37B8A,CUST002963,SES002424,PROD001116,3,14354,43062,Credit Card,paid,2026-07-22 07:43:18
ORD-311C5D5925,CUST001499,SES002445,PROD000570,1,13605,13605,Credit Card,paid,2026-07-21 21:03:10
ORD-0D1E59F601,CUST000673,SES002446,PROD000246,2,18976,37952,Credit Card,paid,2026-07-13 09:57:40
ORD-5D0D128664,CUST009766,SES002451,PROD001150,1,81079,81079,UPI,paid,2026-07-06 18:19:36
ORD-AD29CBDC62,CUST009077,SES002452,PROD001289,1,77925,77925,Wallet,refunded,2026-07-06 09:44:47
ORD-2EB2E3A5E6,CUST008521,SES002457,PROD001514,1,78015,78015,Cash on Delivery,paid,2026-07-17 19:09:26
ORD-333B351DA4,CUST004560,SES002474,PROD000046,2,35024,70048,UPI,paid,2026-07-14 10:10:33
ORD-8B9E832989,CUST001074,SES002482,PROD001784,2,53062,106124,Debit Card,paid,2026-07-04 11:29:09
ORD-37314FA064,CUST007985,SES002491,PROD001828,3,19201,57603,Credit Card,paid,2026-07-22 08:07:19
ORD-74DB7B2FB8,CUST006195,SES002492,PROD001294,1,5072,5072,Debit Card,cancelled,2026-06-30 19:38:56
ORD-9C63B57E12,CUST002449,SES002494,PROD001194,2,91717,183434,Cash on Delivery,refunded,2026-07-24 07:36:49
ORD-58762E7643,CUST006288,SES002501,PROD000860,1,59485,59485,UPI,cancelled,2026-07-20 18:12:21
ORD-477C25B157,CUST001442,SES002513,PROD001029,2,13720,27440,Debit Card,paid,2026-07-13 00:31:37
ORD-8E24C4E5A9,CUST008397,SES002515,PROD000518,2,66393,132786,UPI,paid,2026-07-08 07:57:01
ORD-49FBD5D163,CUST009736,SES002519,PROD000165,2,19791,39582,Debit Card,paid,2026-06-28 04:32:47
ORD-91A0249644,CUST004508,SES002522,PROD001799,2,29734,59468,Debit Card,paid,2026-07-12 00:51:04
ORD-3A5A73AD48,CUST001675,SES002543,PROD000377,2,55755,111510,Cash on Delivery,paid,2026-06-30 14:29:04
ORD-13BE5E3626,CUST001815,SES002545,PROD000568,3,18726,56178,Cash on Delivery,paid,2026-07-09 09:50:09
ORD-812DEB87F7,CUST006227,SES002547,PROD001414,2,25274,50548,UPI,paid,2026-07-19 07:06:03
ORD-0BD71684D0,CUST008112,SES002561,PROD000368,3,35453,106359,UPI,paid,2026-07-05 01:53:58
ORD-01B3BBD448,CUST002281,SES002569,PROD001187,1,9102,9102,Cash on Delivery,paid,2026-07-18 14:19:08
ORD-E80993A781,CUST005670,SES002570,PROD001758,1,57936,57936,UPI,paid,2026-07-15 02:12:46
ORD-A02ACD57E9,CUST001954,SES002573,PROD001586,1,23456,23456,Debit Card,paid,2026-07-19 18:34:02
ORD-3E052299AD,CUST009303,SES002586,PROD000764,2,74926,149852,UPI,paid,2026-06-29 01:41:55
ORD-2DA940A899,CUST006626,SES002590,PROD001529,3,76915,230745,UPI,cancelled,2026-06-26 14:25:29
ORD-F68A83EF1E,CUST009697,SES002596,PROD000159,1,48183,48183,UPI,refunded,2026-07-13 17:13:31
ORD-8A5F58EB9B,CUST000989,SES002599,PROD001933,3,86964,260892,UPI,cancelled,2026-07-20 05:12:53
ORD-6E4DA1FA36,CUST008893,SES002607,PROD000100,3,46659,139977,Debit Card,paid,2026-07-13 18:01:49
ORD-19B54A342B,CUST009056,SES002616,PROD001169,1,45154,45154,Credit Card,paid,2026-07-18 07:29:27
ORD-0A0C6B1BA9,CUST003708,SES002631,PROD000603,1,62653,62653,UPI,paid,2026-07-09 13:43:53
ORD-6E92FA4CAB,CUST002175,SES002640,PROD000936,3,74989,224967,Credit Card,paid,2026-07-23 02:12:27
ORD-4D9A5E224D,CUST007442,SES002646,PROD000620,2,77147,154294,UPI,paid,2026-06-25 22:33:44
ORD-91C5CF1B0D,CUST006628,SES002651,PROD000651,1,68016,68016,UPI,paid,2026-07-14 13:37:10
ORD-3C9515FC06,CUST001888,SES002652,PROD000336,3,21392,64176,UPI,paid,2026-06-26 09:46:35
ORD-1207BFE5D3,CUST003730,SES002655,PROD001562,2,29129,58258,UPI,paid,2026-07-16 10:40:33
ORD-2BE5BD24D8,CUST005484,SES002658,PROD000624,2,38373,76746,Credit Card,paid,2026-07-02 21:27:05
ORD-2D55D5CCEC,CUST001475,SES002660,PROD000553,1,69457,69457,Wallet,paid,2026-07-13 06:01:35
ORD-3727CFAD99,CUST005289,SES002662,PROD000039,2,82915,165830,UPI,paid,2026-07-16 20:50:02
ORD-9751BB587A,CUST002510,SES002663,PROD001088,2,86017,172034,Cash on Delivery,paid,2026-07-04 15:41:18
ORD-B43A9F8D23,CUST004960,SES002671,PROD001298,1,77353,77353,Wallet,paid,2026-07-22 07:44:08
ORD-E90F5DD0C8,CUST008635,SES002680,PROD001349,3,19701,59103,Wallet,paid,2026-06-25 22:35:18
ORD-644B56B963,CUST008857,SES002684,PROD001689,1,84316,84316,UPI,paid,2026-07-04 17:38:50
ORD-CC43B9105A,CUST002597,SES002688,PROD001508,3,46910,140730,Credit Card,paid,2026-07-18 11:46:09
ORD-8796685F88,CUST006433,SES002693,PROD001066,2,61725,123450,Wallet,paid,2026-07-01 05:07:03
ORD-728F13BD4C,CUST007790,SES002707,PROD001595,2,99805,199610,UPI,paid,2026-06-26 06:37:19
ORD-9C19418B1B,CUST003442,SES002712,PROD000803,2,88868,177736,UPI,paid,2026-07-05 00:57:05
ORD-EBA8F81440,CUST004784,SES002716,PROD001162,2,20140,40280,UPI,paid,2026-07-22 10:18:50
ORD-1326D34998,CUST006217,SES002726,PROD000028,3,85703,257109,Cash on Delivery,refunded,2026-07-24 17:04:04
ORD-6FF3858739,CUST008044,SES002731,PROD001815,1,67956,67956,Wallet,paid,2026-07-07 17:53:31
ORD-80C18E0D4E,CUST002938,SES002738,PROD001112,1,25693,25693,Cash on Delivery,paid,2026-07-09 11:32:54
ORD-B4D0919312,CUST000983,SES002741,PROD001169,1,45154,45154,Credit Card,paid,2026-07-10 22:51:08
ORD-D9032600C0,CUST002729,SES002742,PROD001427,1,91308,91308,Credit Card,paid,2026-07-22 23:24:21
ORD-39444B683C,CUST002664,SES002744,PROD000175,1,99173,99173,Debit Card,paid,2026-06-28 10:58:07
ORD-E0EC12D443,CUST000424,SES002746,PROD000830,2,58722,117444,Debit Card,paid,2026-07-05 12:02:36
ORD-6048F2DB5E,CUST003793,SES002763,PROD001919,1,13874,13874,UPI,paid,2026-06-26 16:10:29
ORD-265AEF9B37,CUST005630,SES002764,PROD001545,3,83289,249867,UPI,paid,2026-06-28 00:19:59
ORD-0442DD8E61,CUST006013,SES002766,PROD001633,3,62825,188475,UPI,paid,2026-07-25 07:22:14
ORD-CC97F5A205,CUST003463,SES002781,PROD000337,1,54737,54737,UPI,paid,2026-07-03 09:30:35
ORD-BA71C50F18,CUST001235,SES002782,PROD000178,2,32893,65786,UPI,paid,2026-07-15 17:09:25
ORD-E623A460CE,CUST004389,SES002786,PROD000703,2,29709,59418,Wallet,paid,2026-07-05 17:15:34
ORD-130AC447D7,CUST009120,SES002788,PROD000652,3,62458,187374,UPI,paid,2026-06-26 07:59:31
ORD-FAC93DB45D,CUST007800,SES002789,PROD000021,2,26478,52956,UPI,paid,2026-07-11 15:53:48
ORD-8F215DC69C,CUST009161,SES002793,PROD001774,3,70894,212682,Credit Card,paid,2026-06-30 13:22:27
ORD-8E2F7CBE1D,CUST002697,SES002807,PROD000123,2,77861,155722,UPI,paid,2026-07-19 21:27:02
ORD-4AA6C2F979,CUST005376,SES002815,PROD000531,2,11148,22296,UPI,paid,2026-06-28 15:03:38
ORD-1FA9D95A1C,CUST000410,SES002835,PROD001547,1,79589,79589,Cash on Delivery,paid,2026-07-01 00:23:41
ORD-7E929E24D1,CUST001286,SES002837,PROD001912,2,23793,47586,Debit Card,paid,2026-07-06 08:59:53
ORD-807697D22A,CUST002407,SES002843,PROD000522,2,78059,156118,UPI,paid,2026-07-23 14:05:13
ORD-4C051FFA57,CUST008441,SES002861,PROD000749,2,58826,117652,UPI,paid,2026-07-20 09:05:59
ORD-5A33D3951D,CUST007755,SES002862,PROD001480,2,52955,105910,Wallet,paid,2026-07-19 20:45:36
ORD-14196902C3,CUST004256,SES002866,PROD001215,2,40722,81444,Cash on Delivery,paid,2026-06-29 21:33:03
ORD-9FF578F392,CUST001213,SES002877,PROD000498,1,47256,47256,Credit Card,refunded,2026-07-15 11:39:53
ORD-371CFB26C5,CUST004701,SES002890,PROD001927,1,13436,13436,Cash on Delivery,paid,2026-07-15 07:55:23
ORD-37D3CE97AC,CUST005183,SES002891,PROD001636,3,59321,177963,UPI,paid,2026-07-24 00:45:47
ORD-5B1FE98CF6,CUST006363,SES002896,PROD000366,3,57693,173079,Credit Card,paid,2026-07-16 21:16:22
ORD-2EE7572BF4,CUST004496,SES002917,PROD000445,3,78690,236070,Cash on Delivery,paid,2026-07-07 21:16:45
ORD-D9DE8256ED,CUST005025,SES002923,PROD000315,3,19799,59397,Credit Card,paid,2026-07-15 22:20:11
ORD-4F93C8B83F,CUST006352,SES002926,PROD001570,3,81731,245193,UPI,paid,2026-06-27 21:00:39
ORD-4711535DF5,CUST006692,SES002929,PROD000974,1,48254,48254,UPI,paid,2026-07-21 13:28:14
ORD-EC475CC704,CUST005812,SES002934,PROD000439,3,3060,9180,Debit Card,paid,2026-07-17 19:03:23
ORD-76EA4DC923,CUST006647,SES002943,PROD000845,1,72092,72092,UPI,paid,2026-06-27 06:34:19
ORD-896F515B76,CUST000611,SES002964,PROD000496,2,53326,106652,Debit Card,paid,2026-07-02 15:54:01
ORD-03B97AA513,CUST008734,SES002968,PROD000471,1,95040,95040,Cash on Delivery,paid,2026-07-23 10:42:17
ORD-91EC4EFBD1,CUST007240,SES002979,PROD001661,1,11211,11211,Debit Card,refunded,2026-06-28 20:20:27
ORD-B8C4516EB4,CUST001033,SES002985,PROD001599,1,8783,8783,Cash on Delivery,paid,2026-06-27 22:08:23
ORD-5923E36483,CUST001126,SES002990,PROD000745,2,76285,152570,Debit Card,paid,2026-07-24 10:11:54
ORD-5142747841,CUST001818,SES003007,PROD000069,2,20286,40572,UPI,paid,2026-07-21 21:43:04
ORD-7913989BF0,CUST003031,SES003011,PROD001153,3,43879,131637,UPI,paid,2026-07-07 18:01:10
ORD-92FFD4745F,CUST002028,SES003012,PROD000071,3,53835,161505,Cash on Delivery,cancelled,2026-07-09 01:00:50
ORD-D6F8B6E1E4,CUST005983,SES003018,PROD001118,2,53107,106214,UPI,paid,2026-07-15 11:32:58
ORD-7C991A2196,CUST005798,SES003029,PROD001965,1,20391,20391,UPI,refunded,2026-06-29 06:16:40
ORD-511DE40793,CUST001895,SES003030,PROD001535,2,96580,193160,UPI,paid,2026-06-29 16:29:50
ORD-4516BC6216,CUST004328,SES003031,PROD001567,2,28913,57826,Wallet,paid,2026-07-12 17:42:40
ORD-1405CAD28B,CUST005428,SES003036,PROD001713,1,76281,76281,Debit Card,paid,2026-07-01 04:08:58
ORD-D5AC0D8A57,CUST002635,SES003037,PROD001415,1,79899,79899,Wallet,paid,2026-06-29 05:44:13
ORD-C379A455DA,CUST006686,SES003054,PROD000372,3,22511,67533,UPI,paid,2026-07-05 07:30:24
ORD-BAAE69990D,CUST009923,SES003055,PROD000914,3,21498,64494,Debit Card,paid,2026-07-19 23:09:50
ORD-3CC0303471,CUST007153,SES003061,PROD001013,3,21947,65841,Debit Card,paid,2026-07-17 19:27:13
ORD-FE46D73BF2,CUST000675,SES003064,PROD000181,1,58526,58526,Credit Card,paid,2026-07-07 17:06:32
ORD-BA68ABC7EA,CUST000623,SES003073,PROD001775,2,42251,84502,UPI,paid,2026-07-25 02:49:35
ORD-9276DED3C6,CUST000102,SES003074,PROD001539,3,81084,243252,UPI,paid,2026-07-06 12:09:56
ORD-8EF71C26B0,CUST002795,SES003078,PROD001139,1,79279,79279,Debit Card,paid,2026-07-05 10:56:50
ORD-4C059CB26D,CUST005287,SES003090,PROD000498,3,47256,141768,UPI,paid,2026-07-21 01:26:32
ORD-362AE2F0AA,CUST009307,SES003094,PROD000785,3,48617,145851,UPI,paid,2026-07-04 05:18:13
ORD-8058DC03F6,CUST003211,SES003098,PROD001310,2,99942,199884,Wallet,paid,2026-07-05 22:44:01
ORD-64D9111C6B,CUST002775,SES003101,PROD001031,2,98285,196570,UPI,paid,2026-07-10 14:51:32
ORD-612E50C6F6,CUST002629,SES003104,PROD000959,3,70498,211494,Credit Card,paid,2026-07-01 10:28:12
ORD-9B6EAA87EE,CUST007149,SES003116,PROD000983,1,25878,25878,UPI,refunded,2026-07-06 17:52:56
ORD-BF9838C194,CUST007688,SES003117,PROD001861,2,1436,2872,UPI,paid,2026-07-04 10:27:52
ORD-77D765E1C4,CUST007019,SES003131,PROD000160,2,21040,42080,Cash on Delivery,paid,2026-07-19 06:56:31
ORD-0E22411D66,CUST008828,SES003137,PROD001005,2,42492,84984,Debit Card,paid,2026-07-11 00:11:12
ORD-3234479522,CUST006307,SES003155,PROD000462,1,69455,69455,Credit Card,paid,2026-07-01 19:06:27
ORD-1F71D1CB97,CUST002257,SES003161,PROD000192,2,84558,169116,Debit Card,paid,2026-07-03 07:03:52
ORD-5D13C99211,CUST002944,SES003164,PROD000188,2,45597,91194,UPI,refunded,2026-06-27 18:38:39
ORD-5F51BF3E75,CUST000445,SES003169,PROD001539,1,81084,81084,UPI,paid,2026-07-05 04:05:37
ORD-FD85C66CC7,CUST004019,SES003172,PROD001619,1,13051,13051,UPI,paid,2026-06-27 20:26:23
ORD-6505C9DCBD,CUST006998,SES003176,PROD001889,2,43334,86668,Wallet,paid,2026-06-28 23:13:08
ORD-F51CF3855F,CUST003252,SES003203,PROD001821,1,51642,51642,Credit Card,paid,2026-07-21 22:39:24
ORD-30CB7E2654,CUST006305,SES003208,PROD001241,2,33908,67816,Cash on Delivery,paid,2026-07-24 05:48:31
ORD-D6F3C5B21A,CUST008772,SES003213,PROD001449,2,16104,32208,Cash on Delivery,paid,2026-07-14 08:59:02
ORD-A5ABFD2575,CUST005465,SES003219,PROD000436,3,55711,167133,Debit Card,paid,2026-07-25 02:49:45
ORD-9AFD01B44B,CUST008466,SES003220,PROD001616,2,49091,98182,UPI,cancelled,2026-07-08 21:56:12
ORD-82285E2351,CUST009420,SES003223,PROD000244,1,77866,77866,Credit Card,paid,2026-07-13 12:21:52
ORD-F0D6E13F7A,CUST008511,SES003228,PROD000661,1,55394,55394,Wallet,paid,2026-07-23 12:02:38
ORD-D22591DAE5,CUST000654,SES003229,PROD000201,1,78588,78588,UPI,paid,2026-07-08 12:12:06
ORD-C4944B5FAC,CUST007343,SES003230,PROD001203,1,4494,4494,Cash on Delivery,paid,2026-07-03 14:42:26
ORD-95D830701C,CUST009398,SES003240,PROD000468,3,92394,277182,UPI,paid,2026-07-08 00:29:30
ORD-4AD18F0797,CUST007395,SES003242,PROD001809,2,27630,55260,UPI,paid,2026-07-18 11:17:09
ORD-2571BC544D,CUST003113,SES003252,PROD001954,2,47602,95204,Cash on Delivery,paid,2026-06-28 06:53:19
ORD-F0C379FBBA,CUST009115,SES003253,PROD000149,2,95648,191296,UPI,paid,2026-07-22 09:58:11
ORD-3118214F72,CUST002939,SES003262,PROD001746,1,86503,86503,Credit Card,paid,2026-07-06 09:38:25
ORD-D3F98D1476,CUST005117,SES003267,PROD001344,3,96810,290430,UPI,paid,2026-07-17 17:04:08
ORD-A5397BB478,CUST007532,SES003270,PROD001760,3,21195,63585,Credit Card,paid,2026-07-16 17:31:56
ORD-D2CC7162F9,CUST009535,SES003282,PROD000873,1,84333,84333,Debit Card,paid,2026-06-28 18:00:52
ORD-0A918F861A,CUST003150,SES003295,PROD000941,2,15212,30424,Debit Card,paid,2026-06-28 17:38:36
ORD-E3B69A2B7D,CUST000610,SES003301,PROD000853,1,93765,93765,UPI,paid,2026-07-22 07:16:35
ORD-A87F357832,CUST009609,SES003302,PROD000127,2,91762,183524,UPI,paid,2026-07-13 10:36:31
ORD-60B43D4ECE,CUST009988,SES003310,PROD000273,1,79144,79144,UPI,cancelled,2026-07-17 19:47:19
ORD-4016840DBA,CUST001199,SES003311,PROD000987,1,32868,32868,UPI,paid,2026-07-20 06:03:38
ORD-ADAD15A5F6,CUST007803,SES003325,PROD000812,2,45788,91576,Credit Card,paid,2026-07-13 04:13:13
ORD-6AE2ED0DA0,CUST006377,SES003327,PROD001986,2,91993,183986,UPI,paid,2026-06-28 03:56:01
ORD-D8D1DE1E90,CUST003254,SES003328,PROD001524,3,74274,222822,UPI,cancelled,2026-07-20 15:59:58
ORD-4D4C7589A5,CUST004626,SES003330,PROD000782,1,76015,76015,UPI,paid,2026-07-11 19:17:01
ORD-6DAE4D1190,CUST009539,SES003334,PROD001546,3,58336,175008,Wallet,paid,2026-06-30 18:41:05
ORD-5A946B816B,CUST002510,SES003349,PROD001532,2,49501,99002,Debit Card,paid,2026-07-18 08:31:06
ORD-E7822888DB,CUST002703,SES003351,PROD001176,2,79437,158874,UPI,paid,2026-07-09 23:19:16
ORD-5B2B3C8700,CUST005607,SES003355,PROD001564,1,47414,47414,UPI,paid,2026-07-01 17:44:37
ORD-078981CA2D,CUST005265,SES003357,PROD001299,2,75639,151278,UPI,paid,2026-07-07 04:26:43
ORD-5E20E55113,CUST001897,SES003362,PROD001475,1,83687,83687,Debit Card,paid,2026-07-03 20:39:34
ORD-69E89FF3C1,CUST002685,SES003368,PROD000617,3,67675,203025,Credit Card,refunded,2026-07-19 12:12:46
ORD-36B7B02098,CUST009032,SES003374,PROD001015,2,17075,34150,UPI,paid,2026-06-28 20:13:00
ORD-EF6D1B1AF2,CUST007889,SES003376,PROD001199,1,97680,97680,Credit Card,paid,2026-07-13 04:38:29
ORD-1E786BFA64,CUST005725,SES003378,PROD001181,2,47783,95566,Wallet,paid,2026-07-18 09:15:20
ORD-46DEF89BB8,CUST009303,SES003381,PROD001468,3,2866,8598,UPI,paid,2026-07-10 18:45:23
ORD-F0CB619E72,CUST003823,SES003395,PROD001165,3,44350,133050,UPI,paid,2026-06-26 04:18:25
ORD-87D76B08DE,CUST000795,SES003399,PROD000590,3,9418,28254,Debit Card,paid,2026-06-30 19:25:08
ORD-66FCF031CE,CUST008968,SES003400,PROD001722,2,24382,48764,Credit Card,paid,2026-07-11 10:43:20
ORD-6230C9D695,CUST004588,SES003401,PROD001353,2,59241,118482,UPI,paid,2026-07-05 03:54:00
ORD-29C9F363D8,CUST005263,SES003403,PROD000395,1,56323,56323,UPI,paid,2026-07-21 20:02:28
ORD-1C27AEEA8A,CUST001788,SES003404,PROD000182,2,80396,160792,Credit Card,paid,2026-07-21 01:26:47
ORD-1BF18FB28C,CUST006042,SES003407,PROD000827,1,78768,78768,UPI,paid,2026-07-22 17:28:13
ORD-75F46B51FF,CUST006364,SES003411,PROD000986,1,5072,5072,Credit Card,cancelled,2026-07-07 01:47:23
ORD-AD217767D9,CUST000674,SES003421,PROD000903,1,16945,16945,Credit Card,paid,2026-07-09 14:15:51
ORD-A303B70FC0,CUST008420,SES003430,PROD001302,3,8755,26265,UPI,paid,2026-07-03 06:37:02
ORD-D8FB85022E,CUST002903,SES003442,PROD001693,3,35522,106566,Debit Card,paid,2026-07-24 09:48:23
ORD-1F7FABC5B2,CUST006108,SES003446,PROD000893,3,22430,67290,Debit Card,paid,2026-07-04 03:49:44
ORD-CF3499C36E,CUST002809,SES003483,PROD000513,3,21931,65793,UPI,paid,2026-07-05 05:46:39
ORD-6EDEB2E674,CUST001913,SES003488,PROD001553,1,10954,10954,UPI,paid,2026-07-09 05:42:57
ORD-83709662A2,CUST004170,SES003497,PROD001156,3,23519,70557,UPI,refunded,2026-07-03 00:41:04
ORD-D638843688,CUST001854,SES003506,PROD000452,3,1102,3306,Debit Card,paid,2026-07-13 05:03:40
ORD-E92B27BA05,CUST001644,SES003507,PROD000945,2,71745,143490,UPI,paid,2026-07-23 10:24:52
ORD-9A4A4D915D,CUST004902,SES003508,PROD001947,3,60537,181611,UPI,paid,2026-07-24 04:22:27
ORD-96B7C0C246,CUST009602,SES003512,PROD001243,2,48378,96756,Credit Card,paid,2026-06-28 13:30:31
ORD-C1D6080317,CUST007681,SES003528,PROD001165,3,44350,133050,UPI,paid,2026-07-08 15:20:43
ORD-40A6A80921,CUST003148,SES003545,PROD001238,2,32748,65496,UPI,paid,2026-07-16 00:48:56
ORD-4A0FC754B0,CUST008318,SES003561,PROD000384,2,98945,197890,Debit Card,refunded,2026-07-21 11:13:38
ORD-5ABF0831BA,CUST008323,SES003564,PROD000744,2,13777,27554,UPI,paid,2026-07-09 06:52:49
ORD-B72F61EF01,CUST006241,SES003571,PROD001179,1,1646,1646,Credit Card,paid,2026-06-29 23:09:22
ORD-7B81E9E240,CUST003206,SES003579,PROD000072,3,19496,58488,UPI,paid,2026-07-14 18:39:11
ORD-351D98445F,CUST008935,SES003581,PROD000226,1,75591,75591,Debit Card,paid,2026-07-23 11:49:12
ORD-25404FA0A6,CUST002068,SES003584,PROD001618,2,50210,100420,UPI,paid,2026-07-18 13:55:10
ORD-FBA40C11B5,CUST001738,SES003589,PROD000326,1,66810,66810,Debit Card,paid,2026-07-05 16:32:31
ORD-415B13D36F,CUST006374,SES003602,PROD001110,3,3992,11976,Debit Card,paid,2026-07-04 10:18:33
ORD-CCB70BD0DE,CUST005755,SES003605,PROD000419,3,89072,267216,Debit Card,paid,2026-06-29 10:56:32
ORD-953CA11697,CUST000910,SES003608,PROD000859,2,69942,139884,Credit Card,cancelled,2026-07-02 22:24:17
ORD-E4DFA4059F,CUST004520,SES003614,PROD000657,2,95720,191440,UPI,paid,2026-07-23 09:45:07
ORD-2D0A35ED61,CUST004961,SES003623,PROD000886,3,26144,78432,UPI,paid,2026-07-13 09:25:29
ORD-C9942C9B92,CUST003658,SES003626,PROD001760,3,21195,63585,Debit Card,paid,2026-07-15 01:48:54
ORD-CAECBD65BC,CUST003643,SES003632,PROD001205,1,47158,47158,Cash on Delivery,paid,2026-07-20 23:29:29
ORD-0A86EA50DB,CUST001489,SES003635,PROD001736,2,2551,5102,UPI,paid,2026-06-27 20:01:36
ORD-AD5675C81E,CUST005297,SES003652,PROD001411,1,59479,59479,Debit Card,paid,2026-07-21 20:15:23
ORD-535A865629,CUST002651,SES003655,PROD000851,1,64936,64936,Cash on Delivery,paid,2026-07-22 04:24:26
ORD-A00DAD5ACA,CUST007466,SES003663,PROD000256,1,1389,1389,UPI,paid,2026-06-30 07:37:34
ORD-9E71FB3C44,CUST003779,SES003664,PROD000845,2,72092,144184,Credit Card,paid,2026-07-25 02:37:45
ORD-33C27CA5F9,CUST004142,SES003674,PROD001604,2,4120,8240,UPI,paid,2026-07-02 02:27:19
ORD-27BD163BFA,CUST006084,SES003680,PROD001263,1,36439,36439,Debit Card,paid,2026-06-28 08:14:39
ORD-79B8FEBE2C,CUST003052,SES003685,PROD001713,3,76281,228843,Cash on Delivery,paid,2026-07-09 19:48:07
ORD-69EFE821A0,CUST000964,SES003688,PROD001199,1,97680,97680,UPI,paid,2026-07-14 22:36:28
ORD-D95A640EFF,CUST008220,SES003691,PROD001280,3,85340,256020,UPI,paid,2026-07-06 08:24:49
ORD-7D8B21B86D,CUST003652,SES003693,PROD000191,2,55494,110988,Credit Card,paid,2026-07-04 08:00:21
ORD-79E3214370,CUST000180,SES003713,PROD001754,1,50376,50376,Wallet,paid,2026-07-08 16:21:37
ORD-755ED8742C,CUST002506,SES003727,PROD001668,3,10868,32604,Credit Card,paid,2026-07-07 08:16:19
ORD-5B8401DD73,CUST005675,SES003756,PROD000477,3,49469,148407,Wallet,paid,2026-07-10 00:03:56
ORD-781A38AA1C,CUST000202,SES003759,PROD001361,3,3947,11841,UPI,paid,2026-07-04 19:18:29
ORD-2089B2DC65,CUST006783,SES003761,PROD001085,2,59079,118158,Credit Card,paid,2026-07-19 17:56:25
ORD-BF7F363D93,CUST003689,SES003765,PROD001959,2,23868,47736,Credit Card,paid,2026-07-16 14:46:28
ORD-C901FA6D9A,CUST004959,SES003777,PROD000986,3,5072,15216,UPI,paid,2026-07-05 18:37:34
ORD-2B0D7C64BE,CUST002636,SES003782,PROD000060,2,61141,122282,UPI,paid,2026-07-06 04:04:28
ORD-6450239E24,CUST003144,SES003787,PROD000526,3,93614,280842,Cash on Delivery,paid,2026-07-18 02:08:57
ORD-2681EB1823,CUST001085,SES003792,PROD001769,1,49349,49349,UPI,paid,2026-06-30 23:47:01
ORD-35CC792E13,CUST008873,SES003795,PROD000053,2,19309,38618,Credit Card,paid,2026-07-12 17:54:05
ORD-20EAEACC16,CUST005012,SES003818,PROD001552,1,44124,44124,Credit Card,paid,2026-07-12 23:01:42
ORD-58DBFD30AE,CUST000986,SES003827,PROD001034,1,17873,17873,UPI,paid,2026-07-07 20:26:12
ORD-8FD936835B,CUST003789,SES003836,PROD000937,1,28597,28597,Cash on Delivery,paid,2026-07-08 12:05:48
ORD-1FA00BE3BD,CUST004093,SES003840,PROD000020,2,49257,98514,Credit Card,cancelled,2026-07-13 06:38:31
ORD-BC272C057C,CUST003062,SES003869,PROD001703,3,48234,144702,Debit Card,paid,2026-07-06 03:34:35
ORD-253BCE03D4,CUST000862,SES003870,PROD001300,1,39036,39036,Cash on Delivery,paid,2026-07-18 05:29:16
ORD-C5AA1BECF2,CUST001948,SES003879,PROD000262,1,27474,27474,Credit Card,paid,2026-07-11 04:52:04
ORD-902EB7A874,CUST002810,SES003883,PROD001983,1,71569,71569,UPI,paid,2026-07-18 22:54:23
ORD-0BACCE73F3,CUST004256,SES003891,PROD000165,1,19791,19791,Debit Card,paid,2026-07-13 12:07:22
ORD-DCA45D712F,CUST003240,SES003909,PROD000794,3,67372,202116,UPI,paid,2026-07-10 04:00:55
ORD-B59F555FE3,CUST007121,SES003913,PROD001501,3,5982,17946,Cash on Delivery,paid,2026-07-23 09:56:46
ORD-385BC1BA99,CUST003214,SES003915,PROD000487,3,48427,145281,UPI,paid,2026-07-25 07:22:06
ORD-17096667FE,CUST002748,SES003917,PROD000886,2,26144,52288,Debit Card,paid,2026-07-18 03:07:48
ORD-46E3978BBD,CUST008755,SES003929,PROD001852,2,42737,85474,UPI,paid,2026-07-25 05:11:54
ORD-05C4913F84,CUST003807,SES003930,PROD001057,1,55374,55374,Credit Card,paid,2026-07-16 05:10:57
ORD-112EF960DC,CUST005366,SES003942,PROD000002,3,12061,36183,UPI,paid,2026-07-05 20:14:29
ORD-E33F5F6107,CUST004058,SES003946,PROD001022,2,41924,83848,Credit Card,paid,2026-07-14 18:25:46
ORD-55CC1DAE83,CUST009530,SES003956,PROD000570,1,13605,13605,UPI,paid,2026-07-23 19:02:57
ORD-BECA56DA2B,CUST008987,SES003957,PROD000094,1,61626,61626,Wallet,paid,2026-07-25 13:41:12
ORD-1FE5D973EA,CUST000991,SES003959,PROD000876,3,90492,271476,Debit Card,paid,2026-07-01 02:12:43
ORD-C5D5526572,CUST002268,SES003988,PROD001173,3,13691,41073,Debit Card,paid,2026-07-23 15:17:05
ORD-AA62817F58,CUST001548,SES003990,PROD001703,2,48234,96468,UPI,cancelled,2026-06-27 21:35:57
ORD-BEC940C338,CUST000916,SES003997,PROD000070,2,77745,155490,Credit Card,paid,2026-07-14 03:08:36
ORD-DD5BAC2E42,CUST000083,SES004004,PROD001872,2,32557,65114,Credit Card,refunded,2026-07-20 00:54:57
ORD-4459261B1E,CUST001802,SES004007,PROD000769,3,39705,119115,UPI,paid,2026-07-14 00:00:56
ORD-F873E1B8C4,CUST000779,SES004009,PROD001043,1,46501,46501,UPI,refunded,2026-06-28 06:30:59
ORD-765863313D,CUST001655,SES004027,PROD000123,2,77861,155722,Debit Card,paid,2026-06-30 11:56:39
ORD-DF7DB27038,CUST002703,SES004031,PROD001224,2,20047,40094,Wallet,paid,2026-07-04 05:15:11
ORD-5B4A1EFC3C,CUST009170,SES004040,PROD001020,2,32946,65892,Cash on Delivery,paid,2026-07-11 12:43:27
ORD-B77C1D03A8,CUST000991,SES004044,PROD000526,1,93614,93614,Credit Card,paid,2026-06-29 18:11:43
ORD-A0CAEA046D,CUST006347,SES004050,PROD000909,3,70797,212391,UPI,paid,2026-06-30 10:32:09
ORD-8F179D0ED3,CUST004351,SES004053,PROD000977,1,1460,1460,Credit Card,paid,2026-07-11 23:31:28
ORD-0C6CEBBE84,CUST006761,SES004056,PROD000492,3,58685,176055,Wallet,refunded,2026-07-13 07:05:34
ORD-D2CE692156,CUST009539,SES004060,PROD000790,3,6966,20898,UPI,paid,2026-06-30 00:08:08
ORD-756F649271,CUST009910,SES004062,PROD000565,2,57410,114820,UPI,paid,2026-07-17 05:57:15
ORD-A6433C19A6,CUST000106,SES004066,PROD000386,2,97374,194748,Credit Card,paid,2026-07-04 12:12:09
ORD-1B975AA91E,CUST005493,SES004085,PROD000618,1,48908,48908,Wallet,paid,2026-07-03 10:39:36
ORD-36619C0DBC,CUST004991,SES004099,PROD001693,1,35522,35522,UPI,paid,2026-06-29 15:58:29
ORD-4E05748916,CUST001387,SES004128,PROD000315,2,19799,39598,UPI,paid,2026-07-10 01:18:09
ORD-DEDED6E7F7,CUST007844,SES004136,PROD001869,3,40452,121356,Credit Card,paid,2026-07-04 03:55:22
ORD-91D8759712,CUST005940,SES004147,PROD001298,3,77353,232059,Debit Card,paid,2026-07-06 12:32:22
ORD-15890F212E,CUST007157,SES004156,PROD001973,1,96984,96984,Wallet,refunded,2026-06-29 15:55:04
ORD-817F4561A1,CUST004220,SES004165,PROD000609,3,53657,160971,Cash on Delivery,paid,2026-06-30 17:45:55
ORD-D332BB3BE0,CUST004272,SES004172,PROD000902,3,6828,20484,Cash on Delivery,refunded,2026-07-24 21:09:22
ORD-A820784EC3,CUST005990,SES004195,PROD000490,1,69336,69336,UPI,refunded,2026-07-14 03:01:00
ORD-13A7BF4F1C,CUST002094,SES004200,PROD001829,2,46413,92826,UPI,refunded,2026-07-17 10:43:10
ORD-A938966CEE,CUST006584,SES004204,PROD000868,2,31699,63398,Debit Card,paid,2026-07-01 03:32:15
ORD-18D21688DC,CUST009274,SES004216,PROD000799,2,61429,122858,UPI,paid,2026-07-11 06:45:43
ORD-338550B04A,CUST002150,SES004224,PROD000768,2,36647,73294,Debit Card,paid,2026-07-24 16:43:50
ORD-85CAE07819,CUST004523,SES004228,PROD001390,2,74835,149670,Wallet,paid,2026-07-05 06:56:24
ORD-02A11270E0,CUST001498,SES004232,PROD001452,1,87792,87792,UPI,paid,2026-07-25 05:40:44
ORD-F81BA3B224,CUST000981,SES004233,PROD001002,1,82268,82268,Debit Card,paid,2026-07-02 23:42:17
ORD-BA052EDF3C,CUST001924,SES004250,PROD000904,2,42817,85634,Credit Card,paid,2026-07-11 07:46:39
ORD-03BB224864,CUST001300,SES004254,PROD000908,1,99661,99661,Debit Card,paid,2026-07-06 14:19:30
ORD-AB6EDF79E7,CUST007764,SES004258,PROD001218,3,34546,103638,UPI,paid,2026-07-17 11:41:19
ORD-766DB774CF,CUST004543,SES004264,PROD000316,3,24126,72378,UPI,paid,2026-07-03 06:16:59
ORD-5C96BC7E8E,CUST004439,SES004272,PROD001974,2,99516,199032,UPI,paid,2026-07-08 19:24:20
ORD-82AFC4A220,CUST003489,SES004274,PROD001094,1,40801,40801,UPI,paid,2026-06-26 03:10:08
ORD-9EAD8339B2,CUST004898,SES004276,PROD000885,3,28720,86160,UPI,paid,2026-07-13 16:19:02
ORD-B015FBE4DF,CUST009603,SES004293,PROD000402,1,34517,34517,UPI,paid,2026-07-18 22:12:38
ORD-C10D8BA184,CUST008539,SES004305,PROD001468,2,2866,5732,Credit Card,paid,2026-06-26 17:15:08
ORD-CB3A6C73C5,CUST003353,SES004309,PROD001467,2,28505,57010,Debit Card,paid,2026-06-29 07:13:54
ORD-260E2EA313,CUST000944,SES004320,PROD000843,3,13501,40503,UPI,paid,2026-07-05 20:50:09
ORD-EB280D9F9E,CUST002664,SES004327,PROD000403,2,511,1022,Cash on Delivery,paid,2026-07-13 12:00:10
ORD-406A6E7F60,CUST004910,SES004333,PROD001187,1,9102,9102,Cash on Delivery,paid,2026-07-23 19:08:47
ORD-1CE0054100,CUST007279,SES004340,PROD001187,3,9102,27306,UPI,paid,2026-07-06 20:34:05
ORD-ECC34823E1,CUST003905,SES004345,PROD001342,1,88038,88038,UPI,cancelled,2026-07-19 06:44:40
ORD-2F86A4709F,CUST008936,SES004357,PROD001492,3,85151,255453,UPI,paid,2026-07-06 19:52:53
ORD-64CDB00744,CUST008140,SES004359,PROD000543,2,10220,20440,UPI,paid,2026-06-30 10:05:01
ORD-B54BA342CD,CUST004001,SES004362,PROD000534,2,99398,198796,UPI,paid,2026-07-14 20:41:43
ORD-4C6D00082C,CUST006778,SES004368,PROD001720,2,77552,155104,UPI,paid,2026-07-18 17:51:57
ORD-EE8D774CB3,CUST007453,SES004371,PROD000496,2,53326,106652,UPI,paid,2026-07-03 07:12:41
ORD-C82C9AFD7B,CUST006385,SES004372,PROD001369,2,50641,101282,Debit Card,paid,2026-07-02 09:32:15
ORD-FEC1425391,CUST007776,SES004411,PROD001735,1,18217,18217,Credit Card,paid,2026-07-13 20:43:06
ORD-F1B12636FC,CUST004285,SES004417,PROD001895,1,47379,47379,UPI,paid,2026-07-09 12:47:52
ORD-A74B3E186F,CUST004107,SES004421,PROD001794,3,58239,174717,UPI,paid,2026-07-03 17:54:46
ORD-F2BFC44282,CUST003572,SES004438,PROD001501,3,5982,17946,Credit Card,paid,2026-07-15 10:40:22
ORD-C514EE58FB,CUST009340,SES004447,PROD001991,2,56677,113354,UPI,paid,2026-07-18 05:14:52
ORD-0029B1A6D1,CUST003802,SES004454,PROD001043,1,46501,46501,Credit Card,paid,2026-07-24 15:29:30
ORD-42F0567BC0,CUST003343,SES004457,PROD000876,3,90492,271476,Debit Card,paid,2026-07-01 14:55:30
ORD-C6C0C914B1,CUST003997,SES004458,PROD001089,2,19487,38974,UPI,paid,2026-07-06 16:22:56
ORD-C448B058D0,CUST007226,SES004472,PROD000242,2,33277,66554,UPI,paid,2026-06-28 09:11:28
ORD-2DDF170C8D,CUST003248,SES004481,PROD001063,2,82807,165614,Credit Card,paid,2026-07-22 10:00:48
ORD-78FF5B6B4A,CUST004920,SES004503,PROD001015,2,17075,34150,UPI,paid,2026-07-24 10:47:01
ORD-C602851E7B,CUST006212,SES004505,PROD001363,2,95982,191964,UPI,paid,2026-07-04 22:20:16
ORD-D86E44C22B,CUST004421,SES004508,PROD001894,1,39564,39564,Credit Card,paid,2026-07-16 01:43:30
ORD-120CED290A,CUST004396,SES004523,PROD001814,2,58815,117630,UPI,paid,2026-07-12 16:37:44
ORD-8A1C67885C,CUST001297,SES004527,PROD000372,1,22511,22511,Credit Card,paid,2026-07-11 07:59:45
ORD-DEEF239799,CUST004747,SES004528,PROD001778,2,98669,197338,Credit Card,paid,2026-07-01 02:21:29
ORD-3E59B5A000,CUST005917,SES004531,PROD001376,3,10124,30372,UPI,paid,2026-07-07 04:48:07
ORD-FB9DFD6774,CUST000263,SES004535,PROD000107,2,19335,38670,Debit Card,cancelled,2026-07-07 04:22:31
ORD-BD2130286C,CUST007370,SES004539,PROD000396,3,43706,131118,UPI,paid,2026-06-29 12:19:13
ORD-C172A8434B,CUST005646,SES004541,PROD000624,1,38373,38373,Debit Card,paid,2026-07-12 21:37:40
ORD-05303E33D3,CUST008534,SES004547,PROD001401,3,53703,161109,UPI,cancelled,2026-07-20 09:37:06
ORD-9CE68A513F,CUST004387,SES004549,PROD000898,1,17378,17378,Debit Card,paid,2026-07-13 19:59:42
ORD-6A7D3544FD,CUST001299,SES004554,PROD000714,2,37942,75884,UPI,paid,2026-07-25 03:31:38
ORD-AFA08A08BC,CUST002360,SES004562,PROD000950,3,51993,155979,UPI,paid,2026-07-20 06:08:08
ORD-36531DBADA,CUST002012,SES004576,PROD000306,1,60015,60015,UPI,paid,2026-07-13 08:42:41
ORD-303A98E03F,CUST006665,SES004583,PROD001636,3,59321,177963,UPI,paid,2026-07-25 01:15:55
ORD-827C589589,CUST008322,SES004593,PROD000500,1,18086,18086,UPI,paid,2026-07-18 06:15:39
ORD-45342CDA75,CUST001937,SES004602,PROD001284,3,57552,172656,UPI,paid,2026-07-02 00:00:46
ORD-EF85582050,CUST006706,SES004603,PROD001570,1,81731,81731,UPI,paid,2026-07-13 15:07:32
ORD-38FBAE8EA6,CUST000282,SES004609,PROD001127,2,65500,131000,Debit Card,paid,2026-07-20 06:58:17
ORD-A8E3E5C4C3,CUST003817,SES004624,PROD000958,1,1562,1562,UPI,paid,2026-07-15 19:29:45
ORD-C4AE7DB65F,CUST004376,SES004631,PROD000125,1,12886,12886,UPI,paid,2026-07-06 11:25:49
ORD-F593F27E67,CUST002715,SES004632,PROD001988,3,90325,270975,Debit Card,paid,2026-07-23 03:16:15
ORD-B1332BAD53,CUST005429,SES004634,PROD001396,2,13214,26428,UPI,paid,2026-07-23 08:54:10
ORD-370851BD4E,CUST001606,SES004635,PROD000053,2,19309,38618,UPI,paid,2026-07-21 12:23:46
ORD-D0E78578B6,CUST004503,SES004638,PROD000118,2,21623,43246,UPI,paid,2026-07-08 03:48:20
ORD-C5E3355348,CUST004381,SES004639,PROD001558,2,99590,199180,Credit Card,paid,2026-06-26 01:40:04
ORD-1DB460BBBF,CUST007530,SES004653,PROD000300,1,53319,53319,Credit Card,paid,2026-06-25 22:15:28
ORD-7BE0F4C289,CUST007086,SES004662,PROD000631,2,90199,180398,UPI,paid,2026-07-25 17:41:09
ORD-693281D305,CUST005299,SES004665,PROD000315,3,19799,59397,UPI,paid,2026-07-02 04:46:00
ORD-0F4ECB977C,CUST004198,SES004666,PROD000215,2,86329,172658,UPI,paid,2026-07-13 21:59:28
ORD-F0C6AF0E40,CUST005588,SES004670,PROD001934,1,62704,62704,UPI,paid,2026-07-24 09:52:30
ORD-38E0F4483C,CUST001004,SES004676,PROD001080,2,67199,134398,Cash on Delivery,paid,2026-07-19 04:41:04
ORD-D9FCE82846,CUST006795,SES004685,PROD000102,3,67426,202278,UPI,paid,2026-06-26 08:52:29
ORD-22A541C3C9,CUST004243,SES004713,PROD001464,1,54387,54387,UPI,paid,2026-06-29 18:17:17
ORD-9C1693E26F,CUST006617,SES004725,PROD000434,2,12598,25196,Cash on Delivery,paid,2026-07-17 06:25:54
ORD-9072D4D48A,CUST007977,SES004731,PROD001554,3,21743,65229,Credit Card,paid,2026-07-24 15:04:09
ORD-5B1AB912A1,CUST005807,SES004732,PROD001338,2,24503,49006,UPI,paid,2026-07-15 07:04:37
ORD-660AA347CF,CUST009594,SES004737,PROD001455,3,76729,230187,Credit Card,paid,2026-07-22 08:44:52
ORD-567EAA8D4F,CUST005485,SES004740,PROD000085,2,51475,102950,UPI,paid,2026-07-01 03:16:56
ORD-510E2FF46E,CUST007190,SES004757,PROD000115,2,45831,91662,UPI,paid,2026-07-19 00:39:29
ORD-4E9FA5361A,CUST002165,SES004767,PROD000308,1,47429,47429,UPI,paid,2026-07-06 02:13:13
ORD-EDF13C234D,CUST003181,SES004773,PROD001888,1,69997,69997,Debit Card,paid,2026-07-01 04:18:52
ORD-14AA800060,CUST002250,SES004774,PROD000327,3,24404,73212,Credit Card,paid,2026-06-27 00:21:35
ORD-5D6AFB4C13,CUST008641,SES004783,PROD000899,2,20322,40644,Cash on Delivery,paid,2026-07-21 13:22:55
ORD-9D6CEF250C,CUST000195,SES004787,PROD000257,3,11438,34314,UPI,paid,2026-06-26 05:47:19
ORD-47A7D5EF52,CUST004367,SES004788,PROD001501,1,5982,5982,UPI,paid,2026-07-20 02:16:11
ORD-71F68CCEFF,CUST008674,SES004794,PROD000067,1,46723,46723,UPI,paid,2026-07-24 00:58:46
ORD-C0178D1012,CUST002960,SES004809,PROD000004,3,56738,170214,Debit Card,paid,2026-07-13 18:48:31
ORD-125CBD8FD2,CUST002971,SES004835,PROD000744,2,13777,27554,Debit Card,paid,2026-07-02 06:49:44
ORD-A7748BB071,CUST008826,SES004840,PROD001615,3,80149,240447,Wallet,paid,2026-07-13 00:35:53
ORD-08C681C050,CUST005936,SES004848,PROD000545,1,2023,2023,Wallet,paid,2026-07-08 12:05:21
ORD-6FC55806BF,CUST005063,SES004850,PROD001346,3,59838,179514,UPI,paid,2026-07-01 06:13:39
ORD-258C0B77FA,CUST000647,SES004856,PROD000483,1,53567,53567,Debit Card,cancelled,2026-07-14 22:52:31
ORD-0F138132AE,CUST004248,SES004857,PROD001307,2,23271,46542,Wallet,paid,2026-07-04 07:48:34
ORD-48C0C7D77E,CUST006627,SES004858,PROD000540,1,58194,58194,Credit Card,paid,2026-06-29 12:32:29
ORD-8413EA1FE9,CUST004420,SES004888,PROD000458,3,83288,249864,UPI,paid,2026-07-22 05:17:12
ORD-4B7A913085,CUST003989,SES004894,PROD000776,2,13468,26936,Credit Card,paid,2026-06-30 19:51:15
ORD-6890D72F7D,CUST003965,SES004899,PROD001477,3,14422,43266,Debit Card,paid,2026-07-17 01:17:23
ORD-B6EF1291EF,CUST008006,SES004911,PROD000171,1,73153,73153,UPI,paid,2026-07-02 13:32:26
ORD-D754131B80,CUST005143,SES004915,PROD000398,3,49967,149901,Credit Card,paid,2026-07-04 15:10:13
ORD-131DE89CE6,CUST006153,SES004916,PROD000524,3,48579,145737,UPI,paid,2026-07-22 15:15:40
ORD-EA18D656B8,CUST009543,SES004919,PROD001463,2,33663,67326,UPI,paid,2026-07-07 03:19:16
ORD-2461DF5676,CUST005671,SES004925,PROD001478,3,16069,48207,Debit Card,paid,2026-07-14 17:16:38
ORD-0F220D857A,CUST005186,SES004939,PROD000017,3,83718,251154,UPI,paid,2026-07-04 16:57:03
ORD-68836D7B69,CUST006210,SES004942,PROD000208,2,22876,45752,UPI,paid,2026-06-27 23:01:35
ORD-00E496DF59,CUST001868,SES004944,PROD000654,3,49918,149754,UPI,paid,2026-07-10 13:57:17
ORD-023056EA2A,CUST009208,SES004948,PROD001163,2,68579,137158,UPI,paid,2026-07-05 08:09:08
ORD-3ED65020CF,CUST006522,SES004960,PROD000625,1,31706,31706,Debit Card,paid,2026-07-16 10:26:55
ORD-887243A6BF,CUST009856,SES004965,PROD000999,1,27229,27229,Credit Card,paid,2026-06-25 22:34:20
ORD-66E79AC7C7,CUST008218,SES004969,PROD001301,2,50249,100498,UPI,paid,2026-07-11 09:44:01
ORD-75082D8978,CUST008172,SES004983,PROD000620,3,77147,231441,Cash on Delivery,paid,2026-07-24 19:22:27
ORD-F72552438C,CUST007034,SES004991,PROD001386,1,77475,77475,Wallet,paid,2026-07-21 22:10:09
ORD-0E5BBCA60C,CUST002243,SES005000,PROD001039,3,54016,162048,Credit Card,paid,2026-06-28 08:36:46
ORD-738A318793,CUST005235,SES005001,PROD001436,3,69474,208422,Wallet,paid,2026-06-30 23:41:12
ORD-B1A7848AB7,CUST008980,SES005003,PROD001396,3,13214,39642,Debit Card,refunded,2026-07-24 12:49:58
ORD-E6DFE2C24C,CUST001676,SES005011,PROD000654,2,49918,99836,Debit Card,paid,2026-07-21 19:45:29
ORD-1D480E3F7D,CUST009142,SES005019,PROD000845,2,72092,144184,Debit Card,refunded,2026-07-22 06:07:04
ORD-B441E810D8,CUST008382,SES005020,PROD001375,3,18300,54900,Wallet,cancelled,2026-07-06 02:11:17
ORD-260C5C1E2B,CUST001597,SES005025,PROD000076,1,71111,71111,Credit Card,paid,2026-06-26 06:10:38
ORD-3A646E1B7D,CUST004998,SES005049,PROD000203,3,31109,93327,UPI,paid,2026-07-17 17:14:41
ORD-2E235A95C1,CUST000134,SES005051,PROD002000,2,55390,110780,Debit Card,paid,2026-06-26 22:31:18
ORD-9D38966B27,CUST002404,SES005058,PROD000668,1,3256,3256,Cash on Delivery,paid,2026-07-16 19:23:47
ORD-E200AF82CF,CUST002422,SES005060,PROD000818,2,3761,7522,Debit Card,paid,2026-07-24 23:04:01
ORD-C9C91EE0C3,CUST008092,SES005063,PROD000459,3,68192,204576,UPI,paid,2026-07-05 03:54:18
ORD-208A0BB08B,CUST003126,SES005068,PROD001108,2,89459,178918,Credit Card,paid,2026-06-25 21:44:22
ORD-6CF6F0D8F4,CUST001183,SES005070,PROD000749,2,58826,117652,Debit Card,cancelled,2026-07-14 04:23:53
ORD-99E679FE9D,CUST006117,SES005071,PROD001646,3,13245,39735,UPI,paid,2026-07-01 17:33:23
ORD-800B9D94AA,CUST004272,SES005078,PROD000590,2,9418,18836,UPI,paid,2026-07-23 11:32:33
ORD-FC2E99D2A2,CUST005293,SES005082,PROD001396,1,13214,13214,Cash on Delivery,paid,2026-07-06 08:26:48
ORD-B6E68795D6,CUST005193,SES005086,PROD000656,1,54377,54377,Debit Card,paid,2026-07-09 02:19:18
ORD-1FC59EC52F,CUST005978,SES005088,PROD001499,1,40148,40148,Credit Card,paid,2026-07-19 20:43:16
ORD-E396D10579,CUST009982,SES005090,PROD001690,3,30726,92178,UPI,paid,2026-07-25 07:08:46
ORD-BBDD4AFFA2,CUST001931,SES005093,PROD000581,2,14424,28848,Credit Card,paid,2026-07-06 02:56:13
ORD-1F13750F0A,CUST008311,SES005095,PROD001672,2,84500,169000,Wallet,paid,2026-07-14 19:36:03
ORD-CD42E63DD8,CUST001164,SES005099,PROD000777,2,28164,56328,Cash on Delivery,refunded,2026-07-07 05:46:34
ORD-32EDAC0922,CUST007581,SES005107,PROD001676,1,66683,66683,Credit Card,paid,2026-07-07 00:42:59
ORD-DDFAD04915,CUST008476,SES005108,PROD001622,3,46507,139521,Credit Card,paid,2026-07-19 02:05:59
ORD-7D5DE7FEA5,CUST007107,SES005114,PROD000244,3,77866,233598,UPI,paid,2026-07-22 17:19:32
ORD-BC20D12E97,CUST005191,SES005115,PROD001255,2,49084,98168,UPI,paid,2026-07-12 19:35:41
ORD-C3D6399615,CUST003000,SES005117,PROD000599,2,79872,159744,Cash on Delivery,paid,2026-07-05 23:57:28
ORD-DAA3630743,CUST006992,SES005125,PROD000721,1,92385,92385,UPI,paid,2026-06-26 00:25:14
ORD-1306023CE5,CUST003264,SES005128,PROD001062,3,66447,199341,UPI,paid,2026-07-18 09:51:41
ORD-520B6A3882,CUST006565,SES005130,PROD000610,3,93134,279402,UPI,paid,2026-07-12 09:15:58
ORD-6FC596BF2A,CUST003076,SES005137,PROD001200,1,26862,26862,UPI,paid,2026-07-01 00:35:35
ORD-05114CFDE8,CUST007402,SES005140,PROD001355,2,21325,42650,Credit Card,refunded,2026-07-09 16:54:19
ORD-8B3CF0FEA8,CUST008389,SES005141,PROD001458,1,50492,50492,UPI,paid,2026-06-30 22:34:18
ORD-33C876C29B,CUST008359,SES005150,PROD000726,3,74961,224883,Wallet,paid,2026-07-07 15:22:04
ORD-0A432D507C,CUST002675,SES005172,PROD001911,1,52896,52896,UPI,paid,2026-07-16 00:53:52
ORD-26A0107132,CUST000855,SES005174,PROD000637,2,67931,135862,UPI,paid,2026-07-17 14:31:37
ORD-E79DAE937B,CUST007860,SES005175,PROD001474,2,96987,193974,Credit Card,paid,2026-07-16 12:50:05
ORD-50C56F7343,CUST009656,SES005177,PROD001688,1,52765,52765,UPI,paid,2026-07-02 23:27:31
ORD-4F2C3D9644,CUST007178,SES005182,PROD000892,1,4648,4648,Credit Card,paid,2026-07-14 11:24:40
ORD-9327DBD424,CUST007452,SES005188,PROD000173,2,52373,104746,Cash on Delivery,paid,2026-07-09 12:29:08
ORD-D28D3AE8F4,CUST004455,SES005198,PROD001920,1,99252,99252,UPI,paid,2026-07-12 19:27:17
ORD-37C1C2015F,CUST003004,SES005203,PROD000195,3,8027,24081,Cash on Delivery,paid,2026-07-07 16:10:09
ORD-DD40A1D69A,CUST004697,SES005209,PROD001585,3,15709,47127,UPI,paid,2026-07-22 15:06:33
ORD-E18C4F61E9,CUST006534,SES005220,PROD000616,1,69001,69001,Credit Card,paid,2026-07-16 00:39:15
ORD-8389928AC6,CUST000062,SES005221,PROD000438,1,39358,39358,UPI,paid,2026-06-27 15:12:27
ORD-92306EB310,CUST003186,SES005225,PROD000344,3,16335,49005,UPI,paid,2026-07-21 07:16:58
ORD-059B2B9928,CUST009297,SES005229,PROD000915,3,89498,268494,Debit Card,paid,2026-07-11 05:58:47
ORD-497E2A8C87,CUST008229,SES005245,PROD001445,3,2673,8019,UPI,paid,2026-07-13 14:06:03
ORD-FD18B14EFE,CUST002929,SES005249,PROD001381,1,99246,99246,UPI,paid,2026-07-20 07:51:21
ORD-0EA77FA4EF,CUST008636,SES005253,PROD000351,3,69235,207705,Wallet,refunded,2026-07-24 06:35:46
ORD-17D7648285,CUST000808,SES005274,PROD001754,2,50376,100752,Debit Card,paid,2026-07-13 15:10:26
ORD-AD5F71F145,CUST007770,SES005277,PROD001534,3,68055,204165,Credit Card,paid,2026-07-11 03:56:05
ORD-2620EE2F38,CUST005546,SES005285,PROD001397,2,65487,130974,Cash on Delivery,paid,2026-07-23 04:02:30
ORD-D9A6276077,CUST000866,SES005296,PROD001917,1,79649,79649,UPI,paid,2026-06-30 02:31:40
ORD-479EFBC726,CUST002806,SES005302,PROD001409,1,5532,5532,UPI,paid,2026-06-26 11:23:49
ORD-6E462A661D,CUST006361,SES005308,PROD000154,1,60309,60309,Credit Card,paid,2026-07-25 05:10:39
ORD-F6D90AFD9E,CUST008222,SES005313,PROD001566,2,20411,40822,Credit Card,paid,2026-07-03 00:29:09
ORD-EF7CC4C8EA,CUST007290,SES005315,PROD000742,3,36060,108180,Credit Card,paid,2026-07-20 12:28:30
ORD-DF6AEF360F,CUST006509,SES005316,PROD001322,1,64782,64782,Cash on Delivery,paid,2026-07-17 02:45:26
ORD-CEE4F0C683,CUST009966,SES005317,PROD001729,2,94424,188848,Wallet,refunded,2026-07-22 12:55:04
ORD-3E18AB362B,CUST008406,SES005321,PROD001194,2,91717,183434,UPI,paid,2026-07-20 00:06:47
ORD-E442889046,CUST001668,SES005329,PROD001409,1,5532,5532,Cash on Delivery,paid,2026-06-29 22:42:58
ORD-9940CB4844,CUST005593,SES005340,PROD000996,2,842,1684,Wallet,paid,2026-07-21 15:37:55
ORD-59417D981D,CUST005691,SES005346,PROD000657,1,95720,95720,UPI,paid,2026-07-17 10:26:12
ORD-D171C311DF,CUST009765,SES005357,PROD001356,1,79869,79869,Credit Card,paid,2026-07-24 00:43:49
ORD-1763208835,CUST007183,SES005369,PROD000866,2,68889,137778,UPI,paid,2026-07-09 17:09:36
ORD-F009BB722E,CUST001829,SES005371,PROD001356,1,79869,79869,Debit Card,paid,2026-07-19 02:28:40
ORD-37AA358BEB,CUST004389,SES005373,PROD000537,1,89334,89334,UPI,paid,2026-07-15 07:54:52
ORD-375C3A2A5F,CUST004092,SES005378,PROD001691,1,11943,11943,UPI,paid,2026-07-15 10:27:22
ORD-427FEF487E,CUST001487,SES005381,PROD001252,1,95474,95474,Wallet,paid,2026-06-29 02:49:50
ORD-FAC97DAEB8,CUST004842,SES005392,PROD000855,1,73219,73219,UPI,cancelled,2026-07-03 11:10:30
ORD-E39A234399,CUST005197,SES005397,PROD000832,1,69390,69390,Wallet,paid,2026-06-28 00:02:02
ORD-5FE7C1EB56,CUST000759,SES005404,PROD000142,1,80610,80610,Wallet,paid,2026-06-27 13:37:20
ORD-32E898BCE6,CUST002405,SES005407,PROD001558,1,99590,99590,Debit Card,paid,2026-07-24 06:32:44
ORD-98521A224A,CUST002923,SES005411,PROD001072,1,42656,42656,Credit Card,paid,2026-07-04 03:27:33
ORD-DCE9B7EC3E,CUST006527,SES005412,PROD001041,3,98549,295647,Cash on Delivery,paid,2026-07-05 08:37:29
ORD-871F9B1B70,CUST001391,SES005416,PROD001675,1,88623,88623,UPI,paid,2026-07-12 14:45:08
ORD-DD0474083D,CUST007882,SES005418,PROD001789,2,98337,196674,UPI,paid,2026-07-06 17:45:01
ORD-B0E76B8D65,CUST005966,SES005423,PROD000518,3,66393,199179,Credit Card,refunded,2026-06-26 14:57:46
ORD-960EB130CD,CUST007229,SES005431,PROD001786,1,16361,16361,Credit Card,paid,2026-07-10 19:31:48
ORD-C518D17F4E,CUST009854,SES005437,PROD000653,3,70419,211257,UPI,paid,2026-06-27 14:27:52
ORD-7C7978B649,CUST006116,SES005442,PROD000709,3,20782,62346,Debit Card,paid,2026-07-21 09:27:53
ORD-8FD18EF7F6,CUST005260,SES005445,PROD001981,2,96686,193372,Debit Card,paid,2026-07-10 00:27:07
ORD-01DA2FB10D,CUST009372,SES005457,PROD000897,1,9784,9784,UPI,paid,2026-06-27 07:56:32
ORD-6A23E4057F,CUST009901,SES005474,PROD001209,2,62756,125512,UPI,paid,2026-06-28 11:21:31
ORD-43538BB79D,CUST001868,SES005486,PROD001694,3,96661,289983,UPI,paid,2026-07-03 20:52:59
ORD-7B1E0DB8B7,CUST007336,SES005488,PROD000901,3,62656,187968,Credit Card,paid,2026-07-24 11:13:28
ORD-C0AC421858,CUST000427,SES005493,PROD000537,1,89334,89334,UPI,paid,2026-07-19 04:44:34
ORD-F8570B93D5,CUST009483,SES005498,PROD000170,3,11686,35058,Debit Card,paid,2026-06-26 00:04:01
ORD-8DCDE4046B,CUST005402,SES005508,PROD001036,1,2181,2181,UPI,refunded,2026-06-28 04:27:42
ORD-B2EF430F19,CUST003373,SES005509,PROD001468,1,2866,2866,UPI,cancelled,2026-07-05 11:38:50
ORD-29FFA31A94,CUST000728,SES005523,PROD001488,2,18404,36808,Credit Card,paid,2026-07-13 10:44:23
ORD-FB4C4910D6,CUST008821,SES005534,PROD001849,1,21937,21937,UPI,paid,2026-06-27 09:22:48
ORD-CCD8A281AD,CUST004576,SES005545,PROD001575,3,79752,239256,Debit Card,paid,2026-07-20 03:42:33
ORD-9DC4F05F46,CUST004397,SES005549,PROD001459,3,62472,187416,UPI,paid,2026-07-13 12:50:56
ORD-0173BCD5D4,CUST001533,SES005560,PROD000717,1,18003,18003,Credit Card,paid,2026-07-16 08:03:58
ORD-162BA05BC5,CUST008410,SES005565,PROD000300,2,53319,106638,Cash on Delivery,paid,2026-07-17 01:10:48
ORD-CBE645A77F,CUST001743,SES005566,PROD001770,3,62880,188640,UPI,cancelled,2026-07-05 15:55:11
ORD-4653DF7955,CUST003094,SES005571,PROD000342,2,86336,172672,UPI,paid,2026-07-04 22:14:59
ORD-1076F57D9B,CUST002135,SES005573,PROD001148,3,78136,234408,UPI,paid,2026-07-19 20:01:08
ORD-4AB86C4A79,CUST009786,SES005575,PROD001372,3,58274,174822,UPI,paid,2026-07-02 10:19:13
ORD-5FD81A87F4,CUST007450,SES005577,PROD001228,3,15660,46980,Debit Card,paid,2026-07-18 12:36:50
ORD-5CB1C9AF41,CUST000152,SES005581,PROD001401,1,53703,53703,UPI,paid,2026-07-23 20:26:49
ORD-3E0AE8BC97,CUST000039,SES005583,PROD000140,2,34926,69852,UPI,paid,2026-07-08 14:50:30
ORD-27E582053F,CUST006298,SES005593,PROD000725,1,48089,48089,Debit Card,paid,2026-07-25 00:36:42
ORD-43986082D5,CUST003761,SES005594,PROD000253,2,93426,186852,Credit Card,paid,2026-07-20 20:19:59
ORD-DE5405E213,CUST000028,SES005602,PROD000897,2,9784,19568,Credit Card,paid,2026-07-11 19:10:33
ORD-BDDD2A4A17,CUST002749,SES005610,PROD000018,1,55607,55607,UPI,paid,2026-07-12 21:24:16
ORD-7084CD7827,CUST000639,SES005621,PROD001274,3,17721,53163,Wallet,paid,2026-06-27 07:40:14
ORD-5BA28A4D63,CUST002980,SES005625,PROD001175,2,8306,16612,UPI,paid,2026-07-19 21:16:45
ORD-893322DB83,CUST005890,SES005627,PROD001745,3,20213,60639,UPI,paid,2026-07-14 18:38:56
ORD-49FEC1DA9F,CUST000157,SES005631,PROD000859,3,69942,209826,Credit Card,paid,2026-07-24 22:47:48
ORD-3C8C11FA9F,CUST001414,SES005637,PROD001717,2,86101,172202,UPI,paid,2026-07-01 11:46:11
ORD-8AD60427DB,CUST006911,SES005644,PROD001338,2,24503,49006,Wallet,paid,2026-07-10 15:30:15
ORD-12CEBE8259,CUST007713,SES005652,PROD001267,1,10125,10125,UPI,refunded,2026-07-11 18:31:06
ORD-C56EE91522,CUST002248,SES005666,PROD001191,1,41410,41410,UPI,cancelled,2026-07-12 02:13:50
ORD-9D83F49C39,CUST007810,SES005667,PROD001281,2,40743,81486,Cash on Delivery,cancelled,2026-07-05 05:41:08
ORD-375A2FA0BB,CUST006792,SES005671,PROD001169,2,45154,90308,Wallet,paid,2026-07-18 00:45:21
ORD-59A8151AD3,CUST002287,SES005674,PROD000717,3,18003,54009,Debit Card,paid,2026-06-28 09:19:43
ORD-D530FB8047,CUST001697,SES005676,PROD001948,1,53537,53537,Debit Card,paid,2026-07-02 18:33:06
ORD-DA3775EA17,CUST002427,SES005680,PROD001378,2,81305,162610,UPI,paid,2026-06-28 08:22:33
ORD-194D58A20F,CUST004784,SES005686,PROD001487,3,39739,119217,Debit Card,paid,2026-07-16 03:16:39
ORD-565B65AF11,CUST002369,SES005690,PROD001456,1,7157,7157,UPI,paid,2026-07-16 08:56:07
ORD-07339D270F,CUST009185,SES005699,PROD001223,2,24326,48652,Debit Card,paid,2026-06-29 11:48:43
ORD-B2BD4739EB,CUST000668,SES005701,PROD000194,1,31470,31470,UPI,paid,2026-06-30 02:47:31
ORD-06244B7E3E,CUST005475,SES005711,PROD000264,1,24903,24903,UPI,paid,2026-07-22 07:55:27
ORD-8E53CF6CD5,CUST000632,SES005729,PROD000343,2,25634,51268,Credit Card,paid,2026-07-20 07:48:31
ORD-E7899B29C5,CUST004076,SES005733,PROD000001,2,77313,154626,Debit Card,paid,2026-07-25 03:06:57
ORD-F3C1B0E752,CUST004000,SES005735,PROD000314,1,4324,4324,UPI,paid,2026-07-24 02:05:58
ORD-46BF38E080,CUST006783,SES005756,PROD000691,2,42406,84812,UPI,paid,2026-07-04 12:58:54
ORD-B727FAEC99,CUST008322,SES005758,PROD001451,2,9368,18736,UPI,paid,2026-06-30 01:11:02
ORD-7E713EC4EF,CUST009571,SES005765,PROD000756,2,53814,107628,Cash on Delivery,paid,2026-07-01 13:32:03
ORD-C982609ED7,CUST009094,SES005777,PROD000363,3,72373,217119,UPI,paid,2026-07-03 01:47:49
ORD-AD47E2FCEB,CUST009291,SES005788,PROD001531,3,68350,205050,Wallet,paid,2026-06-27 21:40:28
ORD-1B7154866D,CUST005882,SES005792,PROD000839,3,97181,291543,UPI,paid,2026-07-22 22:47:01
ORD-CBB9F7293C,CUST001006,SES005799,PROD000445,1,78690,78690,UPI,paid,2026-07-21 01:58:49
ORD-D4E90DE57B,CUST007252,SES005807,PROD001488,2,18404,36808,Cash on Delivery,paid,2026-07-15 05:49:18
ORD-6FC00082FE,CUST004940,SES005811,PROD001157,2,61776,123552,UPI,paid,2026-06-28 08:09:36
ORD-0AD9A07BA2,CUST004241,SES005813,PROD000223,3,58596,175788,Wallet,paid,2026-07-24 13:27:37
ORD-11603F91F2,CUST006758,SES005819,PROD001753,3,48150,144450,Credit Card,paid,2026-07-18 15:47:37
ORD-7B9EC64174,CUST009461,SES005831,PROD001988,1,90325,90325,UPI,paid,2026-07-04 14:40:53
ORD-A01885355E,CUST005195,SES005847,PROD000362,3,92423,277269,Debit Card,paid,2026-07-21 06:19:24
ORD-5934A596E4,CUST008873,SES005857,PROD001169,1,45154,45154,UPI,refunded,2026-07-12 00:32:35
ORD-2662CD4CC6,CUST003776,SES005859,PROD001502,2,54526,109052,Wallet,paid,2026-07-14 21:51:51
ORD-2289C5D43F,CUST003419,SES005864,PROD001285,1,50190,50190,UPI,paid,2026-07-20 02:25:07
ORD-D8D313692A,CUST004477,SES005866,PROD000957,2,25712,51424,Credit Card,paid,2026-07-05 07:35:20
ORD-7A8F84C868,CUST008275,SES005876,PROD001946,1,1686,1686,Credit Card,cancelled,2026-07-01 14:50:00
ORD-5ED15D278C,CUST007649,SES005881,PROD000851,3,64936,194808,UPI,paid,2026-07-21 20:15:10
ORD-BE17F0EE6C,CUST007216,SES005882,PROD001613,1,54604,54604,UPI,paid,2026-06-29 00:05:01
ORD-C7B0DEDD77,CUST004502,SES005883,PROD001468,1,2866,2866,UPI,paid,2026-07-07 04:09:31
ORD-229294B6A7,CUST003923,SES005887,PROD000289,3,18956,56868,UPI,paid,2026-07-04 06:32:53
ORD-F6BECF990B,CUST006693,SES005892,PROD000587,3,7732,23196,Wallet,paid,2026-07-05 01:16:12
ORD-C2EAC678D6,CUST007588,SES005910,PROD001588,3,91732,275196,UPI,paid,2026-06-29 22:12:39
ORD-7DFEE0BE02,CUST005316,SES005921,PROD001497,2,2965,5930,Debit Card,paid,2026-07-07 04:03:16
ORD-CD682628F3,CUST004955,SES005930,PROD001577,1,34108,34108,Wallet,paid,2026-07-07 15:40:51
ORD-F5884DD0E3,CUST000561,SES005936,PROD000526,1,93614,93614,Debit Card,paid,2026-07-08 13:43:28
ORD-91F4EF2135,CUST006318,SES005937,PROD001166,2,61606,123212,UPI,paid,2026-07-16 23:54:05
ORD-EA5F511BC8,CUST009445,SES005940,PROD000443,1,18661,18661,Cash on Delivery,paid,2026-07-02 09:44:56
ORD-F6FC985711,CUST002671,SES005942,PROD000984,1,61261,61261,UPI,paid,2026-07-22 09:40:19
ORD-9B139E7722,CUST007764,SES005951,PROD001550,2,14396,28792,UPI,paid,2026-06-29 07:25:05
ORD-7C42924281,CUST000732,SES005966,PROD000386,2,97374,194748,UPI,paid,2026-07-05 10:58:04
ORD-00B54DDB76,CUST006040,SES005973,PROD001215,1,40722,40722,UPI,paid,2026-07-05 04:57:00
ORD-E4F77536C5,CUST008902,SES005975,PROD001130,1,10903,10903,Debit Card,paid,2026-06-28 09:31:59
ORD-319671E4D5,CUST000303,SES005977,PROD001047,1,39601,39601,Credit Card,paid,2026-07-24 08:40:42
ORD-FF9E4EED0F,CUST009814,SES005979,PROD001567,1,28913,28913,UPI,paid,2026-07-06 10:41:07
ORD-EE61C2F124,CUST006232,SES005980,PROD000900,3,81425,244275,UPI,paid,2026-07-24 17:55:58
ORD-5CEA127691,CUST004683,SES005984,PROD000838,3,51031,153093,UPI,paid,2026-06-27 04:54:13
ORD-EC285EE761,CUST005488,SES005985,PROD001442,2,86181,172362,Credit Card,paid,2026-07-18 04:13:25
ORD-E627A0DE14,CUST009779,SES005998,PROD000805,2,82192,164384,Wallet,paid,2026-07-15 21:03:37
ORD-672EAEC4CF,CUST009478,SES005999,PROD001327,1,29294,29294,Credit Card,paid,2026-06-27 06:59:42
ORD-0451FE263F,CUST004708,SES006001,PROD000992,2,98174,196348,Wallet,paid,2026-07-19 10:23:15
ORD-F8A106B234,CUST002934,SES006003,PROD001892,3,95159,285477,Debit Card,paid,2026-07-04 20:39:05
ORD-FE528346B3,CUST006751,SES006005,PROD000945,2,71745,143490,Credit Card,paid,2026-07-05 22:30:55
ORD-205E10959F,CUST004330,SES006016,PROD001110,3,3992,11976,UPI,paid,2026-07-23 15:11:51
ORD-59AF441CF5,CUST004576,SES006020,PROD001558,1,99590,99590,Cash on Delivery,paid,2026-07-21 04:23:24
ORD-3FC13737D3,CUST000067,SES006032,PROD001665,3,15101,45303,Wallet,paid,2026-07-08 17:42:09
ORD-F4EBD4F68D,CUST002367,SES006046,PROD001720,3,77552,232656,UPI,paid,2026-07-16 13:24:37
ORD-60AC7FEE98,CUST003780,SES006051,PROD001194,2,91717,183434,UPI,paid,2026-07-22 16:43:14
ORD-78D4DDD3AB,CUST005226,SES006062,PROD000854,2,87639,175278,UPI,paid,2026-07-07 21:23:42
ORD-F99FC0FAC9,CUST005265,SES006080,PROD000116,1,75761,75761,Cash on Delivery,paid,2026-07-03 21:46:32
ORD-00F3ABBD99,CUST001508,SES006092,PROD000662,2,71513,143026,UPI,paid,2026-07-01 14:26:19
ORD-C697618ADB,CUST003544,SES006094,PROD001870,3,11406,34218,UPI,paid,2026-07-01 06:24:04
ORD-C3B7A82E86,CUST009164,SES006098,PROD000328,1,41503,41503,Cash on Delivery,paid,2026-07-13 02:16:36
ORD-D10939B0C1,CUST003248,SES006099,PROD000679,2,37183,74366,UPI,paid,2026-07-07 20:55:27
ORD-AC3DEABFD0,CUST008562,SES006103,PROD001202,2,76567,153134,UPI,paid,2026-07-08 03:09:09
ORD-CF2D3767BA,CUST002754,SES006109,PROD000616,2,69001,138002,Wallet,paid,2026-07-04 08:51:32
ORD-CCB3452F01,CUST000373,SES006110,PROD001467,1,28505,28505,UPI,paid,2026-07-01 11:41:15
ORD-ECCA7F2D6B,CUST009022,SES006113,PROD001580,1,17134,17134,Wallet,paid,2026-06-28 15:27:47
ORD-353791F282,CUST000863,SES006119,PROD000987,2,32868,65736,Debit Card,paid,2026-07-25 07:20:04
ORD-30AA8D5C2C,CUST003475,SES006121,PROD001149,1,41815,41815,Debit Card,paid,2026-07-06 23:03:58
ORD-BECE5D8E50,CUST000565,SES006123,PROD001707,3,58200,174600,UPI,paid,2026-07-19 16:30:22
ORD-214AAA06EB,CUST003398,SES006140,PROD000089,2,34149,68298,UPI,refunded,2026-07-03 15:57:35
ORD-2DA61F8414,CUST007830,SES006142,PROD000116,3,75761,227283,Credit Card,paid,2026-07-19 22:16:32
ORD-99655B5C28,CUST005633,SES006161,PROD001372,1,58274,58274,UPI,paid,2026-07-25 12:15:11
ORD-02B8568184,CUST009469,SES006163,PROD000140,1,34926,34926,Cash on Delivery,paid,2026-07-13 23:43:11
ORD-221081F008,CUST002434,SES006164,PROD001701,3,38036,114108,Credit Card,paid,2026-07-15 23:02:39
ORD-D0010E7F34,CUST000723,SES006176,PROD000005,3,21202,63606,Credit Card,paid,2026-07-06 07:51:53
ORD-9F442C87D0,CUST006444,SES006183,PROD000729,2,17328,34656,Cash on Delivery,paid,2026-07-05 07:51:27
ORD-5084DA1674,CUST009719,SES006184,PROD000091,1,12408,12408,UPI,paid,2026-07-17 02:54:28
ORD-64848A7A06,CUST008921,SES006190,PROD001850,2,37550,75100,Debit Card,refunded,2026-07-24 04:02:46
ORD-9491A11288,CUST009906,SES006194,PROD001555,1,12659,12659,Credit Card,paid,2026-07-13 04:07:22
ORD-CA23A9305F,CUST008055,SES006205,PROD000222,2,21630,43260,UPI,paid,2026-07-12 06:35:56
ORD-ACAFB35A13,CUST003808,SES006212,PROD000607,3,28019,84057,Debit Card,paid,2026-07-10 09:05:20
ORD-4E3F3FE372,CUST003808,SES006214,PROD001310,2,99942,199884,Credit Card,paid,2026-07-25 15:06:08
ORD-2F0D0417E6,CUST003493,SES006217,PROD001701,2,38036,76072,Wallet,paid,2026-07-01 08:59:29
ORD-A5BE17F017,CUST005829,SES006221,PROD001135,2,27107,54214,Credit Card,paid,2026-07-15 12:07:55
ORD-615E4E916A,CUST009701,SES006224,PROD001723,3,99872,299616,Credit Card,cancelled,2026-06-26 19:52:39
ORD-514FBFC77F,CUST001936,SES006225,PROD001363,1,95982,95982,UPI,cancelled,2026-07-09 06:21:41
ORD-86165BCE3E,CUST006269,SES006228,PROD000788,2,80559,161118,Wallet,paid,2026-06-30 17:20:10
ORD-357BF43DB3,CUST005401,SES006235,PROD000636,3,29757,89271,Debit Card,paid,2026-07-24 23:44:01
ORD-F041F5D1EA,CUST006399,SES006245,PROD000664,2,43258,86516,UPI,paid,2026-07-18 16:41:47
ORD-E254FB5445,CUST002082,SES006247,PROD001800,3,74153,222459,Credit Card,paid,2026-06-27 03:06:20
ORD-7BFD335A37,CUST009232,SES006257,PROD000144,2,28146,56292,Cash on Delivery,paid,2026-06-30 23:51:27
ORD-E23A082F48,CUST003752,SES006258,PROD000095,2,71684,143368,UPI,cancelled,2026-07-22 18:14:34
ORD-16DF367E9F,CUST008555,SES006262,PROD000227,2,37500,75000,UPI,paid,2026-07-17 06:18:26
ORD-CDD713168A,CUST005428,SES006267,PROD000299,3,20803,62409,Cash on Delivery,paid,2026-07-21 10:17:55
ORD-5F5FD6F0CD,CUST004282,SES006271,PROD001536,2,69584,139168,Debit Card,paid,2026-07-09 07:31:33
ORD-FF39C50630,CUST004809,SES006295,PROD000609,1,53657,53657,UPI,paid,2026-07-13 21:23:52
ORD-5FC0112D5F,CUST000537,SES006308,PROD001087,1,5987,5987,UPI,paid,2026-07-20 09:12:05
ORD-8E60565D85,CUST002888,SES006321,PROD000672,3,6494,19482,UPI,paid,2026-06-27 22:49:52
ORD-109AB197A0,CUST003633,SES006325,PROD001238,1,32748,32748,UPI,paid,2026-07-07 13:54:05
ORD-1ED9E9F862,CUST000863,SES006328,PROD000128,3,30379,91137,UPI,paid,2026-07-12 08:24:49
ORD-618712CB8A,CUST007590,SES006338,PROD001988,3,90325,270975,Credit Card,paid,2026-07-07 14:57:39
ORD-AD20D9F2D0,CUST003277,SES006366,PROD000110,3,18642,55926,UPI,paid,2026-07-02 10:16:59
ORD-21FF9FB946,CUST004767,SES006367,PROD001701,1,38036,38036,UPI,paid,2026-07-12 17:00:48
ORD-4CE23E40AE,CUST000958,SES006374,PROD001536,1,69584,69584,Credit Card,paid,2026-06-28 21:19:16
ORD-50E3C28F28,CUST001313,SES006379,PROD001000,2,57900,115800,Wallet,paid,2026-06-29 05:28:39
ORD-35D95866F5,CUST006337,SES006380,PROD000547,3,24105,72315,UPI,paid,2026-06-28 18:32:39
ORD-BDCF43573E,CUST004200,SES006404,PROD001051,2,87705,175410,UPI,paid,2026-07-02 04:31:21
ORD-47E42B7FE4,CUST002367,SES006406,PROD000489,2,64070,128140,Debit Card,paid,2026-06-26 11:54:15
ORD-5C5BC108D0,CUST004073,SES006412,PROD000759,2,63552,127104,UPI,paid,2026-07-13 10:45:22
ORD-381340BA32,CUST002784,SES006415,PROD001450,1,80566,80566,Debit Card,paid,2026-07-15 18:57:42
ORD-0078300DF7,CUST004331,SES006418,PROD001417,2,4001,8002,Debit Card,paid,2026-07-18 14:32:51
ORD-7DE7442750,CUST007843,SES006419,PROD001699,3,5109,15327,Cash on Delivery,paid,2026-07-20 10:22:56
ORD-AA8603204B,CUST003037,SES006420,PROD000128,1,30379,30379,Cash on Delivery,paid,2026-07-04 18:25:42
ORD-64BDC956EA,CUST002952,SES006423,PROD000499,3,67723,203169,Wallet,paid,2026-07-04 17:31:25
ORD-DC166442C2,CUST002893,SES006434,PROD000750,1,39883,39883,UPI,paid,2026-07-18 18:56:08
ORD-44C64D225A,CUST001138,SES006440,PROD001934,3,62704,188112,Debit Card,paid,2026-07-03 08:05:31
ORD-1B85115147,CUST006998,SES006451,PROD000784,3,70055,210165,UPI,paid,2026-07-03 01:39:05
ORD-E4345B7554,CUST005044,SES006460,PROD000237,3,67580,202740,UPI,refunded,2026-07-02 06:05:52
ORD-633C94A6E7,CUST007344,SES006467,PROD000448,3,23986,71958,UPI,paid,2026-07-04 09:47:29
ORD-2A647F052B,CUST002810,SES006473,PROD001171,3,18348,55044,UPI,cancelled,2026-07-20 05:00:03
ORD-14BDBC8044,CUST000025,SES006493,PROD000676,1,11603,11603,Debit Card,paid,2026-07-22 03:26:38
ORD-F8EFD33E65,CUST000154,SES006495,PROD001481,3,90409,271227,UPI,paid,2026-07-09 09:35:35
ORD-6F2A7E66AB,CUST009548,SES006509,PROD001260,3,41933,125799,UPI,cancelled,2026-07-17 10:40:15
ORD-5652D9959B,CUST008689,SES006510,PROD000791,2,80331,160662,UPI,paid,2026-07-13 07:22:24
ORD-99ECBD33F6,CUST009744,SES006513,PROD000342,3,86336,259008,Debit Card,paid,2026-07-12 03:43:42
ORD-3564A67B7A,CUST008154,SES006530,PROD000789,3,66834,200502,UPI,paid,2026-07-25 01:37:47
ORD-5F719AF777,CUST009570,SES006532,PROD001965,3,20391,61173,UPI,paid,2026-07-24 22:57:30
ORD-313CF8557C,CUST007276,SES006541,PROD000068,3,94714,284142,UPI,paid,2026-06-29 17:47:57
ORD-1C331A4299,CUST003428,SES006543,PROD000725,2,48089,96178,Credit Card,paid,2026-07-01 23:24:49
ORD-9BECC33968,CUST002233,SES006549,PROD000255,1,64293,64293,UPI,paid,2026-07-20 19:18:49
ORD-10EB0FEC4E,CUST002795,SES006560,PROD000815,1,44987,44987,Credit Card,paid,2026-07-19 08:32:09
ORD-2F5907CDDE,CUST006485,SES006571,PROD001452,3,87792,263376,Credit Card,paid,2026-07-23 18:31:58
ORD-A19FE5173E,CUST002831,SES006574,PROD001526,1,85359,85359,UPI,paid,2026-07-18 15:37:08
ORD-9C97B8A9DF,CUST008582,SES006579,PROD000693,1,41095,41095,UPI,paid,2026-06-30 10:34:15
ORD-C93D67B755,CUST002361,SES006585,PROD000322,2,83631,167262,Credit Card,paid,2026-07-11 23:47:33
ORD-7522BE84C7,CUST004546,SES006599,PROD001175,2,8306,16612,UPI,refunded,2026-07-19 17:34:05
ORD-AD054ABE40,CUST009578,SES006603,PROD001753,3,48150,144450,Credit Card,paid,2026-07-25 15:15:10
ORD-C632ADDD51,CUST009365,SES006605,PROD001179,2,1646,3292,Debit Card,paid,2026-07-24 01:19:28
ORD-0A7895BCFA,CUST005177,SES006626,PROD000488,1,33408,33408,Debit Card,paid,2026-07-14 03:42:56
ORD-9D8D5A3CAC,CUST005438,SES006644,PROD001348,3,56152,168456,UPI,paid,2026-07-11 15:35:21
ORD-0721C23395,CUST009568,SES006648,PROD001375,2,18300,36600,UPI,paid,2026-07-02 06:25:08
ORD-364F3B5E39,CUST000560,SES006666,PROD001184,3,52092,156276,UPI,paid,2026-07-17 04:57:25
ORD-964B8C4845,CUST006309,SES006676,PROD001211,1,22624,22624,Credit Card,paid,2026-07-15 03:40:10
ORD-76E0115BC7,CUST009307,SES006681,PROD000034,2,90741,181482,Wallet,paid,2026-06-29 10:04:45
ORD-9403EA19D8,CUST000076,SES006682,PROD000354,1,68533,68533,UPI,paid,2026-06-30 19:15:43
ORD-2926DD2BC7,CUST000083,SES006689,PROD001413,3,55920,167760,UPI,paid,2026-07-22 00:44:42
ORD-0EB9ED2969,CUST007534,SES006693,PROD001115,2,1722,3444,Wallet,paid,2026-07-21 19:00:43
ORD-53F1E02FD9,CUST008128,SES006699,PROD000706,2,53147,106294,UPI,paid,2026-06-30 04:40:26
ORD-1949CDCFB5,CUST001098,SES006725,PROD001486,1,70591,70591,Debit Card,paid,2026-06-26 07:45:36
ORD-1BA965250F,CUST005729,SES006727,PROD000591,2,74868,149736,Credit Card,paid,2026-06-27 20:41:55
ORD-E588C73AD9,CUST002041,SES006731,PROD001052,2,19792,39584,Cash on Delivery,cancelled,2026-07-25 00:46:22
ORD-AAF72A0F34,CUST008700,SES006732,PROD000379,1,31449,31449,Cash on Delivery,cancelled,2026-07-22 15:54:35
ORD-763F1A30DC,CUST006881,SES006734,PROD000480,3,62291,186873,Cash on Delivery,paid,2026-07-09 21:03:04
ORD-30C42AEA4A,CUST002166,SES006743,PROD000404,3,1330,3990,Credit Card,paid,2026-07-11 11:50:08
ORD-0A82013B91,CUST004290,SES006753,PROD001861,1,1436,1436,Wallet,paid,2026-07-10 06:13:25
ORD-37863A4D25,CUST007930,SES006759,PROD001917,1,79649,79649,Wallet,paid,2026-07-08 09:10:20
ORD-0233D2378A,CUST003226,SES006762,PROD000377,2,55755,111510,UPI,paid,2026-07-01 14:36:06
ORD-C7EBB57CB1,CUST003474,SES006763,PROD000782,1,76015,76015,UPI,paid,2026-06-26 03:48:17
ORD-25099EA0A8,CUST000202,SES006789,PROD001623,3,38702,116106,UPI,paid,2026-07-20 17:25:52
ORD-B891837FF4,CUST007829,SES006790,PROD000350,3,44989,134967,UPI,paid,2026-07-09 12:19:31
ORD-18599603B8,CUST009554,SES006807,PROD001665,3,15101,45303,UPI,refunded,2026-07-16 04:26:27
ORD-C5F34B6875,CUST000007,SES006818,PROD001497,3,2965,8895,UPI,paid,2026-07-25 16:43:29
ORD-EF4E0CC75A,CUST004094,SES006819,PROD000160,1,21040,21040,UPI,paid,2026-07-14 11:53:46
ORD-D1E12AC6F3,CUST006343,SES006820,PROD001570,3,81731,245193,Wallet,paid,2026-07-07 19:01:59
ORD-571834677E,CUST004806,SES006830,PROD000470,1,30835,30835,UPI,paid,2026-07-08 21:00:17
ORD-5E28A7F340,CUST001015,SES006832,PROD000270,2,53308,106616,Credit Card,paid,2026-06-29 04:08:11
ORD-F4E5B6A003,CUST008133,SES006836,PROD000306,3,60015,180045,UPI,paid,2026-07-22 02:33:11
ORD-1C1DA1A61B,CUST002350,SES006847,PROD001810,2,95328,190656,Debit Card,paid,2026-07-10 06:46:35
ORD-118B3CB0FE,CUST006477,SES006848,PROD000224,1,75769,75769,Cash on Delivery,paid,2026-06-27 07:07:43
ORD-BCB6208E1F,CUST004725,SES006857,PROD000387,3,74424,223272,UPI,paid,2026-07-24 11:57:54
ORD-80FE891724,CUST001543,SES006863,PROD001013,2,21947,43894,Debit Card,paid,2026-06-30 18:07:28
ORD-C7CABBEBAD,CUST002963,SES006869,PROD001449,1,16104,16104,UPI,cancelled,2026-06-26 16:12:09
ORD-F54353FA63,CUST005556,SES006871,PROD000070,3,77745,233235,Wallet,paid,2026-06-26 04:52:05
ORD-FEDE6C6024,CUST002681,SES006875,PROD000898,1,17378,17378,UPI,paid,2026-06-30 19:34:12
ORD-2E7438EB71,CUST009533,SES006876,PROD001962,1,55568,55568,Debit Card,paid,2026-07-06 19:43:31
ORD-7AB86C3834,CUST008566,SES006894,PROD000226,2,75591,151182,UPI,paid,2026-07-09 00:46:00
ORD-65BE3EAABA,CUST007106,SES006895,PROD000299,3,20803,62409,UPI,paid,2026-07-14 14:19:56
ORD-2B9E7EBE74,CUST008604,SES006900,PROD001992,1,72935,72935,Credit Card,paid,2026-07-25 13:03:19
ORD-84BB5884EB,CUST006760,SES006902,PROD001010,3,69165,207495,Credit Card,paid,2026-07-15 04:31:37
ORD-B01A930EFF,CUST009781,SES006910,PROD001006,2,97472,194944,UPI,paid,2026-06-30 21:15:40
ORD-8EB04EE6F7,CUST008836,SES006928,PROD001925,2,62159,124318,UPI,paid,2026-07-04 08:28:22
ORD-0858594395,CUST000920,SES006929,PROD001458,3,50492,151476,UPI,paid,2026-07-08 08:40:52
ORD-2CD10F8C40,CUST009845,SES006930,PROD000090,1,24437,24437,Credit Card,cancelled,2026-07-09 23:50:32
ORD-41D7B18994,CUST009630,SES006931,PROD000441,3,67863,203589,Cash on Delivery,paid,2026-07-20 06:58:03
ORD-51B4660D6F,CUST000130,SES006936,PROD001753,3,48150,144450,Debit Card,cancelled,2026-07-14 01:19:19
ORD-6BE5A0C355,CUST001669,SES006941,PROD001620,3,39730,119190,UPI,cancelled,2026-07-16 22:52:32
ORD-72398F74C4,CUST000405,SES006942,PROD001408,1,17380,17380,UPI,paid,2026-07-21 06:28:15
ORD-CF8CA1A22E,CUST004615,SES006946,PROD000711,1,52325,52325,UPI,refunded,2026-07-08 08:58:57
ORD-2AE8907B7E,CUST001508,SES006948,PROD000991,1,46190,46190,Credit Card,paid,2026-07-12 12:53:40
ORD-AD68C4A743,CUST004441,SES006953,PROD000790,1,6966,6966,UPI,paid,2026-07-08 01:10:40
ORD-055177CC32,CUST001349,SES006955,PROD000254,1,21719,21719,Wallet,paid,2026-07-23 21:14:44
ORD-4B64008276,CUST001350,SES006957,PROD001116,2,14354,28708,UPI,cancelled,2026-07-13 00:23:47
ORD-FA33BB4441,CUST002064,SES006967,PROD001603,3,19001,57003,Credit Card,cancelled,2026-07-07 18:03:51
ORD-0ABF0122F9,CUST004150,SES006970,PROD000452,1,1102,1102,Debit Card,refunded,2026-07-07 13:05:07
ORD-8207DBF4FB,CUST001150,SES006980,PROD001853,1,99194,99194,Wallet,paid,2026-07-23 13:34:38
ORD-9DFD1CABB1,CUST006728,SES007000,PROD000789,3,66834,200502,UPI,paid,2026-07-24 09:57:05
ORD-4E6AA87A84,CUST009869,SES007003,PROD000276,3,98538,295614,Credit Card,paid,2026-07-05 21:33:44
ORD-87271F0110,CUST004471,SES007018,PROD000254,3,21719,65157,Cash on Delivery,paid,2026-06-27 04:19:00
ORD-A72E63D2EB,CUST009347,SES007021,PROD000844,2,63239,126478,Debit Card,paid,2026-06-30 11:41:13
ORD-DB57258F53,CUST005848,SES007025,PROD001448,3,26437,79311,Credit Card,paid,2026-07-01 16:46:11
ORD-21F1D18DF3,CUST005033,SES007026,PROD001811,1,49478,49478,Credit Card,paid,2026-07-16 10:18:02
ORD-21857652BF,CUST007429,SES007029,PROD000925,1,23164,23164,Credit Card,paid,2026-07-13 12:10:18
ORD-2BB2BC16CF,CUST006153,SES007030,PROD000652,3,62458,187374,Debit Card,paid,2026-07-24 00:07:18
ORD-75DA0F1621,CUST009188,SES007031,PROD001515,3,45939,137817,Credit Card,paid,2026-07-01 12:38:53
ORD-7696A21519,CUST006833,SES007037,PROD000071,2,53835,107670,Credit Card,paid,2026-06-27 11:51:21
ORD-777F468DB6,CUST009831,SES007046,PROD000484,3,86684,260052,UPI,paid,2026-07-20 18:35:30
ORD-2BAE2D3275,CUST007151,SES007048,PROD001806,3,18978,56934,Wallet,paid,2026-07-18 23:58:22
ORD-4F77A26FD6,CUST001169,SES007060,PROD000980,1,51392,51392,Cash on Delivery,paid,2026-06-26 20:28:40
ORD-3E069CA9A0,CUST001787,SES007062,PROD001501,3,5982,17946,Wallet,paid,2026-07-04 19:28:37
ORD-D0196EF9F4,CUST008598,SES007064,PROD000599,2,79872,159744,Wallet,refunded,2026-07-12 00:30:14
ORD-5B592045A9,CUST008866,SES007065,PROD000083,1,53899,53899,Cash on Delivery,paid,2026-07-21 02:25:32
ORD-95DE92C461,CUST003441,SES007067,PROD000277,1,17637,17637,Credit Card,paid,2026-07-03 18:44:21
ORD-A48471F9E7,CUST001965,SES007069,PROD001576,3,37291,111873,Credit Card,paid,2026-06-29 08:16:39
ORD-83007B6C2F,CUST000454,SES007078,PROD000814,1,78886,78886,Debit Card,paid,2026-07-01 04:08:06
ORD-062418AEC2,CUST000248,SES007083,PROD001110,2,3992,7984,Credit Card,paid,2026-06-30 11:03:29
ORD-9115D4CCF1,CUST001811,SES007089,PROD001059,2,10834,21668,UPI,paid,2026-06-29 16:29:35
ORD-22886E4207,CUST008885,SES007094,PROD001366,3,27869,83607,Credit Card,paid,2026-07-16 09:52:40
ORD-2742BCC66F,CUST004151,SES007099,PROD001500,1,23639,23639,Credit Card,paid,2026-07-01 23:21:31
ORD-178514DB85,CUST000339,SES007102,PROD001601,3,58442,175326,UPI,paid,2026-07-18 18:24:59
ORD-67F48ACE18,CUST004689,SES007106,PROD000055,3,21498,64494,UPI,paid,2026-07-20 23:54:35
ORD-A79449559F,CUST003255,SES007107,PROD000429,1,35126,35126,Debit Card,paid,2026-07-02 00:50:29
ORD-01D129BF58,CUST007081,SES007134,PROD000347,2,39282,78564,Wallet,paid,2026-07-25 07:46:21
ORD-3C1A007345,CUST000185,SES007139,PROD001556,3,83104,249312,Debit Card,paid,2026-07-25 01:47:57
ORD-E3E9DD1C68,CUST000939,SES007144,PROD000465,2,47134,94268,UPI,paid,2026-07-23 05:46:47
ORD-088CCA5CD7,CUST007132,SES007146,PROD000624,2,38373,76746,UPI,paid,2026-07-16 19:40:30
ORD-FA832491D1,CUST006354,SES007151,PROD001328,1,67905,67905,UPI,cancelled,2026-07-18 18:19:36
ORD-D51AEBC4B6,CUST004247,SES007162,PROD001094,1,40801,40801,Debit Card,paid,2026-06-26 01:56:24
ORD-C8C779C560,CUST002000,SES007169,PROD001266,2,51371,102742,Debit Card,paid,2026-06-25 22:00:32
ORD-6F3A532934,CUST007039,SES007173,PROD001853,1,99194,99194,Wallet,paid,2026-07-12 04:15:30
ORD-A45BA41410,CUST009557,SES007178,PROD000763,1,28671,28671,UPI,paid,2026-07-10 12:16:45
ORD-67EE5F56FB,CUST001913,SES007180,PROD000274,3,23907,71721,UPI,paid,2026-07-06 05:24:39
ORD-3B82580611,CUST006036,SES007191,PROD000750,3,39883,119649,UPI,paid,2026-07-10 03:09:18
ORD-6073EB5D4B,CUST005663,SES007199,PROD000979,3,95811,287433,Cash on Delivery,paid,2026-07-02 16:26:56
ORD-CB26F2B43A,CUST004746,SES007202,PROD000616,1,69001,69001,Credit Card,paid,2026-07-21 14:09:27
ORD-2198D5613C,CUST005651,SES007204,PROD000194,2,31470,62940,Wallet,cancelled,2026-07-16 18:56:35
ORD-3054C279EF,CUST001953,SES007206,PROD001838,3,43452,130356,Cash on Delivery,paid,2026-06-30 08:45:07
ORD-15DD285C98,CUST003440,SES007207,PROD000905,3,6796,20388,UPI,paid,2026-07-23 05:52:18
ORD-8E10DD9346,CUST008099,SES007209,PROD000581,1,14424,14424,Credit Card,paid,2026-07-25 15:47:44
ORD-2EDC8AC045,CUST007300,SES007213,PROD001283,2,75440,150880,UPI,paid,2026-07-19 15:17:52
ORD-7997375963,CUST006118,SES007226,PROD000203,2,31109,62218,Cash on Delivery,paid,2026-06-26 03:21:59
ORD-3683C46563,CUST009333,SES007229,PROD001466,3,90751,272253,UPI,paid,2026-07-15 10:19:30
ORD-1F7FEF188A,CUST002790,SES007230,PROD000097,2,90208,180416,UPI,paid,2026-07-15 01:30:50
ORD-A0BD7DC903,CUST004729,SES007239,PROD001694,1,96661,96661,Cash on Delivery,refunded,2026-07-03 00:32:02
ORD-BAF9A18D1A,CUST006077,SES007241,PROD001770,1,62880,62880,Debit Card,cancelled,2026-06-26 19:14:53
ORD-3A54CEDEB2,CUST001667,SES007242,PROD001645,3,13666,40998,UPI,paid,2026-07-16 19:20:37
ORD-6F107329B9,CUST004676,SES007243,PROD000838,3,51031,153093,Credit Card,paid,2026-07-21 08:53:31
ORD-AA7F847A76,CUST007568,SES007247,PROD000225,3,81899,245697,Debit Card,paid,2026-07-16 09:38:29
ORD-4FA24FCF11,CUST007364,SES007261,PROD001924,2,89298,178596,UPI,paid,2026-07-11 01:07:10
ORD-CDD7801902,CUST005855,SES007263,PROD001810,2,95328,190656,Credit Card,paid,2026-07-17 09:57:26
ORD-E19FF2E345,CUST008699,SES007276,PROD000823,1,27322,27322,UPI,paid,2026-07-02 07:09:21
ORD-9BCCABC0BE,CUST001660,SES007282,PROD001121,3,89864,269592,Debit Card,refunded,2026-07-07 09:35:33
ORD-342CA4ACBA,CUST003028,SES007285,PROD001991,2,56677,113354,Credit Card,cancelled,2026-07-04 15:46:18
ORD-0D0B51F837,CUST003241,SES007292,PROD000241,3,75198,225594,UPI,paid,2026-07-07 07:01:34
ORD-9033769B6E,CUST008999,SES007295,PROD000054,2,69546,139092,UPI,paid,2026-07-17 13:14:55
ORD-5CC86097D1,CUST009869,SES007310,PROD000949,3,75140,225420,UPI,paid,2026-07-12 17:28:35
ORD-88B0920BB8,CUST001690,SES007313,PROD001334,2,24819,49638,Credit Card,paid,2026-07-23 20:53:50
ORD-0352AC5AAC,CUST005855,SES007323,PROD000394,3,31807,95421,Debit Card,paid,2026-07-06 08:02:10
ORD-8992D7D4AC,CUST003986,SES007336,PROD001816,2,56164,112328,Cash on Delivery,paid,2026-07-01 07:42:53
ORD-10C1E20334,CUST007941,SES007340,PROD001512,1,94851,94851,UPI,paid,2026-07-17 22:42:40
ORD-BFA8D6EE54,CUST003914,SES007346,PROD001415,3,79899,239697,UPI,paid,2026-07-22 16:12:38
ORD-14BAAD933E,CUST004712,SES007352,PROD000202,3,96306,288918,Wallet,paid,2026-06-29 14:43:08
ORD-DE1E3CD7D5,CUST006168,SES007359,PROD000695,2,69027,138054,UPI,paid,2026-07-24 22:18:52
ORD-1BD9B551C7,CUST006456,SES007360,PROD001137,3,55991,167973,Credit Card,paid,2026-07-14 19:15:35
ORD-1851E74380,CUST005936,SES007362,PROD001721,2,58075,116150,Cash on Delivery,paid,2026-07-06 18:02:53
ORD-64B36DF13E,CUST000506,SES007368,PROD001702,3,56522,169566,UPI,paid,2026-06-30 08:22:33
ORD-89B52ACB1F,CUST007450,SES007372,PROD000758,3,68146,204438,Credit Card,paid,2026-07-21 22:11:24
ORD-3753054E50,CUST009761,SES007377,PROD001741,3,8593,25779,Wallet,paid,2026-07-10 11:44:45
ORD-8B43C6D83D,CUST008143,SES007394,PROD000057,3,97221,291663,Credit Card,paid,2026-07-20 13:29:18
ORD-946C87DB0F,CUST009897,SES007395,PROD000487,1,48427,48427,Credit Card,paid,2026-07-17 16:54:23
ORD-712297C104,CUST006050,SES007397,PROD000052,1,18475,18475,UPI,paid,2026-07-13 00:22:20
ORD-4925308772,CUST000727,SES007400,PROD000527,2,82037,164074,Cash on Delivery,paid,2026-07-09 01:46:15
ORD-9F14D237BE,CUST008264,SES007411,PROD000984,2,61261,122522,Credit Card,paid,2026-07-18 09:44:44
ORD-DC5F3BEC0F,CUST009464,SES007413,PROD000427,3,95402,286206,Debit Card,paid,2026-07-11 10:21:43
ORD-3EF9F69E56,CUST009543,SES007414,PROD000314,2,4324,8648,Debit Card,refunded,2026-07-22 08:59:17
ORD-17F13BF73A,CUST004335,SES007415,PROD000298,3,8315,24945,UPI,paid,2026-07-19 08:24:08
ORD-9B072D2B82,CUST004573,SES007430,PROD000689,1,42068,42068,UPI,paid,2026-06-27 17:18:01
ORD-2ADF4047E9,CUST007316,SES007432,PROD001739,1,70820,70820,Wallet,paid,2026-07-19 01:47:34
ORD-79FDD5ADBD,CUST002411,SES007438,PROD001713,1,76281,76281,Cash on Delivery,paid,2026-07-15 10:41:13
ORD-B2D71D7346,CUST008017,SES007440,PROD000315,1,19799,19799,Cash on Delivery,paid,2026-07-07 09:50:40
ORD-B6AC762DFE,CUST008589,SES007441,PROD001947,2,60537,121074,Credit Card,paid,2026-07-25 17:14:04
ORD-38FE4511F7,CUST004735,SES007458,PROD001541,3,97458,292374,Credit Card,paid,2026-07-07 07:14:56
ORD-573EF895B9,CUST003209,SES007459,PROD000644,1,2310,2310,Debit Card,paid,2026-07-25 13:29:36
ORD-D92CAE8084,CUST006812,SES007472,PROD001817,2,86357,172714,Debit Card,paid,2026-07-02 01:00:28
ORD-B63D2DFCB1,CUST004742,SES007473,PROD001478,1,16069,16069,UPI,paid,2026-07-04 07:27:18
ORD-E747E972C2,CUST004074,SES007476,PROD000934,1,2390,2390,Debit Card,paid,2026-07-03 15:14:05
ORD-9829988954,CUST001246,SES007484,PROD001719,1,63252,63252,Credit Card,paid,2026-07-19 22:21:57
ORD-DFF976237F,CUST002045,SES007486,PROD001428,3,5201,15603,Credit Card,paid,2026-07-21 01:00:54
ORD-F8AB29B46B,CUST001555,SES007505,PROD001503,2,24949,49898,Credit Card,paid,2026-07-19 18:13:10
ORD-FB70C3679A,CUST002100,SES007516,PROD001031,1,98285,98285,Debit Card,refunded,2026-07-09 03:22:41
ORD-5D80C0C125,CUST002784,SES007517,PROD000887,2,71443,142886,Debit Card,paid,2026-07-16 03:55:42
ORD-C067E43459,CUST002617,SES007521,PROD000058,3,15023,45069,Debit Card,paid,2026-07-09 16:05:10
ORD-96A68CD85C,CUST005488,SES007526,PROD001500,1,23639,23639,Cash on Delivery,paid,2026-06-26 21:10:50
ORD-694D9427AC,CUST009505,SES007539,PROD000814,1,78886,78886,UPI,paid,2026-07-02 08:20:44
ORD-581F3BDEA9,CUST009856,SES007547,PROD000328,1,41503,41503,Credit Card,paid,2026-06-29 05:57:17
ORD-0D7952DAEC,CUST004837,SES007550,PROD000219,2,42621,85242,Wallet,paid,2026-07-12 15:23:31
ORD-A31AFAE4CC,CUST009056,SES007553,PROD000746,1,83584,83584,Credit Card,paid,2026-07-14 21:28:00
ORD-C6FFAE7861,CUST007356,SES007559,PROD000084,1,18802,18802,Credit Card,paid,2026-07-18 01:02:27
ORD-1B52FB65C6,CUST003698,SES007561,PROD000405,2,8331,16662,Credit Card,paid,2026-07-13 00:45:03
ORD-38ECD23D3D,CUST007242,SES007570,PROD001703,3,48234,144702,Cash on Delivery,paid,2026-07-24 17:02:38
ORD-6132BE0806,CUST002126,SES007578,PROD000158,1,14385,14385,UPI,paid,2026-07-25 00:20:57
ORD-BE883F3C47,CUST002239,SES007585,PROD000881,3,75805,227415,Debit Card,paid,2026-06-26 16:37:59
ORD-B3EABA26F7,CUST004516,SES007607,PROD000696,1,952,952,UPI,paid,2026-06-26 18:02:47
ORD-9D3D1D41D6,CUST004599,SES007618,PROD000765,2,78008,156016,UPI,paid,2026-07-08 04:05:39
ORD-6EDF482E00,CUST007380,SES007624,PROD001241,3,33908,101724,UPI,paid,2026-07-09 20:42:09
ORD-B8DFB27D7F,CUST005788,SES007625,PROD001561,3,34926,104778,Credit Card,paid,2026-07-23 03:20:00
ORD-B4873ED667,CUST005173,SES007629,PROD000989,1,72286,72286,UPI,paid,2026-06-27 07:29:24
ORD-18534A8540,CUST001148,SES007637,PROD001724,3,94535,283605,UPI,paid,2026-07-17 04:54:00
ORD-E7FB65C902,CUST006590,SES007643,PROD000612,1,79850,79850,Credit Card,paid,2026-07-23 13:00:30
ORD-8EC844CDFB,CUST003201,SES007647,PROD000452,3,1102,3306,Wallet,paid,2026-07-08 04:35:57
ORD-58A25B12E5,CUST001613,SES007650,PROD001915,2,56503,113006,Debit Card,paid,2026-07-06 06:44:33
ORD-BB3CFE93FB,CUST006288,SES007663,PROD001112,3,25693,77079,Credit Card,paid,2026-07-24 17:11:33
ORD-8E7244B61D,CUST005181,SES007666,PROD001390,3,74835,224505,Wallet,paid,2026-06-30 18:57:07
ORD-DFEF7733E9,CUST009938,SES007670,PROD000552,3,21816,65448,UPI,paid,2026-07-04 10:42:46
ORD-50EB8A659C,CUST006390,SES007673,PROD000863,3,465,1395,UPI,paid,2026-06-26 23:09:17
ORD-41EE001185,CUST000679,SES007674,PROD001091,1,9458,9458,Credit Card,paid,2026-07-24 02:54:11
ORD-7456505066,CUST008670,SES007677,PROD001030,3,2261,6783,UPI,paid,2026-07-23 08:38:19
ORD-E4CFDA9DE7,CUST006519,SES007680,PROD001132,1,27431,27431,Wallet,refunded,2026-07-21 10:25:01
ORD-3899D270D6,CUST002667,SES007682,PROD001463,3,33663,100989,Debit Card,paid,2026-06-28 08:01:51
ORD-C44A91B0C5,CUST006537,SES007683,PROD001413,2,55920,111840,Debit Card,paid,2026-07-17 18:36:22
ORD-687ED99002,CUST005740,SES007695,PROD000324,3,18589,55767,Debit Card,paid,2026-07-25 06:19:53
ORD-612A3574DC,CUST003502,SES007723,PROD000621,1,59407,59407,UPI,paid,2026-07-09 22:51:13
ORD-189A3C68B1,CUST008536,SES007726,PROD000016,1,22712,22712,Credit Card,paid,2026-07-22 07:51:20
ORD-DE6F0F6073,CUST000858,SES007736,PROD001429,2,58885,117770,Credit Card,paid,2026-07-12 07:21:13
ORD-7D13069F9F,CUST008158,SES007744,PROD000925,1,23164,23164,UPI,paid,2026-07-08 09:24:12
ORD-3B05C40941,CUST002173,SES007748,PROD000300,3,53319,159957,Cash on Delivery,paid,2026-07-21 04:23:32
ORD-9F0027E1A6,CUST000353,SES007756,PROD000280,3,65439,196317,UPI,paid,2026-07-06 13:33:32
ORD-1AEF0E9671,CUST000788,SES007764,PROD000831,3,47178,141534,Debit Card,paid,2026-07-11 21:35:35
ORD-3AD1D92712,CUST000906,SES007773,PROD001538,3,93551,280653,Credit Card,paid,2026-07-24 15:51:06
ORD-D61461D6B5,CUST005974,SES007782,PROD000692,1,73910,73910,Wallet,paid,2026-07-19 23:11:18
ORD-FFAA73F06E,CUST000552,SES007786,PROD000197,3,97393,292179,UPI,paid,2026-07-16 13:55:24
ORD-D09EA15180,CUST004800,SES007794,PROD001111,2,72856,145712,UPI,paid,2026-07-02 03:36:33
ORD-277ADE3753,CUST007913,SES007802,PROD000767,3,38258,114774,Credit Card,paid,2026-06-26 10:32:19
ORD-7AA3290569,CUST001010,SES007819,PROD000829,3,72277,216831,UPI,paid,2026-07-22 01:08:54
ORD-66195F977F,CUST006865,SES007823,PROD000523,2,44363,88726,Wallet,paid,2026-07-12 04:24:33
ORD-037EE52DBD,CUST005534,SES007824,PROD001183,2,92814,185628,UPI,paid,2026-07-16 07:19:31
ORD-439B2D82C8,CUST002393,SES007846,PROD000306,3,60015,180045,Credit Card,paid,2026-07-12 15:48:24
ORD-1FD249A2B4,CUST007583,SES007860,PROD001850,3,37550,112650,Debit Card,paid,2026-07-15 19:31:43
ORD-FBF03E0FB2,CUST003874,SES007862,PROD001539,3,81084,243252,Cash on Delivery,paid,2026-06-26 14:30:11
ORD-37A98BB9FA,CUST002511,SES007873,PROD001463,1,33663,33663,Credit Card,paid,2026-07-14 03:35:30
ORD-43B2E163F0,CUST007871,SES007879,PROD000283,2,49030,98060,Debit Card,paid,2026-07-04 09:39:30
ORD-1196B096C6,CUST001896,SES007883,PROD001364,3,54232,162696,Credit Card,paid,2026-07-22 21:40:16
ORD-66ECA9D38C,CUST001241,SES007890,PROD000454,1,2831,2831,Wallet,paid,2026-07-02 00:24:04
ORD-D02DA9374A,CUST001099,SES007892,PROD000908,3,99661,298983,Credit Card,paid,2026-06-30 20:18:46
ORD-ACA0F8EAD2,CUST005663,SES007897,PROD000873,1,84333,84333,Debit Card,paid,2026-07-09 09:43:04
ORD-1B9DC4005B,CUST005373,SES007917,PROD000449,2,49957,99914,UPI,paid,2026-07-11 08:16:13
ORD-DEDB07C846,CUST006965,SES007920,PROD000695,1,69027,69027,Credit Card,cancelled,2026-07-21 21:52:01
ORD-2F2393CB10,CUST007830,SES007924,PROD001690,2,30726,61452,UPI,paid,2026-07-15 15:31:33
ORD-8F0EB47022,CUST008184,SES007934,PROD000495,1,70479,70479,Credit Card,paid,2026-07-22 18:21:50
ORD-F2004AA443,CUST001662,SES007939,PROD001491,1,37742,37742,UPI,paid,2026-07-07 02:16:48
ORD-F2E646C403,CUST005455,SES007947,PROD001491,3,37742,113226,UPI,paid,2026-06-30 23:00:16
ORD-DBB65CADA3,CUST003859,SES007957,PROD000647,2,68516,137032,Wallet,paid,2026-07-19 00:20:45
ORD-3AC75C544A,CUST005528,SES007976,PROD001800,3,74153,222459,UPI,paid,2026-07-14 16:45:12
ORD-3FBEED03CA,CUST008355,SES007978,PROD001388,1,39638,39638,Credit Card,paid,2026-07-02 04:17:32
ORD-EDC343578A,CUST009102,SES007981,PROD000945,1,71745,71745,Wallet,paid,2026-07-05 18:44:58
ORD-8C5E6D97B7,CUST000591,SES007988,PROD001579,1,73401,73401,UPI,paid,2026-07-20 18:13:25
ORD-26DA81C247,CUST005679,SES007992,PROD001240,3,83929,251787,Debit Card,paid,2026-07-08 09:37:30
ORD-F9B0F500C8,CUST002605,SES007995,PROD000288,2,19462,38924,Credit Card,paid,2026-07-05 07:44:04
ORD-6231006C57,CUST003940,SES007996,PROD001272,2,24663,49326,UPI,cancelled,2026-07-11 18:15:43
ORD-F7859DB38C,CUST008123,SES008001,PROD000696,1,952,952,UPI,paid,2026-06-26 16:16:35
ORD-299FECE9F4,CUST005330,SES008004,PROD001044,3,41325,123975,Debit Card,paid,2026-07-04 22:13:54
ORD-43774B2DF9,CUST003287,SES008007,PROD000157,3,84379,253137,Credit Card,paid,2026-07-07 15:05:12
ORD-16C3E737F7,CUST004231,SES008009,PROD001850,1,37550,37550,UPI,cancelled,2026-06-28 09:16:06
ORD-963D9B9B93,CUST005403,SES008010,PROD001918,1,17647,17647,Wallet,paid,2026-07-25 10:18:52
ORD-AE2E2327A3,CUST007561,SES008013,PROD001607,1,6927,6927,UPI,paid,2026-07-21 03:06:07
ORD-874E85F16F,CUST004956,SES008016,PROD001130,2,10903,21806,UPI,paid,2026-07-07 14:29:02
ORD-D13CF0335D,CUST007965,SES008023,PROD001598,1,50949,50949,Cash on Delivery,paid,2026-07-05 02:52:30
ORD-C328B41E9F,CUST007381,SES008026,PROD000386,3,97374,292122,UPI,paid,2026-07-06 05:55:21
ORD-D8C3A0E4E9,CUST001718,SES008031,PROD001848,1,39551,39551,UPI,paid,2026-07-23 19:03:04
ORD-231892600A,CUST006640,SES008045,PROD001590,2,51358,102716,UPI,paid,2026-07-22 14:46:00
ORD-EB43B14332,CUST005204,SES008048,PROD001238,2,32748,65496,Debit Card,paid,2026-06-30 01:50:23
ORD-151E1AE9AA,CUST009760,SES008049,PROD000405,3,8331,24993,Debit Card,paid,2026-07-05 10:47:09
ORD-095FD9153B,CUST009545,SES008062,PROD000253,2,93426,186852,UPI,paid,2026-07-21 22:05:26
ORD-29BC446FDD,CUST009684,SES008065,PROD000361,1,42646,42646,Credit Card,paid,2026-07-18 10:24:07
ORD-F0D2A14155,CUST002367,SES008067,PROD001437,1,53399,53399,UPI,paid,2026-07-14 22:15:48
ORD-E62D7A3BD5,CUST009456,SES008074,PROD000156,1,58277,58277,UPI,paid,2026-07-09 15:51:05
ORD-32C6804B15,CUST002707,SES008086,PROD001942,3,22529,67587,UPI,paid,2026-07-22 02:53:27
ORD-EE842B58AB,CUST007270,SES008097,PROD000385,1,46787,46787,Cash on Delivery,paid,2026-06-30 00:04:54
ORD-A88452C74C,CUST002688,SES008100,PROD001600,1,58952,58952,UPI,paid,2026-07-09 17:44:47
ORD-B994D7C05E,CUST000414,SES008101,PROD000458,3,83288,249864,Cash on Delivery,paid,2026-07-02 05:53:06
ORD-F4879E6CF0,CUST009198,SES008103,PROD001270,1,94122,94122,UPI,paid,2026-06-29 23:10:25
ORD-9D10048799,CUST005261,SES008115,PROD001365,2,74709,149418,Debit Card,paid,2026-07-15 08:36:33
ORD-435627E670,CUST001881,SES008116,PROD001512,3,94851,284553,Credit Card,paid,2026-07-06 19:16:11
ORD-94477343BB,CUST009633,SES008120,PROD000675,3,44956,134868,Debit Card,paid,2026-07-15 17:50:38
ORD-7C5C717464,CUST005022,SES008123,PROD000474,2,60257,120514,Debit Card,paid,2026-07-07 23:53:07
ORD-E542CF6B82,CUST007833,SES008125,PROD000016,2,22712,45424,Wallet,cancelled,2026-07-10 11:05:17
ORD-A4A4BA50EB,CUST005613,SES008135,PROD002000,2,55390,110780,Credit Card,paid,2026-07-10 02:02:19
ORD-0816E8E228,CUST006885,SES008144,PROD001542,2,34694,69388,Credit Card,paid,2026-07-08 10:57:40
ORD-411FAE802E,CUST009615,SES008148,PROD001036,2,2181,4362,UPI,refunded,2026-07-13 01:47:10
ORD-3CC5F65F83,CUST004992,SES008155,PROD001207,3,95915,287745,Wallet,paid,2026-07-24 23:13:06
ORD-BC19229FC3,CUST002354,SES008161,PROD000766,2,32109,64218,UPI,paid,2026-06-28 20:56:25
ORD-E8A41D476B,CUST006817,SES008174,PROD001090,2,25417,50834,UPI,paid,2026-07-07 15:14:47
ORD-96A3FF22A6,CUST008996,SES008182,PROD001467,2,28505,57010,UPI,paid,2026-06-29 07:34:10
ORD-0F046690E8,CUST001454,SES008187,PROD000071,2,53835,107670,Credit Card,paid,2026-06-29 08:07:55
ORD-842D21ECE2,CUST002510,SES008192,PROD000560,2,81912,163824,UPI,paid,2026-07-07 21:24:56
ORD-2712D87194,CUST003065,SES008193,PROD001958,2,7001,14002,UPI,paid,2026-06-29 13:11:04
ORD-0830076A8E,CUST004839,SES008198,PROD000115,2,45831,91662,UPI,paid,2026-07-09 04:36:34
ORD-3D1F97F30A,CUST008841,SES008227,PROD001476,3,49528,148584,UPI,paid,2026-07-22 12:18:04
ORD-35569D14EE,CUST002646,SES008240,PROD000459,2,68192,136384,UPI,paid,2026-07-16 02:30:44
ORD-A045787AF8,CUST001702,SES008253,PROD000926,2,21760,43520,Cash on Delivery,paid,2026-07-22 22:32:41
ORD-A590D50270,CUST008245,SES008258,PROD000117,2,43460,86920,Debit Card,paid,2026-07-12 12:29:30
ORD-F621EB9376,CUST007274,SES008265,PROD000725,1,48089,48089,Credit Card,paid,2026-07-12 11:44:14
ORD-6E28D82B64,CUST008790,SES008272,PROD000127,3,91762,275286,UPI,paid,2026-07-19 20:26:39
ORD-DE78A50229,CUST000139,SES008273,PROD001158,3,26731,80193,UPI,refunded,2026-07-11 01:37:51
ORD-188307335B,CUST009273,SES008285,PROD001510,2,95788,191576,Credit Card,paid,2026-07-15 01:31:48
ORD-7548918A42,CUST002951,SES008295,PROD000069,2,20286,40572,UPI,cancelled,2026-07-21 09:58:56
ORD-D9D0EDC0EC,CUST007167,SES008311,PROD000385,2,46787,93574,UPI,paid,2026-07-05 13:12:09
ORD-2B5171DC67,CUST009397,SES008317,PROD000268,2,22778,45556,UPI,paid,2026-06-28 12:09:56
ORD-3BC60F7629,CUST005785,SES008318,PROD001551,1,37934,37934,Credit Card,paid,2026-07-07 02:34:42
ORD-A4161314FC,CUST007855,SES008323,PROD001990,1,77087,77087,Debit Card,paid,2026-07-14 05:21:48
ORD-561C72B188,CUST002311,SES008330,PROD000203,3,31109,93327,Debit Card,paid,2026-07-09 22:33:52
ORD-E3CF5EABC3,CUST000889,SES008332,PROD000282,3,13236,39708,UPI,paid,2026-06-27 11:27:02
ORD-21BEBCE8F5,CUST005114,SES008333,PROD001717,1,86101,86101,Credit Card,paid,2026-07-03 01:36:51
ORD-04B9BE2E6D,CUST002901,SES008340,PROD000220,2,13561,27122,Wallet,paid,2026-07-12 09:04:31
ORD-0D4DB0304E,CUST001218,SES008341,PROD000016,3,22712,68136,Wallet,paid,2026-07-22 16:48:04
ORD-D5E9180399,CUST003868,SES008349,PROD000806,1,10819,10819,Credit Card,paid,2026-06-26 15:27:22
ORD-1FE713CFD9,CUST002366,SES008362,PROD000427,1,95402,95402,UPI,paid,2026-07-25 01:25:54
ORD-F0F5AB27D8,CUST009184,SES008363,PROD000671,3,43350,130050,Debit Card,paid,2026-07-23 21:45:02
ORD-E86C5EBB66,CUST007168,SES008371,PROD001764,2,730,1460,Wallet,paid,2026-07-11 11:21:09
ORD-27EE5AB4F7,CUST002416,SES008377,PROD001426,1,86142,86142,Cash on Delivery,paid,2026-07-05 22:08:23
ORD-6040194E71,CUST003405,SES008380,PROD000084,2,18802,37604,UPI,paid,2026-06-27 20:21:57
ORD-EFD97C005A,CUST006889,SES008390,PROD001195,1,62093,62093,UPI,paid,2026-07-22 02:10:07
ORD-8D4DB3CAFB,CUST006278,SES008393,PROD000417,3,67266,201798,Credit Card,paid,2026-07-22 16:03:31
ORD-F9C48ED54A,CUST008994,SES008418,PROD001902,2,20377,40754,UPI,paid,2026-07-19 02:59:42
ORD-279358D28E,CUST005327,SES008421,PROD001854,2,84273,168546,UPI,paid,2026-06-28 11:03:34
ORD-BCABF7F5D7,CUST004224,SES008422,PROD000809,2,21304,42608,UPI,paid,2026-07-04 17:35:04
ORD-124253422B,CUST001168,SES008425,PROD001721,3,58075,174225,UPI,paid,2026-07-21 21:05:49
ORD-3A1B779EBF,CUST002176,SES008431,PROD000842,3,91414,274242,Cash on Delivery,paid,2026-07-13 14:10:38
ORD-D973B05143,CUST002869,SES008432,PROD000459,1,68192,68192,Wallet,paid,2026-06-26 17:23:36
ORD-7D12A823AC,CUST009342,SES008438,PROD000868,3,31699,95097,Debit Card,paid,2026-07-12 22:29:48
ORD-1CC981C8F9,CUST008681,SES008439,PROD000310,2,84695,169390,Credit Card,paid,2026-07-15 06:20:42
ORD-1BF2D6668F,CUST006910,SES008449,PROD000975,3,74671,224013,Credit Card,paid,2026-07-18 10:18:39
ORD-E722C9B9EB,CUST007858,SES008459,PROD001592,3,3984,11952,UPI,paid,2026-07-05 19:19:43
ORD-54BADDF3C8,CUST002783,SES008461,PROD000104,1,30282,30282,Debit Card,paid,2026-07-08 05:01:34
ORD-CB17AE0DAE,CUST006239,SES008467,PROD001180,2,3892,7784,UPI,paid,2026-07-02 15:05:00
ORD-5F077F3CFF,CUST009294,SES008475,PROD001009,2,30188,60376,Debit Card,paid,2026-07-14 10:46:36
ORD-D5FEAF2D7B,CUST005934,SES008489,PROD000996,3,842,2526,Credit Card,paid,2026-07-17 05:15:04
ORD-C469938CF7,CUST007408,SES008490,PROD000730,1,63986,63986,Debit Card,paid,2026-07-08 14:57:52
ORD-39C9DF3083,CUST006337,SES008495,PROD001195,2,62093,124186,UPI,paid,2026-07-16 01:17:19
ORD-16D7C335BB,CUST002435,SES008496,PROD001798,3,70131,210393,Wallet,paid,2026-07-01 00:03:13
ORD-355FAA27F9,CUST003884,SES008499,PROD001394,1,61990,61990,UPI,refunded,2026-06-27 21:59:33
ORD-55644AEF57,CUST009870,SES008500,PROD000599,2,79872,159744,Credit Card,paid,2026-07-08 17:05:15
ORD-0F61417A07,CUST008091,SES008509,PROD000222,3,21630,64890,Wallet,paid,2026-07-16 16:24:02
ORD-654622ED10,CUST006024,SES008525,PROD001326,2,81001,162002,Cash on Delivery,paid,2026-07-06 12:13:49
ORD-5F7B7BC4FF,CUST007973,SES008533,PROD001261,2,4521,9042,UPI,paid,2026-06-28 13:11:39
ORD-0DAB86D020,CUST000958,SES008535,PROD001894,2,39564,79128,Credit Card,paid,2026-07-19 20:05:11
ORD-DFE8206386,CUST008735,SES008538,PROD000076,1,71111,71111,Credit Card,paid,2026-07-24 02:18:18
ORD-A2B517BB84,CUST001723,SES008542,PROD001927,2,13436,26872,Cash on Delivery,paid,2026-07-15 05:20:51
ORD-8E0B7AA2E8,CUST003710,SES008564,PROD001148,2,78136,156272,UPI,cancelled,2026-07-20 04:41:10
ORD-E1510BA3E0,CUST009890,SES008568,PROD001414,3,25274,75822,Debit Card,paid,2026-06-28 20:46:01
ORD-99B89BB58D,CUST001931,SES008586,PROD000981,2,19544,39088,Cash on Delivery,paid,2026-07-21 15:27:02
ORD-84915B934D,CUST009375,SES008587,PROD001754,2,50376,100752,UPI,paid,2026-07-11 09:15:36
ORD-A9877AD9B1,CUST004190,SES008591,PROD000457,3,29740,89220,Credit Card,paid,2026-07-17 12:40:41
ORD-26A079C1A8,CUST003658,SES008594,PROD000195,1,8027,8027,Credit Card,paid,2026-07-20 09:21:25
ORD-051BB4F069,CUST001857,SES008612,PROD000864,1,84808,84808,UPI,paid,2026-07-16 03:07:40
ORD-B4D386D16F,CUST007633,SES008616,PROD000964,1,6279,6279,UPI,paid,2026-07-22 17:35:36
ORD-4EB78A1DCC,CUST006962,SES008619,PROD001186,2,44529,89058,Credit Card,paid,2026-07-08 04:32:38
ORD-69791AAE86,CUST009563,SES008626,PROD000752,2,12968,25936,UPI,paid,2026-07-07 20:09:56
ORD-19272EE8F4,CUST009178,SES008629,PROD000835,2,25375,50750,Credit Card,paid,2026-07-15 23:49:00
ORD-410DA4BB66,CUST009612,SES008635,PROD001221,3,17098,51294,UPI,paid,2026-07-17 16:34:29
ORD-0F1ABE7949,CUST000426,SES008637,PROD000846,2,73329,146658,Cash on Delivery,paid,2026-07-22 18:13:51
ORD-6203F30008,CUST003438,SES008659,PROD001702,1,56522,56522,Credit Card,paid,2026-07-12 22:51:17
ORD-4F18DB3A07,CUST000628,SES008664,PROD001739,2,70820,141640,UPI,paid,2026-07-01 10:45:07
ORD-08FC2AE4C0,CUST007675,SES008670,PROD001699,3,5109,15327,Cash on Delivery,paid,2026-07-20 12:11:27
ORD-D2DA040649,CUST003451,SES008677,PROD001367,2,17095,34190,UPI,paid,2026-07-09 05:06:24
ORD-55422771AA,CUST007649,SES008682,PROD000195,1,8027,8027,UPI,paid,2026-06-30 01:42:35
ORD-DCDBA7FE18,CUST003194,SES008685,PROD000576,2,21353,42706,UPI,paid,2026-07-17 08:18:35
ORD-FB7F935D07,CUST006261,SES008687,PROD001837,2,48178,96356,UPI,paid,2026-06-26 21:18:16
ORD-8B29F06E05,CUST007811,SES008691,PROD000518,3,66393,199179,Cash on Delivery,refunded,2026-07-01 07:23:38
ORD-3CDBC6046E,CUST006887,SES008699,PROD000835,1,25375,25375,Cash on Delivery,refunded,2026-07-23 21:49:53
ORD-D5326BF93B,CUST002551,SES008709,PROD000261,2,21431,42862,UPI,cancelled,2026-07-02 20:40:58
ORD-868AA6B262,CUST001986,SES008719,PROD000114,1,32380,32380,UPI,paid,2026-06-30 12:43:42
ORD-51CCC6AA07,CUST000573,SES008721,PROD001454,1,78083,78083,UPI,paid,2026-07-06 14:26:07
ORD-F9B21FB1F3,CUST003443,SES008722,PROD001234,1,29350,29350,Cash on Delivery,paid,2026-07-05 14:53:05
ORD-3C1AF14048,CUST004118,SES008742,PROD001552,1,44124,44124,Debit Card,paid,2026-07-22 04:42:55
ORD-C3000BAD80,CUST007149,SES008749,PROD000914,1,21498,21498,Debit Card,paid,2026-07-22 21:42:36
ORD-42E6A1C79A,CUST002610,SES008751,PROD000820,2,60486,120972,Debit Card,paid,2026-07-15 09:37:01
ORD-3A87522639,CUST002047,SES008752,PROD001926,3,66420,199260,Cash on Delivery,refunded,2026-07-21 02:43:55
ORD-A9C23C228F,CUST009744,SES008753,PROD001484,1,16303,16303,Wallet,paid,2026-06-30 11:32:19
ORD-4A91B242BF,CUST004782,SES008757,PROD000339,1,59487,59487,UPI,paid,2026-06-29 18:38:44
ORD-67F322CCA5,CUST002949,SES008759,PROD001060,1,93313,93313,UPI,paid,2026-06-29 01:31:41
ORD-85FACD38E1,CUST005091,SES008767,PROD001681,2,85201,170402,UPI,paid,2026-06-28 23:41:15
ORD-002E377819,CUST008521,SES008784,PROD000427,2,95402,190804,Debit Card,paid,2026-07-01 21:26:32
ORD-B64F94D383,CUST008655,SES008787,PROD000539,1,18699,18699,UPI,paid,2026-07-19 03:13:34
ORD-15928D82F9,CUST004486,SES008794,PROD000587,3,7732,23196,Debit Card,paid,2026-07-14 11:25:04
ORD-3F529B1D23,CUST009770,SES008795,PROD000338,2,83105,166210,Cash on Delivery,paid,2026-07-23 20:02:58
ORD-D89C38735E,CUST009133,SES008800,PROD001644,3,1727,5181,UPI,paid,2026-07-25 04:57:35
ORD-7AA7F4DC5C,CUST006528,SES008804,PROD001803,2,19670,39340,UPI,paid,2026-07-15 08:27:34
ORD-A62C4A62D1,CUST004100,SES008806,PROD000746,2,83584,167168,UPI,paid,2026-07-08 10:30:35
ORD-E49266D689,CUST005546,SES008811,PROD000760,2,22701,45402,Wallet,paid,2026-07-05 03:29:14
ORD-AAC90F6E70,CUST008126,SES008835,PROD000812,2,45788,91576,Wallet,paid,2026-06-30 09:50:27
ORD-7010A81317,CUST007978,SES008837,PROD000555,3,38604,115812,UPI,paid,2026-07-12 19:00:28
ORD-5728625AD4,CUST003984,SES008843,PROD000387,3,74424,223272,UPI,paid,2026-07-11 16:31:21
ORD-2256E85E61,CUST003837,SES008864,PROD001386,1,77475,77475,UPI,paid,2026-06-25 21:39:27
ORD-120B1D57ED,CUST002586,SES008865,PROD000520,2,37962,75924,UPI,paid,2026-07-02 21:02:40
ORD-35DAEB3B73,CUST004075,SES008868,PROD000015,2,7124,14248,UPI,paid,2026-07-08 04:37:55
ORD-55BEE71C9A,CUST001663,SES008877,PROD001760,1,21195,21195,Debit Card,paid,2026-07-01 00:06:18
ORD-E8788ACB4E,CUST002532,SES008879,PROD000046,3,35024,105072,Credit Card,paid,2026-07-24 23:58:54
ORD-AFE1136DF3,CUST002377,SES008881,PROD000431,2,58402,116804,Credit Card,paid,2026-07-02 00:59:52
ORD-A04AF486CC,CUST008612,SES008882,PROD000795,1,46177,46177,Debit Card,paid,2026-07-02 08:39:39
ORD-7FD7FE4349,CUST008672,SES008894,PROD001746,3,86503,259509,UPI,paid,2026-07-25 04:31:43
ORD-A2267AB94E,CUST009094,SES008895,PROD000564,1,56580,56580,Cash on Delivery,paid,2026-06-28 10:03:12
ORD-571F869C88,CUST000545,SES008897,PROD001119,3,85278,255834,Debit Card,paid,2026-07-23 16:29:15
ORD-E7F282208F,CUST000092,SES008900,PROD001861,2,1436,2872,UPI,paid,2026-07-06 05:19:07
ORD-16FC16A0DE,CUST002274,SES008901,PROD000654,2,49918,99836,Credit Card,paid,2026-07-08 16:25:44
ORD-2DF29F6102,CUST000773,SES008911,PROD000832,1,69390,69390,Cash on Delivery,paid,2026-07-09 22:13:16
ORD-D4D1E489F3,CUST001327,SES008913,PROD001800,1,74153,74153,UPI,paid,2026-07-04 02:22:26
ORD-715B9368B9,CUST007811,SES008930,PROD001883,3,96544,289632,UPI,paid,2026-07-22 22:41:32
ORD-3A8D7621A4,CUST006168,SES008938,PROD001318,2,34714,69428,Cash on Delivery,paid,2026-07-07 04:10:43
ORD-AB6666699F,CUST001648,SES008942,PROD001241,1,33908,33908,UPI,paid,2026-07-13 02:26:48
ORD-1C0685B19A,CUST002304,SES008948,PROD000213,1,35623,35623,UPI,paid,2026-07-11 05:37:31
ORD-DBFC058145,CUST004051,SES008952,PROD000169,2,60303,120606,UPI,paid,2026-06-27 04:30:09
ORD-6526414336,CUST006059,SES008960,PROD000823,3,27322,81966,UPI,paid,2026-07-24 11:01:44
ORD-6E2ED855CC,CUST005063,SES008962,PROD000909,2,70797,141594,Wallet,paid,2026-07-19 13:37:55
ORD-B62AE1D767,CUST001714,SES008977,PROD000294,3,22551,67653,UPI,paid,2026-07-04 20:39:01
ORD-97FE45A6DE,CUST007872,SES008986,PROD001843,1,26181,26181,Debit Card,paid,2026-07-14 05:54:22
ORD-D06A905C4D,CUST008068,SES008990,PROD001386,2,77475,154950,UPI,paid,2026-07-25 00:42:26
ORD-7373CD3AB8,CUST008793,SES008995,PROD001844,1,24645,24645,UPI,paid,2026-07-13 11:35:59
ORD-E7B1863E8B,CUST007211,SES009001,PROD001063,1,82807,82807,Cash on Delivery,paid,2026-06-29 04:44:18
ORD-2F743B7365,CUST006333,SES009010,PROD001881,1,96668,96668,Credit Card,refunded,2026-06-27 13:09:24
ORD-D8BA3B33ED,CUST007978,SES009011,PROD001213,2,20823,41646,Debit Card,refunded,2026-07-01 06:07:05
ORD-48C29183CB,CUST008110,SES009016,PROD001556,3,83104,249312,UPI,paid,2026-07-20 08:54:46
ORD-8E80728D9F,CUST009837,SES009021,PROD001137,2,55991,111982,Credit Card,paid,2026-07-10 03:00:16
ORD-EB0F190B8A,CUST007933,SES009024,PROD000923,3,88374,265122,Cash on Delivery,paid,2026-07-14 17:25:25
ORD-D3CC1622AE,CUST003740,SES009038,PROD000853,3,93765,281295,UPI,paid,2026-07-14 10:04:51
ORD-427283D72D,CUST004026,SES009041,PROD000744,3,13777,41331,Credit Card,paid,2026-07-05 16:22:42
ORD-FB2A003489,CUST005481,SES009045,PROD000079,1,46790,46790,UPI,paid,2026-07-06 07:00:44
ORD-E8E8DB3D1D,CUST008288,SES009047,PROD000792,2,54806,109612,UPI,paid,2026-07-02 23:57:21
ORD-BBA1EB51EF,CUST001083,SES009052,PROD000449,1,49957,49957,UPI,paid,2026-07-23 16:56:48
ORD-B87ECA4515,CUST002699,SES009055,PROD001975,2,66265,132530,Debit Card,paid,2026-07-01 10:17:50
ORD-9EC9DEDC1A,CUST006324,SES009061,PROD000640,3,69205,207615,Credit Card,paid,2026-07-17 11:22:30
ORD-94337100EC,CUST006597,SES009063,PROD001788,3,84610,253830,UPI,paid,2026-07-25 05:06:57
ORD-8759D3B893,CUST005338,SES009072,PROD001055,3,25123,75369,UPI,paid,2026-07-21 16:04:51
ORD-3E58A9CFDF,CUST007074,SES009088,PROD001012,2,45642,91284,Credit Card,cancelled,2026-07-05 17:28:12
ORD-7861A5DB65,CUST001747,SES009089,PROD000012,3,67517,202551,UPI,paid,2026-07-18 13:40:50
ORD-BCAECC9856,CUST005946,SES009091,PROD001834,1,45603,45603,Credit Card,paid,2026-07-24 13:55:05
ORD-5B14BAE7F5,CUST007669,SES009097,PROD000108,2,92982,185964,UPI,paid,2026-07-01 13:05:58
ORD-CC7A1DC55C,CUST001100,SES009102,PROD000660,2,99527,199054,UPI,paid,2026-07-07 13:09:08
ORD-B3AB66C098,CUST001908,SES009104,PROD001373,3,91836,275508,UPI,paid,2026-07-07 20:06:49
ORD-99BE98DF72,CUST006411,SES009114,PROD000306,1,60015,60015,Credit Card,paid,2026-07-07 17:37:40
ORD-04E528C74A,CUST002388,SES009116,PROD001895,2,47379,94758,UPI,paid,2026-07-03 04:59:49
ORD-F3BF0A0181,CUST003190,SES009136,PROD001539,1,81084,81084,UPI,paid,2026-07-19 03:14:48
ORD-5932FF8489,CUST006723,SES009149,PROD001816,1,56164,56164,UPI,paid,2026-07-16 10:30:47
ORD-05DF411960,CUST007130,SES009152,PROD000462,2,69455,138910,Wallet,paid,2026-07-14 11:00:44
ORD-2926BF42FA,CUST004635,SES009165,PROD001112,1,25693,25693,UPI,paid,2026-07-10 13:50:25
ORD-BB51EE65F2,CUST001634,SES009168,PROD000828,3,11672,35016,UPI,paid,2026-07-14 21:53:56
ORD-67429E3666,CUST002711,SES009171,PROD001516,2,28524,57048,Wallet,paid,2026-06-27 23:38:11
ORD-4160D3C8C3,CUST009179,SES009189,PROD000154,2,60309,120618,Cash on Delivery,paid,2026-07-05 15:29:20
ORD-905ED8D5C3,CUST006278,SES009193,PROD001785,1,69858,69858,UPI,paid,2026-07-15 14:10:37
ORD-0DF6BD194E,CUST006782,SES009202,PROD001746,1,86503,86503,Wallet,paid,2026-07-06 06:29:35
ORD-E67DC7D468,CUST008551,SES009208,PROD001149,2,41815,83630,Credit Card,paid,2026-07-20 21:20:25
ORD-18151FC716,CUST005091,SES009214,PROD001076,1,53859,53859,Debit Card,cancelled,2026-07-02 09:33:28
ORD-6ED254A808,CUST009570,SES009223,PROD000187,2,9357,18714,UPI,paid,2026-06-29 21:25:23
ORD-E83F1367F3,CUST004699,SES009229,PROD000237,1,67580,67580,Debit Card,paid,2026-07-22 04:47:40
ORD-7E61496CCD,CUST009063,SES009233,PROD000120,3,21748,65244,Debit Card,paid,2026-07-11 21:36:29
ORD-ECF3ECFC92,CUST002214,SES009248,PROD000205,3,19053,57159,Credit Card,paid,2026-07-01 00:59:21
ORD-3643525F73,CUST000693,SES009270,PROD000485,2,69846,139692,UPI,paid,2026-07-03 13:02:19
ORD-234CB2041F,CUST001085,SES009276,PROD001179,2,1646,3292,UPI,paid,2026-07-18 21:57:00
ORD-A53777219B,CUST009437,SES009279,PROD001022,3,41924,125772,UPI,paid,2026-07-14 07:56:19
ORD-4449758B83,CUST008983,SES009282,PROD001289,2,77925,155850,Credit Card,paid,2026-06-29 10:01:26
ORD-DC0B4899E5,CUST006367,SES009285,PROD000749,1,58826,58826,Credit Card,paid,2026-07-09 18:14:59
ORD-5C1D808C82,CUST005232,SES009294,PROD000848,3,95093,285279,Cash on Delivery,paid,2026-07-23 03:23:29
ORD-BAF963FDD8,CUST000003,SES009295,PROD000741,2,21879,43758,Credit Card,paid,2026-06-30 18:02:38
ORD-BE98F180DB,CUST004511,SES009301,PROD001775,1,42251,42251,UPI,paid,2026-07-09 02:01:13
ORD-8C7B83C434,CUST009049,SES009303,PROD001599,3,8783,26349,Credit Card,paid,2026-07-17 04:20:09
ORD-7AD2FAFD36,CUST001973,SES009308,PROD001803,3,19670,59010,UPI,paid,2026-07-16 16:32:06
ORD-0CDA17C652,CUST007083,SES009309,PROD000212,3,16369,49107,UPI,paid,2026-07-14 01:07:27
ORD-22C94633D5,CUST007667,SES009321,PROD001392,3,67945,203835,UPI,paid,2026-07-11 23:31:39
ORD-341812DA90,CUST006042,SES009325,PROD000555,3,38604,115812,UPI,refunded,2026-07-04 02:07:23
ORD-EA7E00E271,CUST000127,SES009330,PROD000117,1,43460,43460,UPI,paid,2026-07-12 05:42:36
ORD-15BA183612,CUST008883,SES009332,PROD001091,1,9458,9458,Cash on Delivery,paid,2026-07-24 11:06:23
ORD-645D3D9BCB,CUST007443,SES009333,PROD000620,3,77147,231441,Credit Card,paid,2026-07-24 10:27:21
ORD-42F7C5FBD2,CUST009828,SES009339,PROD000456,1,98223,98223,Debit Card,paid,2026-07-23 17:37:34
ORD-AA8E8312AA,CUST002599,SES009350,PROD000254,2,21719,43438,Credit Card,paid,2026-07-01 23:55:52
ORD-9234D234CF,CUST002109,SES009351,PROD000442,1,78710,78710,Credit Card,paid,2026-07-14 05:01:48
ORD-D0291ACF5B,CUST009476,SES009352,PROD001970,2,69249,138498,UPI,paid,2026-07-13 02:57:10
ORD-54D0778E96,CUST009861,SES009358,PROD000262,2,27474,54948,UPI,paid,2026-07-08 22:35:28
ORD-B52277B203,CUST004887,SES009362,PROD000384,3,98945,296835,Credit Card,paid,2026-07-21 11:44:59
ORD-584B00BCF8,CUST007612,SES009367,PROD000467,2,87919,175838,Wallet,paid,2026-07-22 09:16:22
ORD-BC63D23A1E,CUST005834,SES009377,PROD001259,1,63780,63780,Credit Card,paid,2026-07-15 03:37:30
ORD-F69DD2BECC,CUST000225,SES009387,PROD000676,2,11603,23206,Credit Card,paid,2026-06-29 14:37:58
ORD-5178146D25,CUST005333,SES009402,PROD000966,2,48883,97766,UPI,paid,2026-07-16 08:07:06
ORD-31FB244B61,CUST004113,SES009408,PROD001556,2,83104,166208,UPI,paid,2026-07-03 04:43:47
ORD-D3A10B2E5D,CUST002530,SES009410,PROD001075,1,87108,87108,UPI,paid,2026-06-29 09:25:31
ORD-7626EED210,CUST002431,SES009414,PROD001763,1,47449,47449,Credit Card,paid,2026-06-28 14:55:47
ORD-D2552BDB50,CUST000273,SES009420,PROD000167,2,67161,134322,UPI,paid,2026-06-29 11:56:34
ORD-AF3270C9B9,CUST001168,SES009429,PROD000734,2,51413,102826,Cash on Delivery,paid,2026-06-27 08:13:08
ORD-3CBA2DB53A,CUST004490,SES009433,PROD001147,3,97367,292101,Debit Card,paid,2026-06-26 14:11:22
ORD-76EB956BF7,CUST001176,SES009434,PROD001278,3,38298,114894,Cash on Delivery,paid,2026-07-09 17:24:04
ORD-1E65EFB4AC,CUST003731,SES009436,PROD001636,1,59321,59321,Credit Card,paid,2026-07-25 06:41:49
ORD-505D24038B,CUST009793,SES009437,PROD000852,1,93287,93287,Debit Card,paid,2026-07-11 09:57:00
ORD-2F9AEF2A67,CUST007521,SES009444,PROD001190,3,25218,75654,UPI,paid,2026-07-23 11:56:11
ORD-D44B4C313B,CUST002724,SES009453,PROD000141,2,76665,153330,Debit Card,paid,2026-06-26 01:24:16
ORD-1B5A08DBF5,CUST008107,SES009458,PROD000358,2,2734,5468,Cash on Delivery,paid,2026-07-25 13:27:58
ORD-39DE33030B,CUST003970,SES009470,PROD001908,3,40974,122922,UPI,paid,2026-07-24 00:22:27
ORD-738AC3EF88,CUST007330,SES009479,PROD000355,1,89883,89883,UPI,cancelled,2026-07-11 07:35:22
ORD-224A3885AF,CUST004850,SES009482,PROD001695,2,71383,142766,UPI,paid,2026-07-19 23:52:05
ORD-6C213CAFAC,CUST008792,SES009488,PROD001587,1,47538,47538,Wallet,paid,2026-07-12 03:57:43
ORD-EF0574E79D,CUST003548,SES009494,PROD001014,3,20264,60792,Credit Card,paid,2026-07-16 04:17:47
ORD-8A5F75ED4B,CUST001778,SES009496,PROD001575,2,79752,159504,UPI,paid,2026-07-08 05:31:05
ORD-C6A50783BD,CUST003329,SES009500,PROD001201,2,3716,7432,Credit Card,paid,2026-07-10 23:03:36
ORD-060A6DB394,CUST008145,SES009501,PROD000955,1,56690,56690,Wallet,paid,2026-07-15 03:52:42
ORD-CCC8CEE296,CUST002864,SES009503,PROD001861,2,1436,2872,UPI,paid,2026-07-03 04:01:02
ORD-9A708FF3ED,CUST008090,SES009510,PROD000988,3,48803,146409,Credit Card,cancelled,2026-07-16 12:14:58
ORD-03CE6760C5,CUST009668,SES009523,PROD000112,1,45523,45523,Wallet,paid,2026-06-30 02:29:01
ORD-78E9EDDF50,CUST001826,SES009526,PROD001302,3,8755,26265,UPI,paid,2026-07-05 03:25:20
ORD-2F6F64DFAD,CUST007789,SES009529,PROD001008,3,75544,226632,UPI,paid,2026-07-01 01:57:07
ORD-75F9AEB0BA,CUST001647,SES009538,PROD000222,2,21630,43260,UPI,paid,2026-07-04 18:50:11
ORD-9DC13C3BED,CUST002852,SES009541,PROD001055,2,25123,50246,UPI,paid,2026-07-25 16:55:11
ORD-749E86C954,CUST009817,SES009542,PROD001731,2,31399,62798,UPI,paid,2026-07-16 19:19:32
ORD-5D77CB836F,CUST009929,SES009545,PROD000181,1,58526,58526,Credit Card,paid,2026-06-28 13:40:24
ORD-7A624653B0,CUST001206,SES009553,PROD001943,2,22259,44518,UPI,paid,2026-07-23 03:57:50
ORD-16E1854E40,CUST007255,SES009557,PROD000052,2,18475,36950,Credit Card,paid,2026-07-24 04:16:23
ORD-823C0BF3C0,CUST006917,SES009558,PROD000360,1,77623,77623,UPI,paid,2026-07-08 18:33:43
ORD-4FDF3C0482,CUST008870,SES009561,PROD000204,2,12628,25256,UPI,refunded,2026-07-24 06:04:37
ORD-278A3EDC15,CUST005810,SES009570,PROD001824,3,20358,61074,UPI,paid,2026-07-23 17:08:21
ORD-A73657B327,CUST007311,SES009583,PROD000171,3,73153,219459,Credit Card,paid,2026-07-21 07:57:40
ORD-CFE65FEBE8,CUST003837,SES009584,PROD001646,2,13245,26490,UPI,paid,2026-07-04 22:14:27
ORD-F6F150F685,CUST007719,SES009585,PROD001876,2,36251,72502,Debit Card,paid,2026-07-21 17:37:21
ORD-7E451B69F2,CUST009165,SES009587,PROD000910,3,41671,125013,UPI,paid,2026-07-23 14:07:04
ORD-FCC9EE4587,CUST009425,SES009591,PROD001087,2,5987,11974,Debit Card,paid,2026-07-18 13:52:14
ORD-2F1CA20447,CUST006164,SES009598,PROD000810,2,7560,15120,UPI,paid,2026-07-19 23:48:53
ORD-BDA355C6F4,CUST006897,SES009624,PROD000007,3,93565,280695,Debit Card,paid,2026-07-09 07:18:32
ORD-9336B28F9A,CUST007562,SES009638,PROD000058,1,15023,15023,Credit Card,paid,2026-07-04 12:38:56
ORD-3E7B674F96,CUST006790,SES009639,PROD001754,1,50376,50376,UPI,paid,2026-07-24 12:01:24
ORD-254F6C8603,CUST009000,SES009643,PROD000318,1,9611,9611,Credit Card,paid,2026-07-04 07:00:29
ORD-EE4E75F557,CUST007289,SES009646,PROD001836,2,82817,165634,Credit Card,paid,2026-07-21 02:15:13
ORD-7579DFE6DB,CUST003906,SES009652,PROD000769,3,39705,119115,UPI,paid,2026-07-03 21:43:54
ORD-2B14F25362,CUST002114,SES009657,PROD000615,2,72739,145478,Credit Card,paid,2026-07-04 06:32:06
ORD-E5F6723D41,CUST008047,SES009659,PROD000244,1,77866,77866,Credit Card,paid,2026-07-12 17:03:25
ORD-91BB13C467,CUST006352,SES009664,PROD000109,1,52989,52989,Credit Card,cancelled,2026-06-26 08:41:39
ORD-E54E2C0338,CUST003419,SES009669,PROD001209,1,62756,62756,UPI,paid,2026-07-06 07:07:21
ORD-8DA46615C9,CUST000599,SES009670,PROD000854,3,87639,262917,UPI,refunded,2026-07-21 21:08:15
ORD-3AD3FE8315,CUST002554,SES009678,PROD001049,2,50619,101238,Debit Card,paid,2026-07-08 00:20:20
ORD-9A5133D235,CUST000500,SES009686,PROD000337,1,54737,54737,Credit Card,paid,2026-07-16 21:31:36
ORD-895A777784,CUST006975,SES009691,PROD001971,2,69347,138694,Credit Card,paid,2026-07-04 12:21:20
ORD-B5B2A6B97D,CUST005932,SES009714,PROD000896,3,54594,163782,Cash on Delivery,cancelled,2026-06-26 21:10:47
ORD-221F54A14B,CUST002297,SES009720,PROD001854,1,84273,84273,Credit Card,paid,2026-07-14 00:27:01
ORD-A3AF3C99EF,CUST006134,SES009721,PROD000327,2,24404,48808,UPI,paid,2026-07-03 05:06:47
ORD-7EC763DAD1,CUST008873,SES009726,PROD001803,2,19670,39340,Credit Card,paid,2026-07-05 09:31:41
ORD-A0BD875933,CUST006061,SES009730,PROD001529,2,76915,153830,Debit Card,paid,2026-06-26 22:53:57
ORD-A00D549447,CUST002911,SES009738,PROD000277,2,17637,35274,Debit Card,refunded,2026-07-18 07:52:23
ORD-1EA09C5AF7,CUST004252,SES009750,PROD001848,1,39551,39551,Credit Card,cancelled,2026-07-23 10:39:34
ORD-6904150781,CUST006498,SES009765,PROD000567,1,54699,54699,Credit Card,paid,2026-07-09 09:54:20
ORD-FF3347F56A,CUST002240,SES009768,PROD000957,2,25712,51424,Debit Card,paid,2026-07-15 11:41:48
ORD-75F49D77DB,CUST008646,SES009773,PROD000661,1,55394,55394,Debit Card,paid,2026-07-17 03:48:26
ORD-CAE5C4ABE2,CUST001603,SES009776,PROD001609,1,54045,54045,Debit Card,paid,2026-07-05 10:35:27
ORD-C660C003A6,CUST005535,SES009777,PROD001151,1,40939,40939,Debit Card,refunded,2026-07-02 08:53:46
ORD-BA87180257,CUST003799,SES009778,PROD001007,2,26885,53770,Credit Card,paid,2026-07-13 14:11:06
ORD-50D59A7F57,CUST005762,SES009780,PROD001027,1,7548,7548,Cash on Delivery,paid,2026-07-07 02:34:50
ORD-F48847BCBB,CUST008765,SES009796,PROD000613,3,94147,282441,UPI,paid,2026-06-28 19:02:45
ORD-E3578DA88B,CUST002766,SES009805,PROD001288,1,51070,51070,Debit Card,paid,2026-07-22 00:19:39
ORD-26FDA9A9AB,CUST008696,SES009809,PROD000183,2,79861,159722,Cash on Delivery,paid,2026-07-20 06:52:35
ORD-D2E504C35B,CUST001310,SES009812,PROD001700,2,77309,154618,Debit Card,paid,2026-07-20 23:07:49
ORD-401D99AE19,CUST004381,SES009838,PROD000252,1,3331,3331,UPI,paid,2026-07-16 04:17:34
ORD-1D6D35A3D3,CUST004209,SES009842,PROD000433,2,15634,31268,Credit Card,paid,2026-06-28 10:31:23
ORD-DEAB9D835A,CUST008926,SES009844,PROD001818,1,9187,9187,Credit Card,paid,2026-07-10 05:26:37
ORD-FC1A3FE789,CUST005460,SES009850,PROD001994,3,16433,49299,UPI,paid,2026-07-22 06:46:28
ORD-26675AFA87,CUST003869,SES009862,PROD001638,3,59167,177501,Credit Card,paid,2026-07-06 04:58:41
ORD-0EE86C3074,CUST001867,SES009865,PROD001801,3,79951,239853,UPI,paid,2026-07-03 18:13:37
ORD-88435506CE,CUST003514,SES009869,PROD001515,1,45939,45939,UPI,paid,2026-06-27 03:36:35
ORD-4A30B5944F,CUST001414,SES009875,PROD000399,1,34679,34679,UPI,paid,2026-07-04 11:27:45
ORD-CF22287CFA,CUST005975,SES009877,PROD000716,1,42658,42658,Credit Card,paid,2026-06-29 20:35:57
ORD-48D0648EA7,CUST007102,SES009878,PROD001106,3,49590,148770,Wallet,paid,2026-07-20 03:24:04
ORD-B4A7F034DA,CUST000821,SES009894,PROD000741,3,21879,65637,Credit Card,paid,2026-06-29 02:00:09
ORD-18775C01C8,CUST003235,SES009896,PROD001182,1,8986,8986,Credit Card,paid,2026-07-23 18:35:30
ORD-997859AFEE,CUST003401,SES009899,PROD001584,3,5551,16653,UPI,paid,2026-07-13 23:17:36
ORD-6A89D0D495,CUST007875,SES009909,PROD001661,3,11211,33633,Credit Card,paid,2026-07-05 06:57:20
ORD-AEBA3228C5,CUST006766,SES009912,PROD000268,1,22778,22778,UPI,cancelled,2026-06-27 18:02:12
ORD-E1E158AB21,CUST006273,SES009913,PROD000998,1,78599,78599,UPI,paid,2026-07-04 09:56:33
ORD-245A983CE7,CUST004774,SES009915,PROD001967,2,21299,42598,UPI,paid,2026-07-05 20:33:50
ORD-E29DE60174,CUST008257,SES009932,PROD001063,3,82807,248421,Debit Card,paid,2026-07-05 20:14:41
ORD-B6B020BC16,CUST004214,SES009951,PROD001559,3,94445,283335,Debit Card,paid,2026-06-26 19:50:48
ORD-213EE59313,CUST000428,SES009957,PROD000173,3,52373,157119,Credit Card,paid,2026-07-16 02:42:00
ORD-8C4BB9C36A,CUST003854,SES009958,PROD000931,2,92376,184752,Debit Card,paid,2026-07-12 19:40:25
ORD-F360CF8473,CUST002916,SES009967,PROD001928,1,73665,73665,Wallet,paid,2026-07-22 20:30:29
ORD-703D71B7B5,CUST002500,SES009974,PROD001440,2,41094,82188,Debit Card,paid,2026-06-26 22:21:59
ORD-9CBFCADD96,CUST006346,SES009978,PROD001145,1,12278,12278,Debit Card,paid,2026-07-19 10:56:59
ORD-DCB7A70C44,CUST000881,SES009979,PROD000470,1,30835,30835,Wallet,paid,2026-07-08 00:30:40
ORD-9BE200E354,CUST003742,SES009981,PROD001791,2,37171,74342,UPI,paid,2026-07-16 01:47:07
ORD-8A7DC19A0E,CUST007797,SES009992,PROD001502,1,54526,54526,UPI,paid,2026-07-06 17:16:09
ORD-AC8E57A255,CUST000091,SES009998,PROD001900,1,48207,48207,Cash on Delivery,paid,2026-07-10 15:48:37
ORD-591774C7C6,CUST001700,SES010003,PROD001752,1,20337,20337,Cash on Delivery,paid,2026-07-07 06:26:42
ORD-433F613B1E,CUST006690,SES010008,PROD000236,3,98031,294093,Debit Card,cancelled,2026-07-05 07:03:45
ORD-1340468AB4,CUST003001,SES010016,PROD000074,1,51456,51456,Cash on Delivery,paid,2026-07-11 07:00:09
ORD-09EADBE692,CUST002415,SES010020,PROD000286,2,79250,158500,UPI,refunded,2026-07-13 22:47:10
ORD-22436382E6,CUST006468,SES010021,PROD000161,3,721,2163,Debit Card,paid,2026-07-08 07:25:37
ORD-2DFEBA8D91,CUST003786,SES010029,PROD001099,1,38919,38919,Debit Card,paid,2026-06-26 06:23:58
ORD-A4845B5360,CUST002481,SES010045,PROD001777,2,82505,165010,Credit Card,refunded,2026-07-01 23:24:05
ORD-04E99837E8,CUST005522,SES010046,PROD000631,3,90199,270597,Credit Card,paid,2026-07-01 00:49:59
ORD-9DA037183C,CUST003593,SES010068,PROD001282,3,48652,145956,Credit Card,paid,2026-07-14 01:27:21
ORD-2F956D8131,CUST003025,SES010087,PROD000628,2,5464,10928,UPI,paid,2026-07-02 17:13:52
ORD-5CED8152EE,CUST004859,SES010089,PROD001866,1,55062,55062,UPI,paid,2026-07-08 07:36:56
ORD-9995B44501,CUST008692,SES010092,PROD000507,1,5869,5869,Cash on Delivery,paid,2026-07-05 08:41:50
ORD-0BC90DFBD9,CUST001348,SES010096,PROD001139,1,79279,79279,Credit Card,paid,2026-06-28 19:41:26
ORD-8CD1637B4F,CUST008827,SES010100,PROD001304,3,54538,163614,UPI,paid,2026-06-25 21:08:12
ORD-7091993502,CUST005446,SES010114,PROD001087,1,5987,5987,Cash on Delivery,refunded,2026-07-09 09:18:53
ORD-46D337D40A,CUST001666,SES010122,PROD000258,2,73203,146406,Cash on Delivery,paid,2026-07-08 00:52:49
ORD-79C1816EB0,CUST007328,SES010124,PROD000115,1,45831,45831,Cash on Delivery,paid,2026-07-08 02:39:53
ORD-A0EE8EE2F1,CUST004787,SES010132,PROD000968,3,31016,93048,Credit Card,paid,2026-07-23 17:07:10
ORD-18589357DC,CUST001696,SES010134,PROD000528,1,60515,60515,Credit Card,paid,2026-07-13 13:15:40
ORD-5506C11CBE,CUST007028,SES010139,PROD001255,1,49084,49084,Cash on Delivery,paid,2026-07-05 23:49:45
ORD-72EFE0FBA5,CUST003927,SES010143,PROD001364,2,54232,108464,Cash on Delivery,refunded,2026-07-16 00:50:36
ORD-5EF1B60E91,CUST002877,SES010148,PROD000563,2,34591,69182,Credit Card,paid,2026-07-12 14:07:47
ORD-262538D76A,CUST007965,SES010161,PROD000483,2,53567,107134,UPI,paid,2026-07-04 12:26:46
ORD-FD5851C8DB,CUST005817,SES010163,PROD000384,3,98945,296835,UPI,paid,2026-07-20 02:00:15
ORD-D21B9679E3,CUST002511,SES010167,PROD000685,1,45389,45389,UPI,paid,2026-07-15 09:12:31
ORD-B971EC685B,CUST002956,SES010183,PROD000070,2,77745,155490,UPI,paid,2026-07-10 21:32:23
ORD-22A5584D9B,CUST005047,SES010186,PROD000397,2,44706,89412,Debit Card,paid,2026-06-26 01:10:57
ORD-492E87C84E,CUST003381,SES010187,PROD001724,1,94535,94535,Credit Card,paid,2026-06-29 22:09:48
ORD-8E67EBE07A,CUST006565,SES010188,PROD001518,3,6881,20643,Debit Card,paid,2026-07-15 04:46:42
ORD-D9C82CB2E8,CUST005947,SES010191,PROD001150,1,81079,81079,Credit Card,paid,2026-07-14 02:22:38
ORD-A182CBD006,CUST006639,SES010196,PROD000314,1,4324,4324,Credit Card,paid,2026-07-19 09:33:04
ORD-52113227EE,CUST008665,SES010201,PROD001695,2,71383,142766,Wallet,paid,2026-07-19 16:19:10
ORD-2C3497C95C,CUST001673,SES010206,PROD000696,1,952,952,Wallet,paid,2026-07-16 06:17:46
ORD-A59DFB0545,CUST004418,SES010207,PROD000576,2,21353,42706,Debit Card,paid,2026-07-12 01:52:36
ORD-4BCF53A517,CUST004732,SES010215,PROD000421,1,84395,84395,Debit Card,paid,2026-06-27 07:00:49
ORD-3B5C339BC4,CUST007989,SES010233,PROD001382,3,47435,142305,UPI,refunded,2026-07-22 07:18:29
ORD-4000BD2996,CUST001063,SES010246,PROD001621,3,56556,169668,UPI,paid,2026-07-06 17:28:49
ORD-75B039BB55,CUST008403,SES010253,PROD000798,1,85545,85545,Wallet,paid,2026-07-08 06:10:07
ORD-0B37A67243,CUST004318,SES010266,PROD001084,1,4758,4758,UPI,paid,2026-07-21 07:44:08
ORD-2D3386E31E,CUST005967,SES010268,PROD001225,1,16511,16511,Debit Card,paid,2026-07-17 07:37:57
ORD-8458B76362,CUST007969,SES010285,PROD001999,1,5832,5832,Cash on Delivery,paid,2026-06-28 07:51:30
ORD-CECF488B79,CUST004746,SES010289,PROD001547,2,79589,159178,Credit Card,paid,2026-07-21 02:15:53
ORD-BB58E2D3C5,CUST008386,SES010291,PROD001002,1,82268,82268,UPI,paid,2026-07-12 19:56:20
ORD-C176570AFE,CUST006082,SES010297,PROD001536,1,69584,69584,UPI,paid,2026-06-29 05:14:33
ORD-75C03D1BBA,CUST005350,SES010299,PROD001188,1,48438,48438,Credit Card,refunded,2026-06-26 07:15:00
ORD-3903650322,CUST002003,SES010305,PROD000879,2,3827,7654,UPI,refunded,2026-07-24 08:31:28
ORD-FE8159EE3B,CUST008754,SES010313,PROD000344,1,16335,16335,Debit Card,paid,2026-07-11 01:08:25
ORD-58EDE10855,CUST006006,SES010317,PROD000752,2,12968,25936,Debit Card,paid,2026-06-30 18:40:02
ORD-547ADDC870,CUST009189,SES010318,PROD000209,1,81226,81226,UPI,paid,2026-07-01 14:21:31
ORD-1D4A6C44B2,CUST003749,SES010319,PROD000471,1,95040,95040,Credit Card,paid,2026-07-07 03:42:37
ORD-126F87F3F4,CUST008124,SES010324,PROD001525,2,83851,167702,UPI,paid,2026-07-09 15:38:59
ORD-B7A5DC5475,CUST009124,SES010329,PROD000511,2,12976,25952,UPI,paid,2026-07-25 19:55:34
ORD-90F55B4973,CUST006011,SES010352,PROD000151,3,19908,59724,Credit Card,paid,2026-07-19 20:18:01
ORD-66191267FA,CUST004941,SES010370,PROD000427,1,95402,95402,Wallet,paid,2026-06-30 18:10:51
ORD-25CF6DBDF1,CUST005548,SES010373,PROD000835,2,25375,50750,Debit Card,paid,2026-07-22 09:04:42
ORD-2BCD9BD8D3,CUST000044,SES010376,PROD001363,3,95982,287946,Credit Card,paid,2026-07-07 23:47:05
ORD-8538B929A6,CUST008328,SES010392,PROD000888,1,73881,73881,UPI,paid,2026-07-22 01:48:39
ORD-3551906F66,CUST007969,SES010398,PROD001546,3,58336,175008,Credit Card,paid,2026-07-18 03:54:55
ORD-EDA5794F50,CUST005561,SES010401,PROD001062,1,66447,66447,Debit Card,paid,2026-07-14 18:52:35
ORD-79DB32A7BE,CUST008625,SES010407,PROD001930,2,79660,159320,Credit Card,paid,2026-07-13 20:00:13
ORD-00E44BFD64,CUST000407,SES010413,PROD001680,1,64003,64003,Credit Card,paid,2026-07-01 11:42:42
ORD-A65A7D4142,CUST009233,SES010423,PROD001832,2,32923,65846,UPI,paid,2026-07-18 16:14:21
ORD-91A539B8BC,CUST003194,SES010428,PROD001227,2,84363,168726,Credit Card,paid,2026-07-05 18:13:35
ORD-69A19DD312,CUST007662,SES010435,PROD001258,3,14576,43728,Wallet,paid,2026-07-07 09:27:06
ORD-BE7F8C0CC8,CUST004173,SES010438,PROD001143,3,81164,243492,UPI,paid,2026-07-17 09:46:31
ORD-300C267675,CUST006016,SES010446,PROD000365,2,3843,7686,Debit Card,refunded,2026-07-06 08:19:04
ORD-9A68BAD630,CUST003621,SES010450,PROD001523,3,76454,229362,Credit Card,paid,2026-06-26 18:07:31
ORD-C0E4AF4FAC,CUST002719,SES010454,PROD000665,2,89874,179748,Wallet,paid,2026-06-26 15:36:03
ORD-F457EF97ED,CUST000338,SES010455,PROD000382,1,68070,68070,Wallet,paid,2026-06-30 19:26:25
ORD-772D3F1712,CUST005743,SES010463,PROD000477,3,49469,148407,Credit Card,paid,2026-07-22 18:43:30
ORD-5DFC35D75D,CUST003953,SES010490,PROD001348,1,56152,56152,UPI,paid,2026-06-30 21:41:49
ORD-1BAA8FF72B,CUST000571,SES010493,PROD001461,1,17018,17018,Cash on Delivery,cancelled,2026-07-03 19:53:49
ORD-BE6EF4504D,CUST008631,SES010494,PROD000951,1,23693,23693,UPI,paid,2026-07-17 04:18:11
ORD-4BE6B9F913,CUST008224,SES010498,PROD001083,3,64320,192960,Credit Card,paid,2026-07-05 02:42:18
ORD-64C060E632,CUST009710,SES010499,PROD001199,3,97680,293040,Debit Card,paid,2026-07-20 09:29:16
ORD-AC64900363,CUST001433,SES010506,PROD001879,3,41241,123723,UPI,paid,2026-06-29 08:18:05
ORD-BE9353AEA1,CUST006297,SES010524,PROD001039,2,54016,108032,Debit Card,paid,2026-07-25 04:49:08
ORD-35EDE9E1B7,CUST004022,SES010532,PROD000615,2,72739,145478,Cash on Delivery,paid,2026-07-13 10:38:58
ORD-1345A2F309,CUST009693,SES010537,PROD001372,3,58274,174822,UPI,paid,2026-07-17 14:24:20
ORD-2BDFB051FD,CUST007081,SES010540,PROD001303,3,3361,10083,Credit Card,paid,2026-07-24 07:02:48
ORD-B95D1EB644,CUST003346,SES010543,PROD001566,3,20411,61233,UPI,paid,2026-07-22 19:24:32
ORD-4903ED5706,CUST002440,SES010550,PROD001052,3,19792,59376,Credit Card,paid,2026-07-06 05:42:11
ORD-098FAAB6CC,CUST004847,SES010552,PROD000245,2,2264,4528,Debit Card,paid,2026-07-18 03:14:52
ORD-A5F23B48B5,CUST006347,SES010554,PROD000659,1,85888,85888,UPI,paid,2026-07-09 23:56:46
ORD-B9BE662640,CUST002535,SES010564,PROD001417,1,4001,4001,Credit Card,paid,2026-07-23 02:16:35
ORD-F0A5D28C47,CUST001909,SES010565,PROD000234,3,78087,234261,UPI,paid,2026-07-10 00:12:44
ORD-CF5AE9967D,CUST004054,SES010581,PROD001544,3,12948,38844,UPI,paid,2026-07-22 06:31:45
ORD-2CCDDBD26F,CUST007884,SES010583,PROD000772,3,57305,171915,Wallet,paid,2026-07-01 09:17:17
ORD-CC8B3442B5,CUST000816,SES010585,PROD001629,3,26789,80367,Credit Card,paid,2026-07-09 02:14:17
ORD-BB3037D8D0,CUST004460,SES010587,PROD001590,2,51358,102716,UPI,paid,2026-07-19 09:00:27
ORD-0A048D204A,CUST008678,SES010590,PROD000404,1,1330,1330,Cash on Delivery,paid,2026-07-11 17:28:45
ORD-02D5AD7BDA,CUST003208,SES010591,PROD001517,2,32805,65610,Debit Card,paid,2026-06-29 02:01:04
ORD-F9C686CF6B,CUST000638,SES010593,PROD001712,1,99469,99469,UPI,paid,2026-07-13 01:56:29
ORD-C89791930D,CUST007953,SES010603,PROD001011,2,62835,125670,Wallet,paid,2026-07-18 03:14:35
ORD-F8398EE54A,CUST001431,SES010606,PROD000725,2,48089,96178,Credit Card,cancelled,2026-07-03 03:50:48
ORD-F2D07D3075,CUST002679,SES010609,PROD001684,1,89117,89117,UPI,paid,2026-07-02 07:25:41
ORD-5DADA82891,CUST005599,SES010611,PROD001240,1,83929,83929,UPI,paid,2026-07-22 07:44:52
ORD-575A13888C,CUST000710,SES010614,PROD000205,2,19053,38106,Credit Card,paid,2026-06-30 15:46:00
ORD-71F90EE559,CUST006607,SES010619,PROD001444,1,66128,66128,Credit Card,paid,2026-07-23 22:24:22
ORD-A5AD4570F6,CUST008281,SES010620,PROD000267,1,83589,83589,Debit Card,paid,2026-07-21 01:48:30
ORD-64B54FD20D,CUST001989,SES010622,PROD000179,1,30867,30867,Wallet,refunded,2026-07-03 22:55:55
ORD-7B59EA19D9,CUST001829,SES010623,PROD001431,2,30510,61020,UPI,paid,2026-06-29 04:15:35
ORD-5CC008CB65,CUST006329,SES010639,PROD001635,3,11600,34800,UPI,paid,2026-06-30 19:42:22
ORD-AC938B3981,CUST003612,SES010641,PROD001973,1,96984,96984,UPI,paid,2026-07-24 16:54:54
ORD-CDEE117CDA,CUST002031,SES010653,PROD001009,3,30188,90564,Debit Card,paid,2026-07-13 03:23:28
ORD-B6CF2C9F07,CUST003436,SES010668,PROD000798,1,85545,85545,UPI,paid,2026-07-09 22:43:21
ORD-8D5BFA9E5C,CUST001361,SES010680,PROD001151,2,40939,81878,Credit Card,paid,2026-07-02 06:46:07
ORD-7856FD30AC,CUST003149,SES010681,PROD001745,2,20213,40426,UPI,paid,2026-07-25 14:48:54
ORD-37E52C08E4,CUST007548,SES010689,PROD001479,3,61774,185322,UPI,paid,2026-07-09 05:13:43
ORD-0531F1B6F1,CUST004711,SES010692,PROD001045,2,71029,142058,Debit Card,paid,2026-07-04 21:29:35
ORD-148720ABCD,CUST007054,SES010695,PROD000319,3,45789,137367,UPI,paid,2026-07-01 13:43:04
ORD-55CDE36BCB,CUST007559,SES010702,PROD000378,1,96300,96300,UPI,paid,2026-07-10 18:36:57
ORD-5BA56DCF09,CUST002957,SES010719,PROD001552,2,44124,88248,Cash on Delivery,paid,2026-07-25 00:23:11
ORD-8DE7194828,CUST007120,SES010721,PROD000214,2,47041,94082,Wallet,paid,2026-07-09 08:32:59
ORD-E7BD9801DE,CUST002225,SES010727,PROD001508,3,46910,140730,Wallet,paid,2026-07-08 06:41:50
ORD-2603C7BE0D,CUST005981,SES010741,PROD000403,3,511,1533,UPI,paid,2026-07-23 13:45:41
ORD-6DEFF6D353,CUST005305,SES010758,PROD001315,2,71294,142588,UPI,refunded,2026-07-23 08:10:19
ORD-7625F9D911,CUST003550,SES010768,PROD000553,3,69457,208371,UPI,paid,2026-07-14 06:01:55
ORD-A80A9C2F1D,CUST005466,SES010772,PROD000324,1,18589,18589,Credit Card,paid,2026-07-24 07:08:36
ORD-6FE23DF12E,CUST001611,SES010773,PROD000944,3,58842,176526,UPI,paid,2026-07-08 18:13:21
ORD-65B9B864B3,CUST006317,SES010778,PROD000649,1,99649,99649,UPI,paid,2026-07-24 10:48:57
ORD-C311E6D5B7,CUST005814,SES010788,PROD001291,1,19662,19662,UPI,paid,2026-07-22 23:15:44
ORD-0A10FBF988,CUST003892,SES010803,PROD000856,2,54666,109332,UPI,paid,2026-06-26 05:53:48
ORD-BCADECF2A4,CUST008959,SES010816,PROD001666,3,93682,281046,Cash on Delivery,paid,2026-06-28 08:41:22
ORD-059EAF4594,CUST009101,SES010817,PROD000734,1,51413,51413,Wallet,paid,2026-07-09 01:26:56
ORD-DD8265045B,CUST004419,SES010820,PROD000787,3,59530,178590,Credit Card,paid,2026-07-07 07:06:56
ORD-1A47410511,CUST002430,SES010824,PROD001374,2,71733,143466,Wallet,paid,2026-07-01 14:57:58
ORD-45A3E6E19B,CUST006861,SES010826,PROD001742,1,14978,14978,Debit Card,refunded,2026-06-27 15:48:22
ORD-9E0FADEA1F,CUST004493,SES010828,PROD001294,3,5072,15216,UPI,paid,2026-07-06 17:17:56
ORD-339399CA77,CUST002972,SES010839,PROD001105,2,61983,123966,Debit Card,refunded,2026-07-24 03:51:17
ORD-F1A699EF3E,CUST003016,SES010847,PROD000222,2,21630,43260,Credit Card,paid,2026-07-03 15:11:36
ORD-D658B4D834,CUST005277,SES010861,PROD000113,1,49173,49173,UPI,paid,2026-07-08 08:54:26
ORD-F72312C509,CUST007552,SES010866,PROD000011,1,79430,79430,UPI,paid,2026-07-03 22:01:03
ORD-1796654593,CUST006485,SES010869,PROD001669,3,30439,91317,Cash on Delivery,paid,2026-07-22 21:14:49
ORD-84DEC55888,CUST009014,SES010870,PROD000588,1,75667,75667,Credit Card,refunded,2026-06-29 05:43:59
ORD-F4FDEEB61D,CUST001533,SES010873,PROD001183,2,92814,185628,UPI,paid,2026-07-23 18:31:39
ORD-46463304C8,CUST002193,SES010877,PROD001299,1,75639,75639,Credit Card,cancelled,2026-07-24 04:24:58
ORD-7B3DF1368E,CUST004795,SES010879,PROD001543,3,61159,183477,Debit Card,paid,2026-07-17 14:49:51
ORD-3A98E10F9C,CUST007008,SES010887,PROD001089,1,19487,19487,Credit Card,paid,2026-07-08 04:57:59
ORD-CC4DDAE32D,CUST004609,SES010890,PROD001781,3,65781,197343,UPI,paid,2026-06-26 17:48:58
ORD-29814AAF0C,CUST000693,SES010895,PROD001333,1,66782,66782,Debit Card,paid,2026-07-17 13:38:05
ORD-5485F1F642,CUST004151,SES010902,PROD000815,1,44987,44987,Debit Card,paid,2026-06-28 23:02:56
ORD-ED564110C2,CUST005673,SES010916,PROD000615,2,72739,145478,Cash on Delivery,paid,2026-07-20 14:40:18
ORD-74C3E20E32,CUST001753,SES010924,PROD000343,3,25634,76902,UPI,paid,2026-07-08 04:42:09
ORD-4635BF7547,CUST006904,SES010925,PROD001210,3,91129,273387,Cash on Delivery,paid,2026-07-08 07:17:00
ORD-63D441E349,CUST001222,SES010929,PROD000489,1,64070,64070,UPI,paid,2026-07-06 03:30:31
ORD-82E80A6F28,CUST007584,SES010935,PROD001913,2,15068,30136,Credit Card,paid,2026-07-05 05:51:14
ORD-48437BC1E6,CUST009287,SES010937,PROD000448,1,23986,23986,Cash on Delivery,paid,2026-07-13 04:29:58
ORD-6DA82FCCB8,CUST006025,SES010945,PROD001316,2,79905,159810,Credit Card,paid,2026-07-10 19:35:22
ORD-4F368B5240,CUST004542,SES010948,PROD001192,1,18725,18725,UPI,paid,2026-07-10 14:08:33
ORD-89C29DDE9D,CUST002835,SES010952,PROD001653,1,93568,93568,Wallet,paid,2026-07-10 06:40:02
ORD-B21AC923D6,CUST003544,SES010955,PROD000163,3,81195,243585,Cash on Delivery,paid,2026-07-14 20:10:54
ORD-E1F58E2E4F,CUST001512,SES010964,PROD001806,1,18978,18978,UPI,paid,2026-07-22 08:58:43
ORD-7AB48D56C8,CUST000985,SES010966,PROD001985,1,85406,85406,Cash on Delivery,paid,2026-07-06 09:03:34
ORD-A0B1A1E27F,CUST003499,SES010969,PROD001513,1,30783,30783,UPI,paid,2026-07-22 08:48:38
ORD-EC5EB091BF,CUST008699,SES010975,PROD001163,2,68579,137158,Debit Card,refunded,2026-07-24 13:32:34
ORD-17DBF189C4,CUST006256,SES010989,PROD000651,3,68016,204048,Credit Card,paid,2026-07-13 16:57:48
ORD-C16D5A7FC3,CUST004962,SES010990,PROD000852,1,93287,93287,UPI,paid,2026-07-20 22:31:44
ORD-71E0C1AA86,CUST002672,SES010993,PROD000610,3,93134,279402,Debit Card,paid,2026-06-26 12:08:35
ORD-F9E318EFC4,CUST002490,SES011000,PROD000554,3,11759,35277,UPI,paid,2026-07-02 10:33:56
ORD-CB4A41294D,CUST006495,SES011002,PROD001988,1,90325,90325,Debit Card,paid,2026-07-07 04:18:48
ORD-9E0ECA7D90,CUST002844,SES011005,PROD001161,1,20429,20429,Credit Card,paid,2026-06-26 14:09:04
ORD-1FC6AA8A55,CUST004366,SES011006,PROD001218,1,34546,34546,UPI,paid,2026-06-29 04:07:18
ORD-B79EB976C3,CUST003323,SES011013,PROD001268,2,45907,91814,Wallet,paid,2026-07-19 07:55:00
ORD-AE6534E530,CUST000784,SES011014,PROD001520,1,83136,83136,UPI,paid,2026-07-06 13:56:06
ORD-7FC139DA34,CUST003182,SES011023,PROD000966,2,48883,97766,UPI,paid,2026-07-22 20:12:36
ORD-679471362E,CUST002591,SES011024,PROD000365,1,3843,3843,Credit Card,paid,2026-07-17 18:09:48
ORD-0F8E444B82,CUST006601,SES011033,PROD001975,1,66265,66265,UPI,paid,2026-07-07 05:06:36
ORD-751193088F,CUST009852,SES011034,PROD000990,3,68833,206499,UPI,paid,2026-07-13 11:24:07
ORD-353D32D9DD,CUST007260,SES011036,PROD001089,3,19487,58461,UPI,paid,2026-07-04 12:17:05
ORD-0AE36B667D,CUST000707,SES011045,PROD001571,1,82639,82639,UPI,refunded,2026-07-25 17:05:50
ORD-ABF606D304,CUST001783,SES011047,PROD000282,1,13236,13236,UPI,paid,2026-07-12 08:25:03
ORD-FC140E8E34,CUST008939,SES011052,PROD001587,2,47538,95076,Credit Card,paid,2026-07-03 21:05:48
ORD-2A18E89013,CUST004669,SES011053,PROD001667,2,96181,192362,UPI,paid,2026-07-05 19:46:27
ORD-D3DB20A214,CUST001198,SES011065,PROD001394,3,61990,185970,Debit Card,paid,2026-07-21 07:55:09
ORD-FE021D624A,CUST005574,SES011070,PROD000807,3,33286,99858,UPI,paid,2026-07-23 17:51:18
ORD-7987189DC1,CUST000706,SES011078,PROD001484,1,16303,16303,UPI,paid,2026-07-20 10:55:05
ORD-E9130E6B6F,CUST001920,SES011093,PROD000480,3,62291,186873,UPI,paid,2026-07-20 08:58:45
ORD-8DA1954338,CUST001495,SES011094,PROD001240,3,83929,251787,UPI,refunded,2026-07-18 13:58:52
ORD-2CB0FC9136,CUST003316,SES011104,PROD001383,2,72881,145762,UPI,paid,2026-07-21 02:11:30
ORD-5CF67D826C,CUST001921,SES011107,PROD000988,2,48803,97606,Debit Card,paid,2026-07-21 19:05:35
ORD-4E5B528BC8,CUST008949,SES011108,PROD001913,2,15068,30136,UPI,paid,2026-07-05 15:50:33
ORD-C6D74D8058,CUST006379,SES011117,PROD001341,1,55550,55550,UPI,paid,2026-07-02 05:31:20
ORD-1A41242B63,CUST009267,SES011119,PROD000402,3,34517,103551,Cash on Delivery,paid,2026-06-29 17:51:56
ORD-55229A7E91,CUST007247,SES011124,PROD000704,3,61762,185286,Debit Card,paid,2026-07-11 07:45:41
ORD-696E0CD756,CUST000919,SES011131,PROD001907,1,97832,97832,Credit Card,paid,2026-07-15 16:21:58
ORD-BD4D0D5731,CUST000677,SES011147,PROD000669,3,89211,267633,Debit Card,paid,2026-06-26 08:42:42
ORD-C576445D82,CUST008293,SES011153,PROD001746,2,86503,173006,Debit Card,refunded,2026-07-01 14:06:18
ORD-7A516C304F,CUST007930,SES011154,PROD001803,1,19670,19670,UPI,paid,2026-07-24 05:47:37
ORD-951A74E9CE,CUST003104,SES011160,PROD000700,3,96165,288495,Credit Card,paid,2026-07-08 00:54:37
ORD-E96BB041CF,CUST009157,SES011168,PROD000662,1,71513,71513,Credit Card,paid,2026-06-27 19:48:22
ORD-FBDE6E9893,CUST004942,SES011173,PROD000978,2,76981,153962,Wallet,paid,2026-07-08 09:26:59
ORD-1BA7436007,CUST002198,SES011178,PROD001323,2,19659,39318,UPI,paid,2026-07-18 22:13:58
ORD-98744818EC,CUST000650,SES011218,PROD000494,3,88929,266787,Cash on Delivery,paid,2026-07-24 03:53:20
ORD-F0CF2DB0A9,CUST006912,SES011224,PROD000085,2,51475,102950,Wallet,paid,2026-07-07 13:29:53
ORD-62EF320DDC,CUST005442,SES011227,PROD001976,2,63681,127362,UPI,refunded,2026-07-17 09:33:05
ORD-89BD5D5F64,CUST003002,SES011232,PROD001161,3,20429,61287,Wallet,paid,2026-06-30 18:30:43
ORD-A4739BB480,CUST006039,SES011237,PROD001657,1,11881,11881,Cash on Delivery,paid,2026-06-28 02:01:20
ORD-B5B98814D2,CUST006325,SES011243,PROD001342,2,88038,176076,UPI,paid,2026-07-13 15:06:59
ORD-3ABA5637E6,CUST005989,SES011245,PROD001042,3,10177,30531,Debit Card,paid,2026-07-11 19:14:45
ORD-BD66B752D4,CUST002670,SES011258,PROD001421,2,57786,115572,Credit Card,paid,2026-07-16 20:14:34
ORD-2BC4D6F10C,CUST003271,SES011260,PROD000921,2,23490,46980,Debit Card,paid,2026-07-01 16:31:09
ORD-4DD717AD6E,CUST002179,SES011265,PROD001342,3,88038,264114,UPI,paid,2026-07-23 03:29:22
ORD-48A6F490A5,CUST001712,SES011271,PROD000385,1,46787,46787,Wallet,paid,2026-07-03 15:40:35
ORD-2D18F2B5B4,CUST001544,SES011281,PROD000888,3,73881,221643,Credit Card,paid,2026-06-30 17:30:20
ORD-29C1B448BD,CUST001309,SES011285,PROD001286,2,93558,187116,UPI,paid,2026-07-15 06:53:11
ORD-FBFD043D97,CUST001353,SES011286,PROD000036,3,72342,217026,Debit Card,cancelled,2026-07-05 23:40:47
ORD-A0F81D89F3,CUST008615,SES011302,PROD000526,3,93614,280842,Credit Card,paid,2026-06-28 02:30:39
ORD-4D117ACCC2,CUST001946,SES011309,PROD000533,1,59323,59323,Credit Card,paid,2026-07-06 10:16:40
ORD-BFCD48C495,CUST008118,SES011314,PROD000711,2,52325,104650,Wallet,paid,2026-07-20 16:51:45
ORD-D6B4A121D4,CUST006120,SES011318,PROD000093,2,18500,37000,UPI,paid,2026-07-11 16:57:04
ORD-04E38E90D7,CUST004165,SES011319,PROD001708,2,41678,83356,UPI,paid,2026-06-27 10:43:47
ORD-A4BFB9FC68,CUST002647,SES011326,PROD000439,2,3060,6120,Debit Card,paid,2026-07-07 02:36:19
ORD-CAC6BA81F5,CUST007361,SES011327,PROD000970,1,71382,71382,UPI,paid,2026-06-28 05:25:14
ORD-65D938E83D,CUST009588,SES011330,PROD000808,3,51285,153855,UPI,paid,2026-07-25 18:09:00
ORD-DED2F4BD5C,CUST001179,SES011341,PROD000562,1,36198,36198,UPI,paid,2026-07-25 12:22:31
ORD-52E9731291,CUST001549,SES011349,PROD000804,3,22240,66720,UPI,paid,2026-07-12 10:44:19
ORD-C0AF780376,CUST003221,SES011352,PROD001596,1,32299,32299,Credit Card,paid,2026-06-27 17:06:03
ORD-E1F1147F13,CUST004167,SES011366,PROD000147,1,78600,78600,Credit Card,cancelled,2026-07-05 05:04:16
ORD-0795A9B368,CUST004735,SES011367,PROD000998,1,78599,78599,Debit Card,paid,2026-07-24 12:09:48
ORD-1BEBD19211,CUST002454,SES011374,PROD000096,3,12841,38523,UPI,paid,2026-07-13 00:18:43
ORD-7DD30ABEB9,CUST006247,SES011375,PROD000473,1,59282,59282,UPI,paid,2026-07-08 14:42:15
ORD-741D24F538,CUST006495,SES011379,PROD001902,2,20377,40754,UPI,paid,2026-06-29 01:42:12
ORD-487C42CC3B,CUST008392,SES011392,PROD001339,1,3059,3059,UPI,paid,2026-06-28 14:14:43
ORD-35FF275724,CUST005978,SES011395,PROD000973,1,13549,13549,Credit Card,paid,2026-07-22 05:11:01
ORD-2E2A7E3404,CUST003082,SES011398,PROD001105,1,61983,61983,UPI,paid,2026-07-10 17:45:56
ORD-B4554E2BE5,CUST003457,SES011400,PROD001721,2,58075,116150,Wallet,paid,2026-07-12 02:52:03
ORD-06C53E1C72,CUST005226,SES011409,PROD001222,3,30338,91014,Debit Card,paid,2026-07-11 08:04:46
ORD-B8372ADAE3,CUST008025,SES011410,PROD001585,2,15709,31418,Wallet,paid,2026-07-08 10:35:55
ORD-C1181CE3EB,CUST006569,SES011434,PROD000117,3,43460,130380,UPI,paid,2026-07-09 12:25:19
ORD-5E8F6907E7,CUST001710,SES011439,PROD000284,2,331,662,Cash on Delivery,paid,2026-07-11 03:18:16
ORD-63158B5FFE,CUST000869,SES011451,PROD001094,1,40801,40801,UPI,paid,2026-06-30 13:27:59
ORD-CE15C20922,CUST005721,SES011452,PROD001330,3,74196,222588,Cash on Delivery,paid,2026-07-20 13:06:44
ORD-209B89C1AD,CUST001841,SES011456,PROD000371,1,28226,28226,Cash on Delivery,paid,2026-07-01 13:56:33
ORD-F5BE66B35C,CUST005267,SES011460,PROD001954,3,47602,142806,UPI,paid,2026-07-17 08:53:59
ORD-D981B43D42,CUST004817,SES011463,PROD001331,1,40788,40788,UPI,paid,2026-07-01 15:50:25
ORD-3CD805DBC6,CUST001675,SES011479,PROD000149,1,95648,95648,UPI,paid,2026-07-15 09:28:41
ORD-319D074EF9,CUST004099,SES011483,PROD000056,3,73344,220032,UPI,paid,2026-07-03 22:21:09
ORD-F59691F9E5,CUST008167,SES011486,PROD001979,1,33588,33588,Wallet,paid,2026-06-26 21:07:15
ORD-F4EB5CCC08,CUST000629,SES011490,PROD000356,2,59953,119906,Debit Card,paid,2026-07-16 06:27:04
ORD-32517F54C5,CUST005002,SES011501,PROD000098,3,98871,296613,Wallet,paid,2026-07-22 04:26:52
ORD-A7651570B4,CUST005666,SES011503,PROD000521,2,19731,39462,Debit Card,paid,2026-07-06 10:54:19
ORD-8C4B110B44,CUST000229,SES011505,PROD000820,3,60486,181458,Credit Card,paid,2026-07-19 17:25:28
ORD-8437F06780,CUST005580,SES011526,PROD001126,3,32986,98958,Debit Card,paid,2026-07-07 19:24:33
ORD-A761D8DC4B,CUST009306,SES011528,PROD001301,1,50249,50249,Wallet,paid,2026-07-24 00:36:52
ORD-F6B9338562,CUST008525,SES011532,PROD001030,2,2261,4522,Credit Card,paid,2026-07-14 03:02:16
ORD-26798F5613,CUST008650,SES011533,PROD000602,1,42869,42869,UPI,paid,2026-07-01 19:35:47
ORD-CCDBBFFBBB,CUST001756,SES011534,PROD000769,1,39705,39705,Wallet,paid,2026-07-02 14:43:51
ORD-FE3839DD89,CUST000746,SES011541,PROD000460,3,37695,113085,Wallet,paid,2026-07-07 13:45:23
ORD-BDE23F1613,CUST009331,SES011547,PROD001183,2,92814,185628,Cash on Delivery,paid,2026-06-30 17:08:09
ORD-4802DA5B34,CUST005906,SES011558,PROD000544,1,57043,57043,Cash on Delivery,paid,2026-07-09 12:24:56
ORD-791FACC0C2,CUST007044,SES011562,PROD001110,2,3992,7984,Wallet,paid,2026-07-18 07:49:50
ORD-BB00CE68FF,CUST009756,SES011603,PROD001383,1,72881,72881,Credit Card,paid,2026-07-14 00:31:32
ORD-ADE29CA13C,CUST000628,SES011613,PROD001796,1,24144,24144,Cash on Delivery,paid,2026-07-14 05:50:03
ORD-46F97BC069,CUST000642,SES011623,PROD000608,3,81191,243573,UPI,refunded,2026-06-30 08:08:03
ORD-79E2E10B44,CUST000919,SES011628,PROD001655,2,6787,13574,Credit Card,paid,2026-07-08 17:25:18
ORD-9BB02B23C0,CUST006388,SES011629,PROD000721,2,92385,184770,Credit Card,paid,2026-07-12 10:47:17
ORD-931E1165FB,CUST007887,SES011646,PROD000417,3,67266,201798,Credit Card,paid,2026-07-22 12:30:32
ORD-F6B3C39F38,CUST008097,SES011651,PROD001538,2,93551,187102,Credit Card,paid,2026-07-10 07:20:45
ORD-C093C05C9E,CUST008519,SES011654,PROD000773,2,29235,58470,Credit Card,paid,2026-07-24 20:48:49
ORD-7A90430A46,CUST002464,SES011656,PROD001883,1,96544,96544,Debit Card,paid,2026-07-20 15:07:09
ORD-A9077BD762,CUST006288,SES011673,PROD001913,2,15068,30136,Credit Card,paid,2026-07-04 21:18:28
ORD-8832A14979,CUST008683,SES011674,PROD000320,2,13583,27166,Cash on Delivery,paid,2026-07-02 11:12:42
ORD-4B998B92B5,CUST002184,SES011684,PROD000150,1,29648,29648,UPI,cancelled,2026-07-21 04:00:09
ORD-C089FC1082,CUST009858,SES011700,PROD001697,3,80882,242646,UPI,paid,2026-07-17 06:51:54
ORD-47D1AB9C52,CUST008132,SES011709,PROD001517,3,32805,98415,Debit Card,cancelled,2026-07-04 06:14:19
ORD-E139FD5198,CUST008570,SES011711,PROD000027,3,89875,269625,UPI,paid,2026-07-01 02:09:17
ORD-26A309E84C,CUST004962,SES011732,PROD000427,2,95402,190804,Debit Card,paid,2026-07-19 19:08:02
ORD-F6DBF0CD4F,CUST006873,SES011734,PROD000264,3,24903,74709,Wallet,paid,2026-07-14 15:28:31
ORD-E3DB5585E6,CUST004531,SES011735,PROD000360,3,77623,232869,UPI,paid,2026-07-19 08:59:54
ORD-7D58C315B4,CUST007126,SES011741,PROD001228,2,15660,31320,Credit Card,paid,2026-07-06 08:20:06
ORD-568602FEA5,CUST009779,SES011744,PROD000545,3,2023,6069,Wallet,paid,2026-07-01 14:38:57
ORD-F0CBBFA054,CUST004332,SES011751,PROD000195,3,8027,24081,Cash on Delivery,paid,2026-07-15 23:29:31
ORD-9BF30747A9,CUST005752,SES011756,PROD001156,2,23519,47038,Cash on Delivery,paid,2026-07-18 00:12:23
ORD-78439FC5D8,CUST001285,SES011757,PROD001521,1,65548,65548,UPI,paid,2026-07-07 10:24:27
ORD-1E45A33E24,CUST000692,SES011780,PROD000104,1,30282,30282,Debit Card,paid,2026-07-22 04:40:59
ORD-A0C6EFD10B,CUST008255,SES011801,PROD000360,2,77623,155246,Credit Card,paid,2026-07-11 10:57:43
ORD-A11BFE56EB,CUST002712,SES011804,PROD001736,3,2551,7653,Debit Card,paid,2026-07-14 10:37:21
ORD-7A1CB41597,CUST001373,SES011805,PROD001475,3,83687,251061,UPI,paid,2026-06-29 17:15:44
ORD-C6341B4A25,CUST002341,SES011808,PROD001340,2,33682,67364,UPI,cancelled,2026-06-30 05:06:24
ORD-9EC1D2A6AB,CUST004990,SES011819,PROD000291,1,67899,67899,Credit Card,paid,2026-06-30 03:40:56
ORD-567E8029D5,CUST006748,SES011821,PROD000563,1,34591,34591,UPI,paid,2026-06-27 11:57:47
ORD-F1D6FE3F17,CUST000563,SES011838,PROD001872,2,32557,65114,Wallet,paid,2026-07-21 18:47:20
ORD-7AD25FF5C4,CUST007253,SES011853,PROD001962,3,55568,166704,UPI,paid,2026-07-25 14:38:02
ORD-1F8F30BEC6,CUST007450,SES011858,PROD001521,3,65548,196644,UPI,refunded,2026-07-07 02:35:42
ORD-6AFF96BB3F,CUST003365,SES011860,PROD000578,3,48575,145725,UPI,paid,2026-06-28 09:27:03
ORD-B8FD3CAF5B,CUST006300,SES011861,PROD000593,3,28098,84294,UPI,refunded,2026-07-07 17:51:21
ORD-3ACA2C0A3F,CUST007340,SES011863,PROD001790,3,45479,136437,Debit Card,paid,2026-07-07 08:56:15
ORD-E50D6EA159,CUST002483,SES011868,PROD001698,3,79648,238944,Credit Card,paid,2026-07-24 16:49:17
ORD-A26F92EACB,CUST003901,SES011884,PROD000413,1,78291,78291,Debit Card,paid,2026-07-19 23:48:43
ORD-39C6F083EA,CUST009526,SES011896,PROD001031,2,98285,196570,UPI,paid,2026-07-13 13:11:18
ORD-E34C9F900F,CUST008833,SES011897,PROD000024,1,54839,54839,Debit Card,paid,2026-07-17 22:11:32
ORD-AB0742C0B0,CUST002176,SES011910,PROD000486,3,40789,122367,UPI,paid,2026-06-28 14:53:25
ORD-0EA1709778,CUST007939,SES011925,PROD000939,3,60038,180114,UPI,paid,2026-07-18 16:44:00
ORD-D374E65BF7,CUST000348,SES011927,PROD000684,3,19764,59292,Wallet,paid,2026-07-19 15:04:04
ORD-DAE292293F,CUST007203,SES011933,PROD001073,1,28979,28979,UPI,paid,2026-07-05 19:51:20
ORD-A77A3C534C,CUST004820,SES011945,PROD000085,3,51475,154425,UPI,paid,2026-07-01 05:17:30
ORD-66DA3C6321,CUST000073,SES011961,PROD000854,2,87639,175278,Credit Card,cancelled,2026-07-08 23:39:31
ORD-E7E37DD41B,CUST008640,SES011980,PROD001577,3,34108,102324,Wallet,refunded,2026-07-09 02:09:45
ORD-E3DD44D057,CUST009785,SES011981,PROD001015,3,17075,51225,Debit Card,paid,2026-07-18 04:18:55
ORD-1BB1842F6E,CUST003020,SES011983,PROD000980,1,51392,51392,Credit Card,refunded,2026-07-22 10:23:33
ORD-A3664E1FA1,CUST006146,SES011989,PROD000933,2,94056,188112,Cash on Delivery,paid,2026-07-13 10:06:50
ORD-B751CA53B8,CUST006952,SES011992,PROD001940,3,91806,275418,Credit Card,paid,2026-07-08 09:42:28
ORD-DE3E27F5D8,CUST004912,SES011993,PROD001716,2,2935,5870,Debit Card,cancelled,2026-07-08 05:27:42
ORD-D0C975368B,CUST009586,SES011995,PROD000079,1,46790,46790,Credit Card,paid,2026-07-24 21:27:34
ORD-9B6038C341,CUST008795,SES012012,PROD001753,1,48150,48150,UPI,paid,2026-07-19 12:35:27
ORD-2B1539CB5E,CUST001031,SES012024,PROD001799,3,29734,89202,Debit Card,paid,2026-07-22 11:36:15
ORD-B3A7CCA1A1,CUST000800,SES012025,PROD001521,1,65548,65548,Credit Card,cancelled,2026-06-29 20:45:06
ORD-F946E129A9,CUST004184,SES012034,PROD000460,3,37695,113085,Wallet,paid,2026-07-06 04:27:53
ORD-CE946BC4F6,CUST003199,SES012035,PROD001274,3,17721,53163,UPI,paid,2026-07-10 03:18:32
ORD-7B06154DFF,CUST009178,SES012046,PROD001752,2,20337,40674,Cash on Delivery,paid,2026-06-29 14:17:36
ORD-292E7E72E2,CUST006137,SES012048,PROD001388,2,39638,79276,Credit Card,paid,2026-07-18 17:48:00
ORD-E4DB21D9F2,CUST009143,SES012060,PROD001996,1,27538,27538,Debit Card,paid,2026-07-09 21:51:47
ORD-2939E8C7FD,CUST009018,SES012061,PROD001839,3,70893,212679,Credit Card,paid,2026-06-26 20:33:16
ORD-BFF7832A5B,CUST007966,SES012063,PROD000224,2,75769,151538,Credit Card,paid,2026-07-04 18:46:55
ORD-BD47E28F02,CUST008644,SES012067,PROD001109,3,31977,95931,UPI,paid,2026-07-08 14:18:38
ORD-1F4204BDFF,CUST009974,SES012072,PROD001224,3,20047,60141,Credit Card,paid,2026-07-17 06:54:53
ORD-CC7D553738,CUST008580,SES012093,PROD000078,3,27288,81864,UPI,paid,2026-07-19 09:02:38
ORD-D04F36DA1F,CUST001385,SES012100,PROD000626,1,40827,40827,Credit Card,paid,2026-07-11 02:06:47
ORD-9761743077,CUST002160,SES012105,PROD001749,2,44325,88650,Debit Card,paid,2026-07-04 03:42:56
ORD-656061BE4C,CUST005856,SES012109,PROD000057,1,97221,97221,Debit Card,paid,2026-07-21 05:50:45
ORD-4D4A89E99A,CUST001165,SES012110,PROD000929,2,47431,94862,Wallet,paid,2026-07-10 10:57:03
ORD-C8A26ADA01,CUST004212,SES012115,PROD000944,3,58842,176526,Credit Card,cancelled,2026-07-21 06:12:21
ORD-F0189E4C5E,CUST007457,SES012120,PROD000327,2,24404,48808,Wallet,paid,2026-07-17 23:30:04
ORD-7B77BA7488,CUST006742,SES012126,PROD001035,2,76574,153148,Debit Card,paid,2026-07-16 16:41:30
ORD-3BD0E43833,CUST006795,SES012140,PROD001929,2,62325,124650,Debit Card,paid,2026-07-16 04:02:54
ORD-92F5634FB5,CUST004628,SES012146,PROD000949,3,75140,225420,Debit Card,paid,2026-06-27 05:27:31
ORD-2B4F464B0D,CUST003520,SES012147,PROD001823,2,10535,21070,Debit Card,paid,2026-07-12 00:03:00
ORD-C80D0FE141,CUST008410,SES012151,PROD000917,2,95195,190390,Wallet,refunded,2026-07-13 05:31:26
ORD-01EFAEB33A,CUST005665,SES012160,PROD000828,3,11672,35016,Credit Card,paid,2026-07-09 02:17:35
ORD-B67B9F2B4D,CUST009276,SES012161,PROD000103,2,75362,150724,Debit Card,paid,2026-07-21 19:10:15
ORD-25E3FFC639,CUST008919,SES012163,PROD001594,1,6628,6628,UPI,paid,2026-07-17 18:54:34
ORD-9022BC634D,CUST009923,SES012167,PROD000551,1,54742,54742,UPI,paid,2026-07-24 05:55:46
ORD-EDECDA528A,CUST009240,SES012173,PROD001433,2,66019,132038,Debit Card,paid,2026-07-18 00:19:04
ORD-4415B20F2F,CUST003863,SES012175,PROD001489,3,32949,98847,Cash on Delivery,paid,2026-07-15 08:14:25
ORD-3779D6EF50,CUST002928,SES012195,PROD000927,1,97953,97953,Credit Card,paid,2026-07-15 09:15:21
ORD-7B4E9FBDB6,CUST007483,SES012196,PROD001472,2,96404,192808,UPI,refunded,2026-07-09 05:13:04
ORD-36B11BEBE8,CUST008217,SES012210,PROD000712,2,58936,117872,Credit Card,refunded,2026-06-27 02:49:59
ORD-9C47DAC7B9,CUST003286,SES012212,PROD001584,2,5551,11102,Wallet,paid,2026-06-26 19:20:13
ORD-F9F14C2519,CUST004820,SES012218,PROD000761,1,14326,14326,UPI,paid,2026-07-23 01:59:04
ORD-8E2A2D02B7,CUST004769,SES012222,PROD000901,1,62656,62656,Debit Card,paid,2026-07-19 11:58:57
ORD-45EBC74298,CUST005137,SES012233,PROD000273,1,79144,79144,UPI,cancelled,2026-07-03 22:17:17
ORD-21075FD1B9,CUST001461,SES012254,PROD000157,3,84379,253137,Debit Card,paid,2026-07-05 11:45:52
ORD-A41730493A,CUST009560,SES012261,PROD000668,1,3256,3256,Debit Card,paid,2026-07-05 23:54:16
ORD-B54C025580,CUST007808,SES012272,PROD001772,3,60283,180849,Cash on Delivery,paid,2026-06-30 17:55:27
ORD-DD77F28A65,CUST006164,SES012278,PROD000813,1,79206,79206,Debit Card,refunded,2026-06-27 05:20:53
ORD-C5BD70EBB2,CUST007940,SES012289,PROD000452,1,1102,1102,UPI,paid,2026-07-05 10:29:19
ORD-E61B50AA21,CUST008500,SES012297,PROD001155,2,18785,37570,UPI,paid,2026-07-05 09:36:08
ORD-41796D189C,CUST001919,SES012301,PROD001342,3,88038,264114,Cash on Delivery,paid,2026-07-10 13:07:30
ORD-DF6AA95CEB,CUST000075,SES012316,PROD001671,2,71521,143042,UPI,paid,2026-07-20 10:05:19
ORD-4DCEF0F317,CUST005156,SES012317,PROD000518,2,66393,132786,UPI,paid,2026-07-17 20:22:42
ORD-AB5E2CE80C,CUST006654,SES012345,PROD000937,1,28597,28597,Debit Card,paid,2026-07-14 13:52:56
ORD-D55BF1E4D3,CUST009509,SES012350,PROD001318,3,34714,104142,Cash on Delivery,paid,2026-07-17 12:54:20
ORD-8EEA485901,CUST002769,SES012358,PROD000797,2,71043,142086,Credit Card,paid,2026-07-25 19:44:58
ORD-97526F97B1,CUST009209,SES012359,PROD000588,2,75667,151334,UPI,paid,2026-07-05 07:59:16
ORD-1F099A2BC8,CUST007984,SES012374,PROD001330,3,74196,222588,UPI,paid,2026-07-20 20:09:43
ORD-EA773D90E7,CUST003838,SES012375,PROD001693,3,35522,106566,UPI,paid,2026-07-01 00:28:11
ORD-A871D687E1,CUST004193,SES012385,PROD001413,3,55920,167760,UPI,paid,2026-06-26 18:13:38
ORD-9B85045892,CUST005391,SES012392,PROD000761,1,14326,14326,UPI,paid,2026-07-17 22:59:23
ORD-157A52408A,CUST005418,SES012393,PROD000414,3,43586,130758,Credit Card,paid,2026-07-15 23:23:35
ORD-26649AC73E,CUST008927,SES012395,PROD001035,3,76574,229722,UPI,paid,2026-07-01 23:55:44
ORD-A9D346A118,CUST008258,SES012401,PROD001911,2,52896,105792,UPI,paid,2026-07-02 02:13:56
ORD-33843F26E9,CUST004403,SES012409,PROD000854,1,87639,87639,Credit Card,paid,2026-07-09 03:02:22
ORD-5F29D53827,CUST004270,SES012410,PROD000061,1,79494,79494,UPI,paid,2026-07-02 06:38:11
ORD-ABCFAF27C0,CUST004679,SES012435,PROD001409,1,5532,5532,UPI,paid,2026-06-26 04:12:57
ORD-D73C7262C9,CUST005165,SES012444,PROD000428,3,61373,184119,Debit Card,paid,2026-07-20 09:51:02
ORD-2C764B1C83,CUST000051,SES012458,PROD001139,2,79279,158558,Debit Card,paid,2026-06-27 01:21:50
ORD-7290F2349B,CUST000230,SES012466,PROD000361,3,42646,127938,Wallet,cancelled,2026-07-24 14:43:40
ORD-67CE50B7DB,CUST007507,SES012472,PROD001290,2,5476,10952,UPI,paid,2026-07-02 17:18:39
ORD-C342B11601,CUST009430,SES012493,PROD001590,2,51358,102716,UPI,paid,2026-06-26 13:40:19
ORD-CAFA5C05F8,CUST008976,SES012499,PROD001706,2,67744,135488,Credit Card,paid,2026-07-19 21:42:31
ORD-AF4EC555BD,CUST003821,SES012502,PROD000165,2,19791,39582,Debit Card,paid,2026-07-02 06:23:50
ORD-31D8877E61,CUST003371,SES012507,PROD001062,1,66447,66447,Cash on Delivery,paid,2026-07-18 09:35:48
ORD-B2AAD90902,CUST003209,SES012508,PROD000201,2,78588,157176,Debit Card,refunded,2026-06-29 09:23:31
ORD-E72DB64E97,CUST003665,SES012520,PROD000035,2,59777,119554,Credit Card,paid,2026-07-08 10:11:21
ORD-F45BAFADB0,CUST004841,SES012523,PROD001259,1,63780,63780,UPI,paid,2026-07-22 06:32:40
ORD-126DC8CBA0,CUST004588,SES012536,PROD000247,1,68012,68012,UPI,paid,2026-07-08 13:01:45
ORD-865287B8F1,CUST005951,SES012544,PROD001665,2,15101,30202,Credit Card,paid,2026-07-09 11:55:21
ORD-2F52FC3042,CUST001063,SES012545,PROD000447,3,41345,124035,UPI,paid,2026-06-28 23:34:32
ORD-F6E710D91B,CUST009576,SES012548,PROD000977,1,1460,1460,Wallet,paid,2026-06-29 17:49:37
ORD-799F90F057,CUST007842,SES012561,PROD000432,1,61341,61341,Credit Card,paid,2026-06-28 11:34:39
ORD-7D38D50195,CUST001996,SES012564,PROD000317,2,7525,15050,UPI,paid,2026-06-26 03:58:17
ORD-E91DFB85D9,CUST007867,SES012565,PROD000520,1,37962,37962,Wallet,paid,2026-07-08 04:32:24
ORD-F2E5AF6083,CUST005546,SES012580,PROD000689,3,42068,126204,Wallet,paid,2026-07-06 14:16:11
ORD-BAA4C383AB,CUST007471,SES012583,PROD000464,3,60947,182841,Debit Card,paid,2026-07-25 06:14:26
ORD-1A676A7CD9,CUST005591,SES012585,PROD001500,3,23639,70917,Cash on Delivery,paid,2026-06-30 06:48:33
ORD-1A6645665A,CUST006647,SES012586,PROD000901,3,62656,187968,UPI,paid,2026-07-18 16:37:30
ORD-EAE74FDD11,CUST004644,SES012591,PROD000735,1,95281,95281,Credit Card,paid,2026-07-04 14:09:35
ORD-2917CBEAB9,CUST004719,SES012604,PROD000230,2,79435,158870,UPI,paid,2026-06-30 02:27:13
ORD-8784D0C0DA,CUST008459,SES012605,PROD001762,2,8787,17574,UPI,paid,2026-07-16 16:23:26
ORD-404136B3F2,CUST007712,SES012614,PROD001900,1,48207,48207,Debit Card,paid,2026-07-21 19:13:09
ORD-2CE2881935,CUST008872,SES012621,PROD000302,3,59368,178104,UPI,cancelled,2026-06-30 22:37:19
ORD-C8F59FBA99,CUST007708,SES012625,PROD001982,3,8607,25821,Credit Card,paid,2026-07-17 06:29:08
ORD-6BC05AF455,CUST004215,SES012633,PROD001621,3,56556,169668,UPI,paid,2026-06-30 13:31:19
ORD-14567409AC,CUST005284,SES012665,PROD000681,1,46754,46754,UPI,cancelled,2026-06-26 13:29:51
ORD-ECD52DA0BE,CUST000023,SES012667,PROD000106,1,87011,87011,Cash on Delivery,paid,2026-07-09 15:26:12
ORD-4041594DB8,CUST007083,SES012683,PROD000663,1,25326,25326,UPI,paid,2026-06-27 08:39:01
ORD-B4D5CB397D,CUST007993,SES012686,PROD001732,2,33332,66664,Credit Card,paid,2026-06-28 07:11:38
ORD-CCF89942C0,CUST005377,SES012696,PROD000947,2,34169,68338,UPI,paid,2026-07-18 18:58:31
ORD-5B2FA6A1FA,CUST007735,SES012704,PROD001522,1,68365,68365,UPI,paid,2026-07-17 23:24:14
ORD-9B382BB2CF,CUST003169,SES012716,PROD000602,3,42869,128607,Credit Card,paid,2026-07-03 09:12:45
ORD-A9322AE722,CUST002305,SES012717,PROD000735,1,95281,95281,Wallet,paid,2026-07-04 23:37:59
ORD-A6EDC1D5CE,CUST001839,SES012721,PROD001639,3,17773,53319,Credit Card,paid,2026-07-02 00:39:51
ORD-2B6BBCBAE0,CUST001621,SES012723,PROD000041,3,82071,246213,Debit Card,paid,2026-07-14 21:13:29
ORD-9B55913F32,CUST000288,SES012726,PROD000558,1,61035,61035,Wallet,paid,2026-07-14 10:24:06
ORD-68A1D131C8,CUST008343,SES012749,PROD000232,2,96110,192220,Credit Card,paid,2026-06-26 22:33:18
ORD-B85FF5DD3B,CUST005850,SES012756,PROD000552,1,21816,21816,UPI,paid,2026-07-20 06:20:06
ORD-81F4C9E5AB,CUST003043,SES012778,PROD000621,1,59407,59407,UPI,paid,2026-07-10 12:39:59
ORD-9BA47BD6F6,CUST001390,SES012779,PROD000542,3,32558,97674,Cash on Delivery,paid,2026-06-27 00:53:17
ORD-408F2A3F29,CUST008376,SES012781,PROD001564,1,47414,47414,UPI,paid,2026-07-01 08:19:55
ORD-FAA711C812,CUST009491,SES012784,PROD001719,1,63252,63252,UPI,paid,2026-07-08 23:32:19
ORD-43BC3BF9A2,CUST001818,SES012787,PROD000265,3,42860,128580,UPI,paid,2026-07-09 22:23:58
ORD-16E00BF044,CUST006144,SES012791,PROD000415,3,51566,154698,UPI,paid,2026-07-12 04:35:55
ORD-BC21572703,CUST002410,SES012797,PROD000467,3,87919,263757,Credit Card,paid,2026-07-18 10:25:27
ORD-271CB40482,CUST002096,SES012816,PROD000274,3,23907,71721,Debit Card,paid,2026-07-10 23:17:54
ORD-62E3020207,CUST008251,SES012817,PROD000227,1,37500,37500,Debit Card,paid,2026-07-20 18:50:16
ORD-C2E34D2778,CUST007866,SES012828,PROD001998,3,61913,185739,UPI,paid,2026-07-13 06:40:40
ORD-37B53DDEE5,CUST007218,SES012834,PROD001054,2,63049,126098,UPI,paid,2026-07-22 21:09:50
ORD-1D5D6B485B,CUST006340,SES012841,PROD001244,1,67028,67028,UPI,paid,2026-07-07 10:32:58
ORD-0E434BFD89,CUST009176,SES012850,PROD000894,1,91261,91261,Wallet,paid,2026-07-18 18:26:05
ORD-D0A92C4613,CUST002836,SES012866,PROD000732,1,79398,79398,Wallet,paid,2026-07-10 05:50:27
ORD-EACC645876,CUST003363,SES012874,PROD001473,2,55044,110088,UPI,paid,2026-07-19 13:08:29
ORD-5732FBCA54,CUST009317,SES012878,PROD001604,3,4120,12360,Credit Card,paid,2026-07-02 06:45:04
ORD-D3E3B235AA,CUST007561,SES012889,PROD000685,3,45389,136167,Wallet,paid,2026-07-06 13:08:53
ORD-70B08A13F1,CUST001516,SES012894,PROD000047,2,13008,26016,UPI,paid,2026-07-17 00:16:46
ORD-387147B7AB,CUST000975,SES012895,PROD001368,2,56024,112048,Credit Card,paid,2026-07-10 04:08:41
ORD-5DF56670EF,CUST001646,SES012899,PROD000823,3,27322,81966,Debit Card,refunded,2026-07-13 22:35:06
ORD-3613ECE14C,CUST009216,SES012900,PROD001792,3,65177,195531,Cash on Delivery,cancelled,2026-06-29 23:25:20
ORD-37962A9BD3,CUST004043,SES012905,PROD000863,3,465,1395,Debit Card,paid,2026-06-30 08:19:59
ORD-E73CB737E6,CUST002227,SES012924,PROD000615,2,72739,145478,Credit Card,paid,2026-07-20 10:19:29
ORD-ED3EEBBA5E,CUST003093,SES012925,PROD000171,2,73153,146306,UPI,paid,2026-07-01 01:24:03
ORD-027A31B332,CUST007309,SES012929,PROD000794,3,67372,202116,UPI,refunded,2026-07-14 01:08:56
ORD-036FB3362B,CUST003301,SES012930,PROD000619,2,39938,79876,Credit Card,paid,2026-07-25 04:13:48
ORD-0E63FBC08F,CUST007580,SES012931,PROD001860,1,23233,23233,UPI,refunded,2026-07-08 16:26:12
ORD-15E4300B1E,CUST006193,SES012932,PROD001908,2,40974,81948,Credit Card,paid,2026-06-26 10:42:14
ORD-E5B4C6CCB5,CUST007014,SES012956,PROD001491,3,37742,113226,Credit Card,paid,2026-07-12 06:17:58
ORD-965E73C104,CUST003208,SES012960,PROD000277,3,17637,52911,UPI,paid,2026-06-28 18:20:50
ORD-41AEEB5474,CUST006521,SES012980,PROD001062,1,66447,66447,UPI,paid,2026-07-16 07:17:45
ORD-BD850A6B12,CUST001351,SES012991,PROD001202,1,76567,76567,UPI,paid,2026-07-01 11:37:18
ORD-4018579F74,CUST003416,SES012994,PROD001551,3,37934,113802,Wallet,paid,2026-07-13 08:31:47
ORD-D5CCB739C9,CUST009233,SES012997,PROD000402,3,34517,103551,Wallet,paid,2026-07-15 13:28:00
ORD-3A6CBCC6FB,CUST009059,SES013005,PROD001150,3,81079,243237,UPI,paid,2026-07-18 22:08:25
ORD-A37F4C18C6,CUST007732,SES013006,PROD000286,1,79250,79250,Debit Card,paid,2026-07-06 23:54:08
ORD-B9360D0FAD,CUST003850,SES013012,PROD000499,2,67723,135446,UPI,paid,2026-07-05 22:35:22
ORD-0EC067A8FC,CUST006883,SES013014,PROD000646,2,31745,63490,UPI,cancelled,2026-07-10 18:13:33
ORD-AD721829C3,CUST001363,SES013017,PROD001685,3,58200,174600,Debit Card,paid,2026-07-12 23:29:52
ORD-EA581EE8F9,CUST005059,SES013019,PROD000202,2,96306,192612,UPI,paid,2026-07-14 04:23:47
ORD-6529F10323,CUST003737,SES013029,PROD000158,1,14385,14385,UPI,paid,2026-07-15 18:23:01
ORD-8183E73E06,CUST008671,SES013036,PROD001282,2,48652,97304,UPI,paid,2026-07-25 13:37:14
ORD-EB8A7506AA,CUST007321,SES013039,PROD001000,2,57900,115800,Cash on Delivery,paid,2026-07-02 14:42:58
ORD-3E27766AF9,CUST004561,SES013049,PROD000769,2,39705,79410,Debit Card,paid,2026-07-19 21:55:30
ORD-4C58686612,CUST007679,SES013053,PROD000497,1,81712,81712,UPI,paid,2026-07-18 15:53:36
ORD-FB89D3AF1D,CUST008583,SES013058,PROD000907,2,42782,85564,Wallet,paid,2026-07-23 11:54:10
ORD-B83B945FDE,CUST000700,SES013067,PROD000267,2,83589,167178,Debit Card,paid,2026-07-24 23:14:33
ORD-A207704933,CUST004685,SES013083,PROD000671,2,43350,86700,Wallet,paid,2026-06-27 07:03:27
ORD-5E6261491D,CUST008887,SES013092,PROD000216,2,98884,197768,Debit Card,paid,2026-07-14 08:07:17
ORD-1459A291F7,CUST006341,SES013120,PROD001614,2,84465,168930,Wallet,paid,2026-07-23 12:47:53
ORD-24A776C26C,CUST005884,SES013124,PROD000569,1,38000,38000,Debit Card,paid,2026-07-04 05:01:46
ORD-8D091C8903,CUST006890,SES013131,PROD000412,1,8389,8389,UPI,paid,2026-07-25 05:22:03
ORD-F27A4361E5,CUST009866,SES013136,PROD001423,3,65979,197937,UPI,refunded,2026-07-04 06:33:11
ORD-41D607020B,CUST007390,SES013156,PROD000689,1,42068,42068,Wallet,refunded,2026-07-21 10:59:38
ORD-3B8DC30D41,CUST008245,SES013176,PROD001401,1,53703,53703,UPI,paid,2026-07-21 03:22:07
ORD-764F680C48,CUST002528,SES013188,PROD001249,3,73145,219435,Wallet,paid,2026-07-03 15:23:11
ORD-A20A9E8475,CUST007970,SES013190,PROD001170,3,87711,263133,UPI,paid,2026-07-03 15:28:05
ORD-6A953BE0A4,CUST001481,SES013196,PROD000673,1,41456,41456,Wallet,paid,2026-07-22 04:51:02
ORD-A96A502461,CUST001473,SES013198,PROD000487,3,48427,145281,Debit Card,paid,2026-07-02 17:58:42
ORD-C49917CF9D,CUST003951,SES013199,PROD000698,1,21440,21440,UPI,paid,2026-07-19 00:45:25
ORD-EBD43E9E19,CUST001463,SES013204,PROD001020,3,32946,98838,Cash on Delivery,paid,2026-07-23 04:44:57
ORD-A44E1CDFF2,CUST005873,SES013210,PROD001865,3,9507,28521,Wallet,cancelled,2026-07-02 06:19:15
ORD-1C7919B19F,CUST003585,SES013216,PROD000514,2,21535,43070,UPI,paid,2026-07-17 11:42:37
ORD-43BC595B63,CUST005614,SES013242,PROD000523,3,44363,133089,UPI,paid,2026-06-27 22:19:15
ORD-5897CED78F,CUST001924,SES013245,PROD000749,1,58826,58826,UPI,paid,2026-07-17 08:01:48
ORD-93450D4593,CUST006281,SES013246,PROD001856,1,99189,99189,UPI,paid,2026-07-01 23:55:09
ORD-E8DAA4B494,CUST003397,SES013250,PROD000160,3,21040,63120,Credit Card,paid,2026-07-06 11:15:07
ORD-F5B913F288,CUST001038,SES013263,PROD001622,2,46507,93014,UPI,paid,2026-07-19 19:25:31
ORD-A2D67DB5DD,CUST005860,SES013265,PROD001320,1,20498,20498,Credit Card,paid,2026-06-30 15:57:20
ORD-E2307706FE,CUST002715,SES013273,PROD001878,2,89920,179840,Debit Card,paid,2026-07-24 14:53:16
ORD-A15A0260B1,CUST005627,SES013275,PROD001316,3,79905,239715,Debit Card,paid,2026-07-10 06:46:27
ORD-E1DE744C37,CUST001613,SES013277,PROD001780,2,14096,28192,Wallet,paid,2026-07-07 16:51:32
ORD-1ACD51A3AB,CUST005971,SES013287,PROD000093,2,18500,37000,Cash on Delivery,paid,2026-07-22 02:04:37
ORD-A21CD6F9F1,CUST006323,SES013289,PROD000905,3,6796,20388,UPI,paid,2026-06-28 13:07:53
ORD-E12C252079,CUST000507,SES013291,PROD001768,1,60253,60253,UPI,paid,2026-07-18 06:20:08
ORD-2A7FD2C922,CUST007678,SES013297,PROD001855,2,43341,86682,UPI,paid,2026-07-07 23:30:41
ORD-822B6FF1A9,CUST008034,SES013301,PROD000981,3,19544,58632,Wallet,refunded,2026-07-04 07:46:33
ORD-53EF5A23E1,CUST000858,SES013319,PROD000077,1,68495,68495,Credit Card,paid,2026-07-09 12:38:26
ORD-AB2C76EDAA,CUST007551,SES013326,PROD001418,3,44669,134007,UPI,paid,2026-07-06 22:29:18
ORD-0A3C3EADFA,CUST007802,SES013333,PROD000593,1,28098,28098,UPI,cancelled,2026-07-16 00:23:02
ORD-3A01B58F90,CUST005819,SES013337,PROD000326,3,66810,200430,Wallet,paid,2026-07-16 09:59:40
ORD-48C32FCFBF,CUST005120,SES013347,PROD000459,1,68192,68192,UPI,paid,2026-07-23 22:13:19
ORD-D0B5B62C06,CUST009475,SES013353,PROD001009,1,30188,30188,UPI,paid,2026-07-04 21:42:06
ORD-707EAF02DF,CUST002094,SES013354,PROD000532,3,20013,60039,UPI,paid,2026-06-30 18:02:15
ORD-DB585154A9,CUST004010,SES013357,PROD001738,2,45384,90768,Credit Card,paid,2026-07-06 09:27:03
ORD-6249B6A3D7,CUST007837,SES013358,PROD000328,3,41503,124509,UPI,paid,2026-07-14 21:16:21
ORD-2F19C18FE9,CUST009865,SES013367,PROD001490,2,73344,146688,Debit Card,paid,2026-07-09 21:11:13
ORD-95C7303115,CUST008526,SES013368,PROD000811,1,81480,81480,Credit Card,paid,2026-07-15 20:29:52
ORD-31D63F1AC1,CUST007551,SES013370,PROD000278,3,19002,57006,Debit Card,refunded,2026-07-10 12:42:07
ORD-1A1DCDCB61,CUST007778,SES013381,PROD000755,2,3769,7538,Debit Card,paid,2026-06-28 23:15:28
ORD-CF90553ABA,CUST006469,SES013385,PROD000587,2,7732,15464,Credit Card,paid,2026-07-12 00:14:35
ORD-8B0018784A,CUST008165,SES013391,PROD001405,2,93282,186564,Credit Card,paid,2026-06-28 15:24:21
ORD-2B3374F185,CUST008420,SES013398,PROD000489,2,64070,128140,Cash on Delivery,paid,2026-07-07 15:44:58
ORD-470AB390C0,CUST004829,SES013404,PROD001883,1,96544,96544,Credit Card,paid,2026-07-02 22:28:41
ORD-0DD837DECF,CUST001897,SES013405,PROD001530,2,13198,26396,Credit Card,paid,2026-07-04 13:09:41
ORD-C2EC71929A,CUST006876,SES013410,PROD001387,3,9244,27732,UPI,paid,2026-07-12 10:52:10
ORD-6CD5404061,CUST001851,SES013417,PROD001311,2,85591,171182,UPI,paid,2026-07-04 23:18:30
ORD-A91A2503FC,CUST005655,SES013419,PROD001835,3,50917,152751,Wallet,paid,2026-07-24 03:42:04
ORD-E04A408FE6,CUST009975,SES013421,PROD001855,3,43341,130023,UPI,paid,2026-07-07 11:06:24
ORD-712722BD2D,CUST007699,SES013429,PROD001953,3,63556,190668,Credit Card,paid,2026-07-15 06:55:25
ORD-ECB7784418,CUST000041,SES013435,PROD000847,3,25126,75378,UPI,paid,2026-07-21 02:21:23
ORD-8697B4058F,CUST009384,SES013436,PROD001299,3,75639,226917,UPI,paid,2026-07-19 19:10:48
ORD-89B37E6C1B,CUST006599,SES013437,PROD000917,2,95195,190390,Cash on Delivery,paid,2026-06-27 19:21:51
ORD-EC0DC8CB24,CUST002367,SES013465,PROD000970,1,71382,71382,Credit Card,paid,2026-07-08 16:01:50
ORD-323087DFE4,CUST001808,SES013466,PROD000983,2,25878,51756,Credit Card,paid,2026-07-06 03:00:23
ORD-E6AF0EB4A1,CUST006404,SES013470,PROD000365,3,3843,11529,Cash on Delivery,paid,2026-07-22 07:45:06
ORD-3B02F74C59,CUST008443,SES013471,PROD001046,2,39150,78300,UPI,refunded,2026-07-04 01:33:46
ORD-06887ADB64,CUST002654,SES013486,PROD001887,3,20090,60270,UPI,paid,2026-07-15 12:08:38
ORD-E96EB7F9DA,CUST009932,SES013499,PROD000379,2,31449,62898,UPI,cancelled,2026-07-22 00:33:23
ORD-4B49CF950C,CUST003249,SES013500,PROD001067,2,47200,94400,Credit Card,paid,2026-06-30 11:17:28
ORD-C6C6042ECD,CUST002818,SES013505,PROD001260,1,41933,41933,UPI,paid,2026-06-26 16:51:09
ORD-42764B0DAA,CUST003006,SES013516,PROD001460,2,61518,123036,Debit Card,paid,2026-07-10 15:57:31
ORD-BD6835E580,CUST005457,SES013520,PROD001020,3,32946,98838,Cash on Delivery,refunded,2026-07-24 11:37:13
ORD-915F52DB5E,CUST004915,SES013535,PROD000488,2,33408,66816,UPI,paid,2026-07-02 09:47:40
ORD-71627FE6BD,CUST006994,SES013539,PROD000612,1,79850,79850,Cash on Delivery,paid,2026-06-30 23:01:45
ORD-26E8E823DF,CUST004131,SES013548,PROD000520,1,37962,37962,Cash on Delivery,paid,2026-06-30 14:32:23
ORD-7BB31FECBF,CUST008261,SES013558,PROD000783,3,18430,55290,Cash on Delivery,paid,2026-07-11 22:14:17
ORD-009E12FFE0,CUST001156,SES013571,PROD000473,1,59282,59282,Debit Card,paid,2026-07-17 23:35:12
ORD-7E8E1A87CC,CUST005445,SES013573,PROD000003,1,11404,11404,Wallet,cancelled,2026-07-25 14:42:48
ORD-AF75DA9BEF,CUST009885,SES013584,PROD001421,3,57786,173358,UPI,paid,2026-07-02 05:48:58
ORD-35DA6E3783,CUST003139,SES013585,PROD001176,1,79437,79437,Debit Card,paid,2026-07-08 15:11:42
ORD-C18C8AF6DF,CUST000275,SES013589,PROD001646,1,13245,13245,Debit Card,paid,2026-07-21 13:40:24
ORD-6189E8D528,CUST005088,SES013591,PROD000956,1,78263,78263,UPI,paid,2026-06-28 10:59:32
ORD-D83FDEB520,CUST006432,SES013596,PROD000127,3,91762,275286,Credit Card,paid,2026-06-29 19:25:29
ORD-4BF17F1A7A,CUST006807,SES013598,PROD000739,2,85150,170300,Credit Card,paid,2026-07-11 09:30:34
ORD-FE927DD8B7,CUST007705,SES013643,PROD000313,1,25959,25959,Wallet,paid,2026-07-05 00:49:40
ORD-94294A73A4,CUST002250,SES013649,PROD001526,3,85359,256077,UPI,paid,2026-07-04 07:43:11
ORD-F2A2C7BF7C,CUST001383,SES013650,PROD001900,3,48207,144621,Credit Card,paid,2026-07-24 22:40:35
ORD-D549C061BF,CUST007358,SES013652,PROD001129,3,55451,166353,Credit Card,paid,2026-06-26 06:47:06
ORD-3DA791BD15,CUST001847,SES013653,PROD000625,3,31706,95118,UPI,paid,2026-07-15 15:59:46
ORD-C07C3A49C7,CUST008748,SES013661,PROD001447,2,42738,85476,UPI,paid,2026-07-17 05:26:59
ORD-810C69F726,CUST007634,SES013662,PROD000821,2,24812,49624,Credit Card,paid,2026-07-10 14:02:03
ORD-D38E9C698B,CUST003294,SES013670,PROD001568,2,60718,121436,Credit Card,refunded,2026-07-07 21:51:51
ORD-EBB54A6A97,CUST000307,SES013698,PROD001418,2,44669,89338,Wallet,paid,2026-07-04 23:30:43
ORD-B0F903B7B1,CUST003327,SES013707,PROD000212,1,16369,16369,UPI,paid,2026-07-07 09:11:56
ORD-A00AFA0A39,CUST008862,SES013709,PROD000506,2,86312,172624,UPI,paid,2026-07-18 22:28:45
ORD-4B5162653D,CUST007251,SES013712,PROD001294,2,5072,10144,Wallet,paid,2026-07-06 16:52:46
ORD-73C7F4E24A,CUST005514,SES013714,PROD000306,3,60015,180045,UPI,paid,2026-07-15 02:09:43
ORD-49555EDDD0,CUST009466,SES013718,PROD000813,3,79206,237618,Cash on Delivery,paid,2026-07-20 06:02:30
ORD-38F391CDEC,CUST007873,SES013753,PROD001198,1,65446,65446,Cash on Delivery,paid,2026-06-27 18:19:01
ORD-6A03CF0953,CUST005705,SES013759,PROD001902,3,20377,61131,Debit Card,paid,2026-06-25 23:50:45
ORD-369D211671,CUST007688,SES013764,PROD001056,1,35438,35438,Credit Card,paid,2026-07-22 10:22:42
ORD-B4892AF9EA,CUST005529,SES013773,PROD001104,2,27036,54072,Credit Card,paid,2026-06-29 14:39:00
ORD-83E304C4B3,CUST003768,SES013785,PROD000829,1,72277,72277,Credit Card,paid,2026-07-08 04:06:19
ORD-066C42CF09,CUST002552,SES013788,PROD001297,2,27902,55804,UPI,paid,2026-06-30 16:30:51
ORD-409A22FA94,CUST007929,SES013789,PROD001228,1,15660,15660,Credit Card,paid,2026-07-12 11:40:49
ORD-92B58FCEAE,CUST003390,SES013792,PROD000983,1,25878,25878,Credit Card,paid,2026-07-09 12:47:01
ORD-6953692FD1,CUST002640,SES013794,PROD000729,3,17328,51984,Wallet,paid,2026-06-30 05:40:01
ORD-82AA09F809,CUST004316,SES013796,PROD000632,2,60105,120210,Wallet,cancelled,2026-07-23 09:34:00
ORD-F9377C7B98,CUST001547,SES013823,PROD000459,1,68192,68192,Wallet,paid,2026-07-14 02:54:50
ORD-EAA900E925,CUST009196,SES013830,PROD000187,2,9357,18714,Wallet,paid,2026-07-22 16:54:24
ORD-308DC11EC0,CUST005509,SES013838,PROD000093,3,18500,55500,UPI,paid,2026-07-15 09:35:48
ORD-2E65DC8690,CUST009369,SES013848,PROD000160,2,21040,42080,UPI,paid,2026-06-26 12:08:57
ORD-A50EEFB423,CUST004392,SES013863,PROD000248,3,22492,67476,Debit Card,cancelled,2026-07-11 04:11:18
ORD-32238E855F,CUST002458,SES013877,PROD001014,1,20264,20264,UPI,paid,2026-07-25 17:36:50
ORD-958089FF5F,CUST003111,SES013878,PROD000289,1,18956,18956,UPI,paid,2026-07-02 05:39:15
ORD-94CDDC8D9F,CUST002536,SES013881,PROD001432,1,93246,93246,UPI,paid,2026-07-01 05:33:55
ORD-98769236AD,CUST008406,SES013890,PROD001178,1,7099,7099,UPI,paid,2026-06-26 17:17:51
ORD-F49C511F96,CUST000897,SES013891,PROD001370,2,90304,180608,Wallet,paid,2026-07-19 01:00:39
ORD-06625FF3E5,CUST001756,SES013897,PROD000382,2,68070,136140,Credit Card,paid,2026-07-23 15:42:07
ORD-C06506882B,CUST000495,SES013902,PROD001731,3,31399,94197,UPI,paid,2026-07-01 21:08:36
ORD-A98DA8E53E,CUST005384,SES013905,PROD001971,2,69347,138694,Credit Card,paid,2026-07-16 05:44:26
ORD-F7876641AE,CUST007088,SES013920,PROD000310,3,84695,254085,Debit Card,paid,2026-07-11 13:18:00
ORD-C8DBB2B9A8,CUST001443,SES013932,PROD001987,2,37147,74294,UPI,paid,2026-07-01 18:38:09
ORD-1D12AB4634,CUST007536,SES013934,PROD001711,3,8715,26145,Debit Card,paid,2026-07-16 21:03:52
ORD-9954289FC1,CUST006284,SES013935,PROD001448,2,26437,52874,Debit Card,paid,2026-07-05 11:22:28
ORD-320A05AD12,CUST006583,SES013938,PROD000525,3,58851,176553,Debit Card,paid,2026-07-12 14:31:29
ORD-AA7A38F3FF,CUST006024,SES013947,PROD000980,3,51392,154176,UPI,paid,2026-07-17 18:00:18
ORD-FB1CF5A458,CUST001806,SES013949,PROD000860,3,59485,178455,UPI,paid,2026-07-09 12:54:24
ORD-11F3957069,CUST008998,SES013963,PROD000850,2,4494,8988,UPI,paid,2026-07-14 04:26:58
ORD-C01246F953,CUST002720,SES013967,PROD001307,1,23271,23271,Wallet,paid,2026-07-07 11:42:37
ORD-C670A85129,CUST003109,SES013971,PROD000218,2,8968,17936,UPI,cancelled,2026-07-17 08:47:21
ORD-166DE31155,CUST001442,SES013974,PROD000633,3,18951,56853,Credit Card,paid,2026-07-13 20:10:42
ORD-280682FFFD,CUST004173,SES013988,PROD000082,1,89402,89402,Cash on Delivery,paid,2026-07-22 23:46:55
ORD-5DA3AB0CD2,CUST009168,SES013995,PROD001364,2,54232,108464,Wallet,paid,2026-07-02 18:54:16
ORD-83E312644E,CUST005638,SES013999,PROD001267,2,10125,20250,Cash on Delivery,paid,2026-07-17 07:17:48
ORD-46EC5F1A29,CUST002474,SES014000,PROD001429,2,58885,117770,Cash on Delivery,paid,2026-07-19 21:39:58
ORD-76F2C7C48F,CUST004176,SES014001,PROD000509,2,50001,100002,UPI,paid,2026-07-17 16:28:24
ORD-22E4200F61,CUST002687,SES014003,PROD001311,3,85591,256773,Debit Card,paid,2026-07-06 15:21:20
ORD-B1DF26B3BA,CUST000266,SES014010,PROD000052,1,18475,18475,Wallet,paid,2026-07-10 20:20:37
ORD-71A5E17E1D,CUST006264,SES014041,PROD001254,3,39489,118467,UPI,paid,2026-07-17 03:27:51
ORD-D7C6FF18C3,CUST006869,SES014047,PROD000175,2,99173,198346,Credit Card,paid,2026-06-29 20:43:08
ORD-71A8294A55,CUST004071,SES014076,PROD001315,3,71294,213882,UPI,refunded,2026-07-12 22:52:51
ORD-A393BAEEFF,CUST008813,SES014096,PROD000597,1,47015,47015,Credit Card,paid,2026-07-13 18:50:20
ORD-BE80910080,CUST000132,SES014099,PROD001364,2,54232,108464,UPI,paid,2026-07-20 05:28:46
ORD-4E9812FFB7,CUST002609,SES014103,PROD000520,2,37962,75924,Credit Card,paid,2026-07-05 06:23:40
ORD-41321A0679,CUST009992,SES014113,PROD001021,2,92787,185574,Debit Card,paid,2026-06-30 12:26:51
ORD-A21447078E,CUST000748,SES014115,PROD001360,1,52895,52895,UPI,paid,2026-07-23 15:10:41
ORD-919EC1A10E,CUST009386,SES014119,PROD000538,1,84094,84094,Wallet,paid,2026-07-16 03:44:10
ORD-EB98C731E5,CUST009697,SES014132,PROD000254,1,21719,21719,Cash on Delivery,refunded,2026-07-11 14:09:04
ORD-52A4FC09E4,CUST001977,SES014137,PROD001860,1,23233,23233,Cash on Delivery,paid,2026-07-02 18:13:01
ORD-37E98F4EB1,CUST000688,SES014145,PROD000990,2,68833,137666,Credit Card,paid,2026-07-10 11:52:28
ORD-6A78EDE516,CUST007094,SES014150,PROD001930,1,79660,79660,UPI,paid,2026-07-08 18:52:59
ORD-8E8D956A94,CUST006514,SES014152,PROD000762,1,69109,69109,UPI,paid,2026-07-20 18:29:30
ORD-921D5548FE,CUST002833,SES014154,PROD001448,3,26437,79311,Credit Card,refunded,2026-07-20 01:59:33
ORD-DE66A09952,CUST006792,SES014155,PROD000298,1,8315,8315,UPI,paid,2026-07-16 19:35:54
ORD-3470DED754,CUST000566,SES014162,PROD001660,2,11078,22156,Credit Card,paid,2026-07-11 00:28:00
ORD-9BD17C4EB8,CUST002024,SES014166,PROD000984,1,61261,61261,Credit Card,paid,2026-07-02 01:53:35
ORD-FB0D1C8707,CUST008704,SES014180,PROD001829,3,46413,139239,UPI,refunded,2026-07-24 17:01:16
ORD-3DB876AFDB,CUST009669,SES014193,PROD001256,1,9305,9305,Wallet,paid,2026-07-20 15:16:59
ORD-2CEE920954,CUST001198,SES014220,PROD001634,1,5655,5655,Wallet,paid,2026-06-26 03:42:14
ORD-C081FE2AD1,CUST008693,SES014221,PROD001269,3,84392,253176,Debit Card,paid,2026-07-01 16:03:40
ORD-B86FF6F290,CUST008640,SES014222,PROD001660,1,11078,11078,UPI,cancelled,2026-07-10 01:22:20
ORD-60F5BCD6CC,CUST003829,SES014239,PROD000206,3,78821,236463,UPI,paid,2026-07-21 11:48:56
ORD-F1A20E1C0E,CUST005347,SES014244,PROD000343,3,25634,76902,Debit Card,paid,2026-06-27 07:28:00
ORD-F428FDE537,CUST000731,SES014245,PROD000642,3,16328,48984,Credit Card,paid,2026-06-27 11:00:12
ORD-95AC411636,CUST007306,SES014257,PROD000604,1,37721,37721,UPI,paid,2026-07-24 11:31:39
ORD-2ABACAF89A,CUST002940,SES014269,PROD001361,3,3947,11841,Cash on Delivery,paid,2026-06-26 21:43:19
ORD-40BF30B4A7,CUST002973,SES014270,PROD000497,3,81712,245136,Credit Card,paid,2026-07-08 13:07:48
ORD-AABA0EC9E9,CUST009418,SES014273,PROD001736,2,2551,5102,UPI,paid,2026-07-10 07:56:20
ORD-34ED592204,CUST000586,SES014291,PROD001690,3,30726,92178,Credit Card,paid,2026-07-20 07:28:41
ORD-2F148A6313,CUST008657,SES014296,PROD001959,1,23868,23868,UPI,paid,2026-07-10 00:58:24
ORD-4A17FC5F2A,CUST009547,SES014304,PROD000973,1,13549,13549,UPI,paid,2026-07-24 22:00:18
ORD-ADDED07B26,CUST005795,SES014305,PROD001299,1,75639,75639,Cash on Delivery,paid,2026-07-15 11:03:52
ORD-769426F37C,CUST008461,SES014308,PROD001407,2,14724,29448,UPI,paid,2026-07-17 12:34:07
ORD-50B1D0F01C,CUST002268,SES014310,PROD000322,1,83631,83631,UPI,paid,2026-07-11 13:54:26
ORD-4EB27A2436,CUST001761,SES014314,PROD000744,1,13777,13777,UPI,paid,2026-07-13 06:14:39
ORD-A1E6DCC58B,CUST007185,SES014318,PROD000873,3,84333,252999,UPI,paid,2026-07-01 05:23:19
ORD-C462B7DB62,CUST002831,SES014322,PROD001620,1,39730,39730,UPI,paid,2026-07-24 22:25:11
ORD-0118E07E4F,CUST003167,SES014330,PROD000827,2,78768,157536,Cash on Delivery,paid,2026-07-06 04:16:17
ORD-B58FE29860,CUST001256,SES014337,PROD001031,2,98285,196570,UPI,paid,2026-07-11 19:18:26
ORD-C01D26377B,CUST001517,SES014339,PROD001377,2,33225,66450,Debit Card,cancelled,2026-07-21 21:46:57
ORD-EE5752A413,CUST000414,SES014355,PROD001602,2,23847,47694,Cash on Delivery,cancelled,2026-07-02 12:27:22
ORD-6615D9A8C4,CUST003909,SES014356,PROD000850,2,4494,8988,Debit Card,paid,2026-06-30 15:03:00
ORD-80E5D7B9F1,CUST007006,SES014363,PROD000740,1,82359,82359,Cash on Delivery,paid,2026-06-30 15:18:40
ORD-BDA59613B9,CUST008375,SES014368,PROD001396,1,13214,13214,UPI,cancelled,2026-06-30 14:53:47
ORD-437C7F637A,CUST009906,SES014372,PROD001236,2,37665,75330,UPI,paid,2026-07-07 22:20:12
ORD-E0BAB25D3B,CUST008338,SES014376,PROD001356,1,79869,79869,Cash on Delivery,paid,2026-07-02 03:44:28
ORD-65CA5A0EC9,CUST005903,SES014381,PROD000216,1,98884,98884,UPI,paid,2026-07-03 20:18:31
ORD-D6219AE336,CUST000459,SES014382,PROD001180,2,3892,7784,Credit Card,refunded,2026-07-03 23:31:11
ORD-FC07B22693,CUST008340,SES014388,PROD000887,3,71443,214329,UPI,paid,2026-07-15 06:51:43
ORD-1B842C7CC8,CUST009233,SES014391,PROD001021,2,92787,185574,UPI,paid,2026-07-05 08:43:34
ORD-01ED3869D8,CUST009416,SES014407,PROD001693,1,35522,35522,UPI,paid,2026-07-24 10:45:23
ORD-436D2B6998,CUST007120,SES014418,PROD000298,1,8315,8315,UPI,paid,2026-07-21 06:39:46
ORD-5414706E35,CUST002004,SES014422,PROD000746,3,83584,250752,UPI,paid,2026-07-10 15:46:44
ORD-C10A819990,CUST007637,SES014433,PROD001844,1,24645,24645,UPI,paid,2026-07-04 16:01:57
ORD-A67CBCAC01,CUST002198,SES014442,PROD001401,3,53703,161109,Cash on Delivery,paid,2026-07-15 04:22:46
ORD-70E0C91937,CUST006925,SES014446,PROD000785,3,48617,145851,Wallet,paid,2026-07-15 15:57:36
ORD-4DDF887311,CUST004277,SES014450,PROD001320,1,20498,20498,UPI,paid,2026-07-08 08:32:14
ORD-ED968298B7,CUST004653,SES014452,PROD001894,2,39564,79128,Credit Card,paid,2026-07-03 00:11:37
ORD-EF3366C307,CUST007220,SES014461,PROD000627,1,28606,28606,Debit Card,paid,2026-07-01 12:58:03
ORD-D0A5A8B9A0,CUST003134,SES014462,PROD001732,1,33332,33332,UPI,paid,2026-07-12 07:40:45
ORD-F7B160B864,CUST003791,SES014472,PROD000797,2,71043,142086,UPI,paid,2026-07-03 10:46:06
ORD-76A0DAF4A1,CUST006201,SES014483,PROD000686,2,49688,99376,Debit Card,paid,2026-06-27 10:17:15
ORD-0FE62A0764,CUST008989,SES014484,PROD001916,1,54065,54065,UPI,paid,2026-07-15 23:52:32
ORD-5F579A174E,CUST002987,SES014485,PROD000339,1,59487,59487,Credit Card,paid,2026-07-18 09:17:16
ORD-609059520C,CUST002096,SES014507,PROD001645,3,13666,40998,Debit Card,paid,2026-07-08 06:11:13
ORD-5D66FFCD79,CUST009578,SES014522,PROD001592,1,3984,3984,Credit Card,paid,2026-07-09 11:25:27
ORD-0E56F87625,CUST004414,SES014525,PROD000616,3,69001,207003,Credit Card,paid,2026-07-25 15:21:09
ORD-5C81F20185,CUST005908,SES014527,PROD000422,3,78921,236763,UPI,paid,2026-07-16 03:52:39
ORD-6D35EFE2FF,CUST005979,SES014528,PROD001364,2,54232,108464,Credit Card,paid,2026-07-01 08:30:24
ORD-CFA1E1D0BB,CUST003927,SES014534,PROD000354,2,68533,137066,Credit Card,paid,2026-07-12 12:20:21
ORD-A462129C5A,CUST006448,SES014535,PROD001604,2,4120,8240,UPI,paid,2026-06-30 16:02:56
ORD-F86D3433CF,CUST009263,SES014540,PROD001146,1,32681,32681,UPI,paid,2026-07-15 02:23:10
ORD-A982C975D8,CUST002068,SES014553,PROD001124,1,53823,53823,UPI,paid,2026-07-20 11:07:13
ORD-7767589F5C,CUST005840,SES014554,PROD000499,3,67723,203169,UPI,paid,2026-06-30 17:24:59
ORD-86E47D7C34,CUST002694,SES014555,PROD001183,2,92814,185628,Credit Card,paid,2026-07-14 09:41:08
ORD-F61272725A,CUST007112,SES014559,PROD001866,3,55062,165186,Cash on Delivery,cancelled,2026-07-15 18:59:35
ORD-2491E0B090,CUST002286,SES014561,PROD001010,1,69165,69165,UPI,paid,2026-07-18 18:33:51
ORD-20BB5BD474,CUST008625,SES014573,PROD001652,1,63704,63704,Credit Card,paid,2026-07-09 08:35:07
ORD-0F1CADB50B,CUST009523,SES014577,PROD001613,3,54604,163812,Credit Card,paid,2026-07-24 21:32:50
ORD-DB3ECDF86C,CUST000260,SES014578,PROD000549,3,29300,87900,Debit Card,refunded,2026-07-02 20:11:15
ORD-836512BEE0,CUST001871,SES014580,PROD001469,3,20235,60705,UPI,cancelled,2026-07-01 08:41:56
ORD-72E0046168,CUST000807,SES014588,PROD001058,2,14540,29080,UPI,paid,2026-07-01 23:06:21
ORD-1B9D033D40,CUST006872,SES014589,PROD001298,3,77353,232059,Debit Card,paid,2026-07-16 12:04:37
ORD-D4743EB334,CUST002395,SES014590,PROD000380,2,82164,164328,Debit Card,paid,2026-07-24 04:06:41
ORD-793E7259A9,CUST008947,SES014592,PROD001913,2,15068,30136,UPI,paid,2026-07-16 19:54:03
ORD-584D215D00,CUST007185,SES014594,PROD000738,2,35565,71130,Debit Card,paid,2026-07-19 20:35:55
ORD-982CE56162,CUST000766,SES014597,PROD000269,2,90128,180256,Credit Card,paid,2026-06-28 11:46:44
ORD-10D97BEE03,CUST000163,SES014599,PROD000098,3,98871,296613,Debit Card,paid,2026-07-15 08:46:33
ORD-B75A4916AC,CUST007523,SES014600,PROD000960,1,56014,56014,Wallet,paid,2026-06-26 11:27:14
ORD-2DAFE2E1FD,CUST005243,SES014606,PROD000034,3,90741,272223,UPI,refunded,2026-07-08 18:13:50
ORD-B5BA476E1B,CUST006853,SES014613,PROD001177,3,12414,37242,UPI,paid,2026-07-06 01:53:10
ORD-65CCFD28A8,CUST001962,SES014626,PROD000312,2,81882,163764,Credit Card,paid,2026-07-16 18:29:55
ORD-87664F2CA0,CUST006357,SES014632,PROD001346,3,59838,179514,UPI,cancelled,2026-07-08 01:21:19
ORD-29D91C3466,CUST008383,SES014634,PROD001957,1,19595,19595,Debit Card,paid,2026-07-08 06:52:00
ORD-4B248908B1,CUST003767,SES014637,PROD000039,1,82915,82915,Wallet,paid,2026-07-13 11:07:17
ORD-DFAB72A65A,CUST005689,SES014646,PROD001240,1,83929,83929,Credit Card,paid,2026-07-12 10:38:41
ORD-E942049F3D,CUST000776,SES014648,PROD000700,1,96165,96165,Debit Card,paid,2026-07-12 01:51:42
ORD-5044880A22,CUST007636,SES014649,PROD001749,2,44325,88650,UPI,paid,2026-07-01 20:34:29
ORD-868725CB47,CUST003919,SES014661,PROD000382,1,68070,68070,Credit Card,refunded,2026-07-12 06:12:56
ORD-7EF2CD781D,CUST009225,SES014672,PROD001331,3,40788,122364,Cash on Delivery,paid,2026-07-10 22:43:05
ORD-8A8799F52F,CUST009096,SES014676,PROD001753,3,48150,144450,Debit Card,paid,2026-07-14 11:37:37
ORD-0915E3DDEF,CUST005376,SES014682,PROD000974,3,48254,144762,Debit Card,paid,2026-07-13 00:06:24
ORD-8BE8CB8D7D,CUST001928,SES014684,PROD000044,2,75205,150410,UPI,paid,2026-07-22 07:09:12
ORD-FE66EB8BA9,CUST002417,SES014688,PROD001975,2,66265,132530,Cash on Delivery,paid,2026-07-17 01:05:12
ORD-84C8ABD272,CUST004630,SES014691,PROD000510,1,3313,3313,UPI,paid,2026-07-12 09:08:12
ORD-D7B8A68A70,CUST006983,SES014692,PROD001298,3,77353,232059,UPI,paid,2026-07-24 22:11:06
ORD-F103F060C4,CUST004443,SES014695,PROD001460,2,61518,123036,UPI,paid,2026-07-02 06:22:54
ORD-95603AA529,CUST007240,SES014704,PROD000308,1,47429,47429,Credit Card,cancelled,2026-07-24 21:28:44
ORD-FF328D1A59,CUST006670,SES014717,PROD000280,1,65439,65439,UPI,paid,2026-07-14 02:32:29
ORD-9CDDDF3BE9,CUST007007,SES014718,PROD000667,2,12556,25112,UPI,paid,2026-07-05 06:24:51
ORD-6FC4BCBDB2,CUST000026,SES014736,PROD000431,1,58402,58402,Debit Card,cancelled,2026-07-03 01:27:10
ORD-A775DA6DE4,CUST004483,SES014748,PROD000736,1,80963,80963,UPI,paid,2026-07-03 11:50:15
ORD-9564958F44,CUST002534,SES014751,PROD001992,3,72935,218805,Debit Card,cancelled,2026-07-18 04:49:56
ORD-BC02966FFF,CUST003351,SES014753,PROD001691,2,11943,23886,UPI,paid,2026-07-16 08:55:38
ORD-7D223AB117,CUST004973,SES014757,PROD001484,2,16303,32606,UPI,paid,2026-07-21 15:04:02
ORD-3E49E183DB,CUST006198,SES014760,PROD001287,1,75018,75018,UPI,paid,2026-07-25 19:49:37
ORD-B420BC15E1,CUST007593,SES014776,PROD000163,3,81195,243585,UPI,paid,2026-07-02 09:10:02
ORD-A964FD03D6,CUST000990,SES014782,PROD001982,3,8607,25821,UPI,paid,2026-07-18 14:19:05
ORD-F60D94083D,CUST008184,SES014786,PROD000851,2,64936,129872,UPI,cancelled,2026-07-04 12:37:22
ORD-2B7B8122FB,CUST007632,SES014787,PROD000423,2,97596,195192,UPI,paid,2026-07-22 10:56:05
ORD-C5D67F8E81,CUST001817,SES014793,PROD001670,2,12377,24754,Credit Card,cancelled,2026-07-05 09:02:58
ORD-334C32A803,CUST000041,SES014795,PROD000467,2,87919,175838,UPI,paid,2026-07-22 18:11:54
ORD-6E5A680446,CUST004053,SES014818,PROD000975,3,74671,224013,UPI,paid,2026-07-23 23:31:12
ORD-C70FFAE2E6,CUST009974,SES014824,PROD001497,1,2965,2965,Wallet,paid,2026-07-23 05:11:58
ORD-ABA672C016,CUST003839,SES014828,PROD001267,1,10125,10125,Wallet,paid,2026-07-10 19:50:36
ORD-25E0A59E4B,CUST000226,SES014840,PROD000780,2,87612,175224,Credit Card,paid,2026-07-11 11:52:16
ORD-63D6758CB2,CUST000338,SES014842,PROD001410,3,1833,5499,Debit Card,paid,2026-07-07 00:32:32
ORD-B3D2C3F988,CUST005132,SES014847,PROD001760,2,21195,42390,Credit Card,paid,2026-07-23 04:09:22
ORD-BC054ED5B6,CUST006695,SES014854,PROD001804,3,7156,21468,Debit Card,paid,2026-07-06 20:48:34
ORD-E890F097A6,CUST005352,SES014867,PROD000559,2,46852,93704,Wallet,cancelled,2026-07-06 19:18:46
ORD-6EC510FAF4,CUST009493,SES014869,PROD000150,3,29648,88944,Wallet,paid,2026-07-12 03:53:23
ORD-C05BFBEF94,CUST001376,SES014872,PROD001971,1,69347,69347,Credit Card,paid,2026-07-21 19:41:05
ORD-52A5A9D910,CUST009160,SES014879,PROD000629,3,40086,120258,UPI,cancelled,2026-06-26 19:40:46
ORD-820D3C8569,CUST003407,SES014896,PROD001066,1,61725,61725,Wallet,paid,2026-07-13 05:34:39
ORD-DEEBBBAA1E,CUST004061,SES014902,PROD001202,1,76567,76567,UPI,paid,2026-07-16 23:44:14
ORD-B167D74682,CUST000114,SES014904,PROD001474,3,96987,290961,UPI,cancelled,2026-07-24 00:38:10
ORD-28B5177ED7,CUST008287,SES014910,PROD000560,1,81912,81912,UPI,paid,2026-07-23 21:02:49
ORD-4E8FB6ADC7,CUST009556,SES014929,PROD000913,3,8742,26226,UPI,paid,2026-06-27 20:18:08
ORD-C2E6DB8C3E,CUST000974,SES014940,PROD000400,2,82633,165266,UPI,paid,2026-07-16 17:40:25
ORD-17E5B1C1C8,CUST005861,SES014948,PROD001282,3,48652,145956,Debit Card,refunded,2026-07-11 14:27:58
ORD-FE60C4E502,CUST002729,SES014951,PROD000353,2,12706,25412,UPI,paid,2026-07-04 14:17:10
ORD-C693972619,CUST007132,SES014961,PROD000821,1,24812,24812,Cash on Delivery,paid,2026-07-20 10:38:37
ORD-EFD92E4FEB,CUST007777,SES014962,PROD000827,3,78768,236304,UPI,paid,2026-07-03 19:52:13
ORD-2610312F36,CUST000862,SES014976,PROD000133,3,17079,51237,Debit Card,paid,2026-07-17 10:21:45
ORD-64DA7F520E,CUST005298,SES014981,PROD001719,2,63252,126504,UPI,paid,2026-06-29 06:59:41
ORD-CC4C3C492C,CUST009582,SES014994,PROD000376,2,58823,117646,UPI,paid,2026-07-22 01:30:08
ORD-C24A251740,CUST000710,SES014996,PROD001248,2,55874,111748,Cash on Delivery,paid,2026-07-10 23:45:08
ORD-5ADC1C8E2C,CUST001721,SES015002,PROD000948,3,64959,194877,UPI,paid,2026-07-21 13:10:57
ORD-B942042A08,CUST007273,SES015009,PROD000433,2,15634,31268,UPI,paid,2026-07-15 16:16:37
ORD-9643BAC794,CUST001896,SES015013,PROD001957,1,19595,19595,UPI,paid,2026-07-15 16:15:35
ORD-AD8A7668F1,CUST007829,SES015014,PROD000182,3,80396,241188,Cash on Delivery,paid,2026-07-08 13:44:20
ORD-B7A25BEB8B,CUST003556,SES015015,PROD001845,3,28043,84129,Debit Card,paid,2026-07-19 09:16:30
ORD-180E86657D,CUST005759,SES015030,PROD000184,3,40897,122691,UPI,paid,2026-07-03 04:47:19
ORD-61A6B49EDC,CUST001753,SES015033,PROD000953,1,76969,76969,Debit Card,paid,2026-07-11 02:47:38
ORD-B28D5318E9,CUST007110,SES015039,PROD001552,2,44124,88248,UPI,paid,2026-07-07 13:31:10
ORD-C5875DF3FC,CUST004430,SES015040,PROD000829,3,72277,216831,UPI,paid,2026-07-25 02:43:15
ORD-DAFA7E799A,CUST003540,SES015041,PROD000186,3,12786,38358,Cash on Delivery,paid,2026-06-29 15:56:29
ORD-30D6C791B3,CUST004338,SES015047,PROD001092,2,47383,94766,UPI,paid,2026-07-22 00:28:22
ORD-CB55DFCE5D,CUST009366,SES015053,PROD000215,1,86329,86329,Credit Card,paid,2026-06-28 20:12:21
ORD-53755FD9DB,CUST000180,SES015059,PROD001763,2,47449,94898,UPI,paid,2026-07-02 17:11:09
ORD-F4203DBB33,CUST006847,SES015060,PROD001705,3,61919,185757,Cash on Delivery,paid,2026-07-10 19:02:25
ORD-0E82AA70EC,CUST002711,SES015072,PROD001301,3,50249,150747,Wallet,paid,2026-07-22 15:41:22
ORD-280A62791C,CUST008896,SES015090,PROD001328,3,67905,203715,UPI,paid,2026-07-14 04:21:34
ORD-969859BAAA,CUST005552,SES015102,PROD001599,1,8783,8783,UPI,paid,2026-07-03 00:56:54
ORD-8516D38167,CUST009071,SES015109,PROD000387,1,74424,74424,Wallet,paid,2026-06-28 02:34:58
ORD-450C886267,CUST003004,SES015113,PROD001637,2,8829,17658,Credit Card,paid,2026-07-20 20:24:26
ORD-8A90C76162,CUST000404,SES015119,PROD001122,1,40374,40374,Credit Card,paid,2026-06-30 18:06:56
ORD-F12F40AA27,CUST002055,SES015121,PROD000481,2,55850,111700,Debit Card,paid,2026-07-08 18:40:50
ORD-713E24A8EA,CUST000104,SES015122,PROD000881,3,75805,227415,Credit Card,paid,2026-07-17 22:06:47
ORD-EA146BC73B,CUST009788,SES015134,PROD001604,2,4120,8240,UPI,paid,2026-07-10 03:04:48
ORD-09A0ABC667,CUST001424,SES015139,PROD000316,1,24126,24126,UPI,paid,2026-07-18 09:20:32
ORD-3D36D07460,CUST004200,SES015153,PROD001263,1,36439,36439,Cash on Delivery,paid,2026-07-16 01:25:12
ORD-1FB5E6099F,CUST001904,SES015156,PROD001307,2,23271,46542,Wallet,paid,2026-07-13 06:53:32
ORD-A71CEFAE6A,CUST009745,SES015157,PROD001548,1,72220,72220,Credit Card,paid,2026-07-01 05:27:50
ORD-85AADEBF6C,CUST007989,SES015163,PROD000314,2,4324,8648,Wallet,paid,2026-07-19 02:56:23
ORD-9D45CAD131,CUST006906,SES015169,PROD001207,2,95915,191830,UPI,paid,2026-06-28 00:09:16
ORD-959FB223BE,CUST005931,SES015176,PROD000962,1,84028,84028,Cash on Delivery,paid,2026-07-05 22:46:03
ORD-02234852B0,CUST004661,SES015180,PROD000566,1,13827,13827,Cash on Delivery,paid,2026-07-16 20:18:59
ORD-350881BB84,CUST009024,SES015196,PROD001864,3,16340,49020,UPI,paid,2026-07-13 09:20:25
ORD-DB835D7E35,CUST004755,SES015217,PROD001324,2,97048,194096,UPI,paid,2026-06-28 12:42:04
ORD-3CFFCA8076,CUST001893,SES015224,PROD001601,2,58442,116884,UPI,paid,2026-07-20 08:43:23
ORD-E5EC689888,CUST001601,SES015234,PROD000195,1,8027,8027,UPI,paid,2026-07-08 19:20:35
ORD-20523A8239,CUST006125,SES015238,PROD001407,3,14724,44172,Cash on Delivery,refunded,2026-06-28 09:56:38
ORD-A4C79C3EBE,CUST005668,SES015241,PROD001088,3,86017,258051,Wallet,paid,2026-07-14 12:21:27
ORD-88B014E4EB,CUST005739,SES015247,PROD001802,1,19328,19328,Cash on Delivery,paid,2026-07-16 06:42:34
ORD-89B0B209D7,CUST002652,SES015248,PROD000745,2,76285,152570,UPI,paid,2026-06-30 22:14:37
ORD-57847575B5,CUST004006,SES015252,PROD001867,2,48720,97440,UPI,refunded,2026-07-05 12:15:41
ORD-1F456D0C17,CUST009322,SES015261,PROD000475,2,88360,176720,UPI,paid,2026-07-13 13:26:27
ORD-162032D296,CUST000217,SES015266,PROD000788,3,80559,241677,Debit Card,paid,2026-07-18 15:12:24
ORD-8BCAA8288A,CUST004849,SES015267,PROD001304,2,54538,109076,UPI,refunded,2026-07-16 11:25:48
ORD-F48E701911,CUST006960,SES015272,PROD000810,2,7560,15120,Debit Card,paid,2026-07-21 04:46:29
ORD-2FA1F0A85E,CUST001334,SES015282,PROD000243,1,31981,31981,Wallet,paid,2026-06-27 11:29:43
ORD-266B2B76AC,CUST006355,SES015284,PROD001374,2,71733,143466,UPI,paid,2026-07-03 15:03:28
ORD-0E12A51987,CUST009459,SES015285,PROD001635,1,11600,11600,Cash on Delivery,paid,2026-07-16 03:15:01
ORD-CA1E28E821,CUST003750,SES015286,PROD000521,2,19731,39462,Cash on Delivery,cancelled,2026-06-29 09:57:54
ORD-1DDDA933C5,CUST008553,SES015295,PROD001022,1,41924,41924,Debit Card,paid,2026-06-26 18:17:09
ORD-B65B7E4A31,CUST001825,SES015300,PROD000819,1,86419,86419,UPI,paid,2026-07-23 15:10:49
ORD-31FBF55464,CUST001026,SES015302,PROD000318,3,9611,28833,UPI,paid,2026-06-28 23:42:29
ORD-F1D6FF5A3A,CUST004585,SES015315,PROD000518,3,66393,199179,UPI,cancelled,2026-07-07 11:06:36
ORD-02E45A1361,CUST002812,SES015321,PROD000669,2,89211,178422,UPI,paid,2026-07-11 11:15:55
ORD-50CC8A4651,CUST005578,SES015323,PROD000691,1,42406,42406,Credit Card,paid,2026-07-09 09:58:18
ORD-2CAE9B49F2,CUST002326,SES015355,PROD001450,1,80566,80566,UPI,paid,2026-07-16 09:41:11
ORD-6C6A95919E,CUST008764,SES015357,PROD001503,2,24949,49898,UPI,paid,2026-07-01 03:52:47
ORD-68D1B32859,CUST005362,SES015358,PROD000049,2,43039,86078,Debit Card,refunded,2026-07-20 15:43:44
ORD-FC926857F2,CUST005887,SES015360,PROD000126,2,39662,79324,Cash on Delivery,paid,2026-07-14 04:13:31
ORD-700C7E41E3,CUST008564,SES015369,PROD001526,2,85359,170718,UPI,paid,2026-07-07 05:50:45
ORD-C66908239F,CUST000955,SES015371,PROD000635,2,16267,32534,UPI,paid,2026-07-15 11:04:47
ORD-97B792287F,CUST001356,SES015377,PROD000277,2,17637,35274,UPI,paid,2026-06-26 19:22:23
ORD-98D7FAC277,CUST007689,SES015381,PROD000690,2,628,1256,UPI,paid,2026-07-17 21:19:57
ORD-92DC8B4596,CUST009261,SES015385,PROD001238,3,32748,98244,Debit Card,refunded,2026-07-10 13:43:37
ORD-F0385DE60D,CUST003905,SES015386,PROD000606,3,71171,213513,Wallet,paid,2026-07-01 12:20:43
ORD-D596414674,CUST005998,SES015388,PROD000578,2,48575,97150,Credit Card,paid,2026-07-18 05:02:19
ORD-925530F662,CUST004513,SES015390,PROD000008,1,30294,30294,Debit Card,paid,2026-07-02 00:59:34
ORD-663CCBC5C3,CUST007955,SES015397,PROD001154,2,82133,164266,Credit Card,paid,2026-07-19 15:10:16
ORD-71C058F383,CUST009275,SES015398,PROD000114,1,32380,32380,UPI,cancelled,2026-06-28 08:09:23
ORD-D32E802995,CUST003596,SES015399,PROD000192,3,84558,253674,Debit Card,paid,2026-07-20 15:40:12
ORD-B0C8BD8A91,CUST002415,SES015401,PROD001272,1,24663,24663,Debit Card,paid,2026-07-02 23:03:37
ORD-24F9D0B480,CUST002526,SES015406,PROD001550,2,14396,28792,Debit Card,paid,2026-06-28 01:45:06
ORD-A0F57BF9F7,CUST005719,SES015415,PROD000795,1,46177,46177,UPI,paid,2026-07-24 10:22:46
ORD-0F40733B3A,CUST001885,SES015423,PROD001526,3,85359,256077,Credit Card,paid,2026-07-22 15:57:19
ORD-88AE19C408,CUST005312,SES015427,PROD000222,3,21630,64890,Credit Card,paid,2026-06-26 09:55:05
ORD-89AB953B79,CUST001059,SES015438,PROD001093,1,27182,27182,Wallet,paid,2026-06-29 09:41:45
ORD-41D66DA7E4,CUST006232,SES015440,PROD000314,1,4324,4324,Credit Card,paid,2026-07-04 23:10:28
ORD-F64FED95E7,CUST008422,SES015441,PROD000394,2,31807,63614,Debit Card,paid,2026-07-02 17:38:14
ORD-08C3123892,CUST008689,SES015446,PROD000745,3,76285,228855,UPI,paid,2026-07-06 11:36:48
ORD-9D5B2053EB,CUST007198,SES015447,PROD001968,1,16568,16568,Credit Card,refunded,2026-07-21 16:53:54
ORD-473B95E865,CUST003421,SES015448,PROD001964,2,72070,144140,UPI,paid,2026-07-07 15:34:41
ORD-6C5C51F482,CUST001199,SES015451,PROD000515,1,27814,27814,UPI,paid,2026-06-29 14:52:00
ORD-D6B9C1438B,CUST003416,SES015469,PROD000975,1,74671,74671,Wallet,paid,2026-07-05 10:34:56
ORD-93C7E4E04F,CUST004731,SES015473,PROD001445,1,2673,2673,UPI,paid,2026-07-02 05:33:03
ORD-6B92809B84,CUST009673,SES015486,PROD001152,1,48173,48173,UPI,paid,2026-07-09 01:50:01
ORD-D680A173E3,CUST005112,SES015488,PROD001754,1,50376,50376,Debit Card,paid,2026-07-12 07:35:36
ORD-D1623C69F1,CUST004285,SES015490,PROD000450,2,49479,98958,Credit Card,paid,2026-07-15 21:07:17
ORD-F5190643BE,CUST001964,SES015495,PROD000454,3,2831,8493,UPI,refunded,2026-06-28 08:36:02
ORD-DF670AA775,CUST000200,SES015498,PROD000769,3,39705,119115,Credit Card,paid,2026-07-15 16:13:00
ORD-948756F772,CUST006949,SES015504,PROD000315,1,19799,19799,Credit Card,cancelled,2026-07-11 11:03:43
ORD-A82436DA37,CUST005275,SES015517,PROD001896,1,24237,24237,UPI,paid,2026-07-04 22:42:53
ORD-00A9CD7513,CUST004627,SES015520,PROD000031,2,42712,85424,Credit Card,paid,2026-07-22 05:46:36
ORD-C201CC9C8A,CUST006473,SES015521,PROD000940,3,14234,42702,UPI,refunded,2026-06-26 04:13:50
ORD-A2B9CB19AE,CUST007681,SES015532,PROD000176,1,77394,77394,Cash on Delivery,paid,2026-06-29 21:44:04
ORD-64B531BA55,CUST003432,SES015545,PROD001939,3,91551,274653,UPI,paid,2026-07-14 03:16:31
ORD-2A6FB10F97,CUST001752,SES015546,PROD001549,3,69367,208101,UPI,paid,2026-07-14 10:00:47
ORD-C08A3AB101,CUST007550,SES015552,PROD000045,3,84527,253581,Wallet,paid,2026-07-21 06:33:27
ORD-D42FD6026F,CUST001564,SES015559,PROD000439,1,3060,3060,Credit Card,paid,2026-07-24 09:13:46
ORD-80DA06DD77,CUST000539,SES015587,PROD000714,2,37942,75884,UPI,paid,2026-07-24 16:35:16
ORD-E1DBF792B6,CUST003234,SES015589,PROD000955,3,56690,170070,UPI,paid,2026-07-09 21:14:40
ORD-CA36C4F959,CUST002981,SES015591,PROD001487,1,39739,39739,Wallet,paid,2026-07-01 18:53:06
ORD-57A74F5D93,CUST000305,SES015592,PROD000101,3,97005,291015,Credit Card,paid,2026-06-25 23:09:12
ORD-710DD73DF9,CUST001283,SES015599,PROD001634,2,5655,11310,Debit Card,paid,2026-07-04 02:47:47
ORD-68E954C4BC,CUST001183,SES015608,PROD000937,2,28597,57194,Wallet,paid,2026-06-27 17:51:55
ORD-0451287BBA,CUST009582,SES015611,PROD000628,2,5464,10928,UPI,paid,2026-07-11 20:14:40
ORD-963CFBC070,CUST001359,SES015614,PROD001782,1,32728,32728,Wallet,paid,2026-07-19 06:43:46
ORD-EA399DFBD5,CUST006305,SES015616,PROD000508,2,53698,107396,Cash on Delivery,paid,2026-07-18 22:50:45
ORD-A53719EAD0,CUST008854,SES015617,PROD001710,2,38572,77144,UPI,paid,2026-07-09 22:09:39
ORD-B469A2D6C6,CUST005776,SES015621,PROD000221,2,25227,50454,Credit Card,paid,2026-07-12 13:32:57
ORD-27D3373C00,CUST005374,SES015631,PROD001468,2,2866,5732,UPI,paid,2026-07-11 21:52:35
ORD-510DF4D2D4,CUST000470,SES015634,PROD001680,1,64003,64003,UPI,refunded,2026-07-20 12:54:59
ORD-50CDE27F51,CUST007837,SES015637,PROD001071,3,20172,60516,UPI,paid,2026-07-16 14:46:46
ORD-DE42736ECC,CUST001108,SES015649,PROD001843,3,26181,78543,Credit Card,paid,2026-07-13 06:49:38
ORD-7EB97D58B3,CUST000564,SES015681,PROD001403,2,22582,45164,Debit Card,paid,2026-07-19 04:15:39
ORD-449DEDC6AC,CUST003349,SES015693,PROD001909,1,50234,50234,Debit Card,paid,2026-07-03 02:39:59
ORD-5DB62C3AFE,CUST009882,SES015705,PROD001240,1,83929,83929,UPI,paid,2026-07-16 07:44:16
ORD-06923F5BAF,CUST007001,SES015707,PROD000748,3,46948,140844,Credit Card,paid,2026-07-15 17:56:16
ORD-55152C1743,CUST004135,SES015710,PROD000873,1,84333,84333,UPI,paid,2026-07-13 14:50:37
ORD-A53895F560,CUST003062,SES015711,PROD000861,3,81351,244053,UPI,paid,2026-07-08 22:55:53
ORD-A6A6C4F96B,CUST009586,SES015724,PROD000836,2,45882,91764,UPI,refunded,2026-07-15 08:05:43
ORD-F0A9BF30C6,CUST000242,SES015744,PROD001643,1,30366,30366,Credit Card,paid,2026-07-10 00:20:26
ORD-C0662A6A42,CUST001992,SES015749,PROD000928,2,295,590,Credit Card,paid,2026-06-29 19:55:00
ORD-70155DB666,CUST001965,SES015757,PROD001295,1,716,716,UPI,paid,2026-07-10 14:00:16
ORD-F26F362584,CUST001848,SES015770,PROD001701,1,38036,38036,Debit Card,refunded,2026-07-03 18:00:37
ORD-31A135ED9B,CUST002999,SES015788,PROD001013,2,21947,43894,UPI,paid,2026-07-07 04:01:38
ORD-D0AEC59E21,CUST009811,SES015792,PROD001516,1,28524,28524,Debit Card,paid,2026-07-16 12:30:09
ORD-213EF3DB29,CUST000250,SES015796,PROD000689,1,42068,42068,UPI,paid,2026-07-02 05:31:47
ORD-3AEAECBB46,CUST008926,SES015818,PROD000687,1,65896,65896,UPI,paid,2026-07-21 02:01:44
ORD-7760B85EA2,CUST004424,SES015822,PROD000964,2,6279,12558,UPI,paid,2026-07-01 16:38:29
ORD-BAA2920C6B,CUST002087,SES015825,PROD000764,1,74926,74926,UPI,paid,2026-07-10 03:50:08
ORD-E4B74D4899,CUST008310,SES015833,PROD000332,3,37410,112230,Wallet,paid,2026-06-29 04:53:44
ORD-E73AE83774,CUST008849,SES015849,PROD001315,3,71294,213882,UPI,paid,2026-07-22 15:46:57
ORD-D3F6910504,CUST005247,SES015851,PROD001230,2,73664,147328,Debit Card,paid,2026-07-25 07:57:05
ORD-253240B2BD,CUST003737,SES015854,PROD001017,2,70162,140324,Credit Card,paid,2026-06-27 19:30:33
ORD-BB67BB18F0,CUST008605,SES015857,PROD001430,2,7319,14638,Debit Card,paid,2026-07-03 10:34:25
ORD-1AEE3426E0,CUST001103,SES015873,PROD000765,3,78008,234024,UPI,paid,2026-07-22 18:08:46
ORD-642DED431F,CUST000918,SES015881,PROD000749,3,58826,176478,Wallet,paid,2026-07-11 11:36:56
ORD-9C4728AC66,CUST007449,SES015888,PROD000911,2,93687,187374,UPI,paid,2026-07-17 16:29:14
ORD-6589D23053,CUST004009,SES015889,PROD000305,2,18176,36352,UPI,paid,2026-07-22 13:00:53
ORD-46EEE38A87,CUST006488,SES015890,PROD001691,2,11943,23886,UPI,refunded,2026-06-27 07:23:18
ORD-41CC5FE29B,CUST007732,SES015897,PROD000756,1,53814,53814,UPI,paid,2026-07-16 00:53:41
ORD-54834B53A2,CUST008057,SES015900,PROD001026,1,9636,9636,UPI,paid,2026-06-27 05:30:02
ORD-5E633ADB98,CUST000704,SES015902,PROD000794,3,67372,202116,Debit Card,paid,2026-07-16 17:17:38
ORD-B0DBB457E3,CUST004786,SES015911,PROD001326,3,81001,243003,UPI,paid,2026-07-02 02:21:21
ORD-82D033A663,CUST003613,SES015945,PROD000774,1,41936,41936,Debit Card,paid,2026-07-24 10:55:03
ORD-6AB06C54AA,CUST001933,SES015947,PROD001164,3,21277,63831,UPI,paid,2026-07-04 22:32:18
ORD-04128CA9A4,CUST001065,SES015948,PROD000516,1,24173,24173,UPI,paid,2026-07-22 17:28:06
ORD-3483FC9349,CUST004547,SES015955,PROD000097,1,90208,90208,UPI,paid,2026-07-01 10:48:34
ORD-D9B98C3D2F,CUST003660,SES015960,PROD001095,2,2268,4536,Credit Card,cancelled,2026-07-16 14:39:34
ORD-93FF3530CC,CUST001965,SES015966,PROD001747,2,19953,39906,UPI,paid,2026-07-15 01:31:34
ORD-D6E788E3F2,CUST007720,SES015978,PROD001257,3,52531,157593,Credit Card,paid,2026-07-15 04:53:55
ORD-DFEF8A27A2,CUST007414,SES015979,PROD001237,3,62933,188799,UPI,paid,2026-07-25 10:28:07
ORD-0363755896,CUST000144,SES015985,PROD000358,1,2734,2734,Cash on Delivery,cancelled,2026-07-02 12:09:48
ORD-E72636D861,CUST002371,SES015988,PROD001079,1,35594,35594,Cash on Delivery,refunded,2026-07-12 03:39:27
ORD-2DD2A53267,CUST000849,SES015994,PROD000260,1,86931,86931,Debit Card,paid,2026-07-06 11:54:27
ORD-3F40D7F99D,CUST008513,SES015997,PROD000009,3,7559,22677,UPI,paid,2026-07-18 09:19:32
ORD-E87553D7FF,CUST008876,SES015999,PROD001578,3,67109,201327,Debit Card,paid,2026-07-06 04:32:06
ORD-A9CE4CC508,CUST009062,SES016000,PROD001312,1,37313,37313,UPI,paid,2026-06-30 12:31:47
ORD-9FB5489A18,CUST005611,SES016002,PROD000844,3,63239,189717,Credit Card,paid,2026-07-05 17:40:32
ORD-E9961ECAFC,CUST001704,SES016010,PROD001733,2,51279,102558,Credit Card,paid,2026-07-18 00:03:40
ORD-2A41AF59E5,CUST003159,SES016011,PROD000275,2,2147,4294,UPI,cancelled,2026-07-01 00:49:23
ORD-2D7D60CC3D,CUST005930,SES016014,PROD000676,1,11603,11603,UPI,refunded,2026-06-27 17:06:25
ORD-FD0B0B45F9,CUST009600,SES016015,PROD001237,1,62933,62933,UPI,paid,2026-07-02 03:43:53
ORD-ACAD78E311,CUST007328,SES016022,PROD001457,2,88529,177058,UPI,paid,2026-07-18 12:05:54
ORD-A89BE92B00,CUST009787,SES016026,PROD000496,3,53326,159978,Credit Card,paid,2026-07-09 03:57:23
ORD-FE09C579D5,CUST007651,SES016032,PROD001056,1,35438,35438,Credit Card,refunded,2026-07-11 23:56:41
ORD-AA6136090F,CUST006153,SES016035,PROD001177,2,12414,24828,Debit Card,paid,2026-07-12 09:25:27
ORD-38C7E9416B,CUST002819,SES016048,PROD001823,3,10535,31605,UPI,refunded,2026-07-10 16:46:25
ORD-5F3DC3A9F8,CUST000301,SES016050,PROD001126,2,32986,65972,UPI,paid,2026-06-30 20:39:12
ORD-1F78362FEE,CUST007810,SES016056,PROD000129,2,23845,47690,UPI,paid,2026-07-01 04:59:38
ORD-629AAA5DB3,CUST008980,SES016059,PROD001172,1,54745,54745,UPI,paid,2026-07-06 03:02:40
ORD-63DC5A931E,CUST002177,SES016065,PROD001576,1,37291,37291,UPI,paid,2026-07-11 02:42:55
ORD-3E216CD891,CUST008676,SES016066,PROD000923,3,88374,265122,Credit Card,paid,2026-07-11 14:26:34
ORD-75FFF54899,CUST000199,SES016069,PROD000228,2,75756,151512,UPI,paid,2026-07-04 23:40:50
ORD-82255918D2,CUST000097,SES016090,PROD000859,3,69942,209826,Debit Card,paid,2026-07-13 15:19:26
ORD-C9FB4E96BB,CUST009429,SES016101,PROD000725,3,48089,144267,Debit Card,paid,2026-07-01 18:40:18
ORD-8892B77A86,CUST002332,SES016114,PROD001054,1,63049,63049,Credit Card,paid,2026-06-30 13:04:50
ORD-DBF6F44C4C,CUST000081,SES016121,PROD000672,3,6494,19482,Wallet,paid,2026-07-16 17:34:42
ORD-752604E623,CUST007310,SES016125,PROD000167,3,67161,201483,Cash on Delivery,paid,2026-07-04 09:13:05
ORD-652AAFA1AE,CUST002243,SES016128,PROD000804,1,22240,22240,UPI,refunded,2026-07-19 12:17:09
ORD-3943DCDFCA,CUST001966,SES016131,PROD001929,2,62325,124650,Credit Card,paid,2026-07-13 14:25:40
ORD-B6B61849BD,CUST003612,SES016134,PROD000753,3,65129,195387,UPI,paid,2026-06-28 21:30:48
ORD-E36A45BCF2,CUST009332,SES016136,PROD001602,2,23847,47694,UPI,paid,2026-06-28 08:08:05
ORD-27B81BE237,CUST005619,SES016140,PROD001422,1,44581,44581,UPI,paid,2026-07-09 21:42:22
ORD-79F85456FE,CUST004033,SES016142,PROD001512,1,94851,94851,UPI,paid,2026-07-08 19:13:30
ORD-FF38A101EE,CUST007542,SES016156,PROD000147,2,78600,157200,Wallet,paid,2026-07-15 07:30:51
ORD-20ED989A24,CUST007669,SES016165,PROD000621,3,59407,178221,Cash on Delivery,paid,2026-07-19 18:18:10
ORD-2AC18D41EE,CUST004484,SES016170,PROD000491,1,30482,30482,Wallet,paid,2026-06-29 20:07:13
ORD-A029F619FC,CUST005407,SES016171,PROD000787,3,59530,178590,UPI,paid,2026-07-11 00:22:03
ORD-3E00437EF0,CUST009852,SES016174,PROD001967,1,21299,21299,UPI,paid,2026-07-14 01:07:56
ORD-66F9182639,CUST002593,SES016175,PROD000184,1,40897,40897,UPI,paid,2026-06-29 21:31:33
ORD-8C3FC329AF,CUST001010,SES016176,PROD000254,1,21719,21719,Debit Card,paid,2026-07-10 15:07:18
ORD-BE1764C56B,CUST001315,SES016180,PROD000461,3,62165,186495,Debit Card,paid,2026-07-20 19:29:16
ORD-07EFCF540F,CUST001314,SES016181,PROD001616,2,49091,98182,UPI,paid,2026-07-24 22:14:22
ORD-DA7A21F6E2,CUST000971,SES016196,PROD001696,1,35244,35244,UPI,cancelled,2026-07-17 21:41:07
ORD-E752CC6EB8,CUST002634,SES016201,PROD000947,3,34169,102507,Wallet,paid,2026-06-29 13:42:40
ORD-ADBDB3DFC9,CUST004188,SES016211,PROD001915,3,56503,169509,UPI,paid,2026-07-07 07:13:23
ORD-15E1642E54,CUST007775,SES016213,PROD000895,2,8940,17880,UPI,paid,2026-07-20 02:25:11
ORD-45CC4DA4B7,CUST000057,SES016223,PROD001187,3,9102,27306,UPI,paid,2026-07-01 03:52:23
ORD-4AA861D0AF,CUST007794,SES016229,PROD000709,2,20782,41564,Cash on Delivery,paid,2026-06-27 08:47:09
ORD-C92769F600,CUST004831,SES016231,PROD000397,1,44706,44706,Cash on Delivery,paid,2026-07-01 22:17:12
ORD-9507EF0702,CUST005769,SES016236,PROD000722,3,30685,92055,Debit Card,paid,2026-07-04 13:30:33
ORD-CEEA314348,CUST003528,SES016244,PROD001642,3,38668,116004,Cash on Delivery,paid,2026-07-07 21:44:10
ORD-9E6A7D1599,CUST007998,SES016249,PROD001336,3,54141,162423,Credit Card,paid,2026-07-15 22:38:47
ORD-A6EF769678,CUST006690,SES016253,PROD000426,1,32764,32764,Debit Card,paid,2026-07-23 20:23:21
ORD-79C3BAFB06,CUST004648,SES016261,PROD000731,3,69370,208110,Credit Card,paid,2026-07-08 09:10:52
ORD-32A9173861,CUST000674,SES016272,PROD001333,3,66782,200346,Debit Card,paid,2026-06-27 12:44:34
ORD-8FC15FAEF5,CUST002736,SES016277,PROD000426,1,32764,32764,UPI,paid,2026-07-21 03:53:09
ORD-F1A5BD6DA3,CUST005497,SES016279,PROD001329,3,17187,51561,UPI,paid,2026-07-11 16:42:32
ORD-FCB1883E57,CUST000548,SES016283,PROD000889,3,14674,44022,UPI,paid,2026-07-06 01:31:29
ORD-28328DFC83,CUST002344,SES016286,PROD000456,3,98223,294669,UPI,paid,2026-07-20 18:34:02
ORD-DFAA1BF393,CUST004548,SES016291,PROD001309,2,14162,28324,Debit Card,paid,2026-07-11 13:19:18
ORD-88A090F2F3,CUST001758,SES016295,PROD000589,3,81222,243666,UPI,refunded,2026-07-09 10:12:43
ORD-1268909E0D,CUST005714,SES016299,PROD001365,1,74709,74709,UPI,refunded,2026-07-05 05:37:21
ORD-D2DE3D15FB,CUST009617,SES016310,PROD000349,3,55372,166116,Credit Card,paid,2026-07-10 11:56:05
ORD-888FEA5710,CUST008132,SES016313,PROD001070,2,25804,51608,Credit Card,paid,2026-07-17 09:49:51
ORD-B13812BC88,CUST002468,SES016319,PROD001329,3,17187,51561,Debit Card,paid,2026-07-01 12:08:02
ORD-01BAD15928,CUST001439,SES016320,PROD001218,3,34546,103638,UPI,paid,2026-07-05 02:19:12
ORD-8E71FFC439,CUST000222,SES016340,PROD000308,1,47429,47429,Credit Card,paid,2026-07-19 09:32:54
ORD-9AC01BB842,CUST008334,SES016341,PROD000078,2,27288,54576,UPI,paid,2026-07-17 01:47:07
ORD-C4D5FCE0E3,CUST002165,SES016342,PROD001531,3,68350,205050,Debit Card,paid,2026-07-12 20:47:12
ORD-1E17EE2B1F,CUST003075,SES016350,PROD000961,2,35063,70126,UPI,paid,2026-07-14 14:58:27
ORD-92B81D36EE,CUST005415,SES016355,PROD001995,2,17397,34794,UPI,paid,2026-07-08 13:45:44
ORD-B40184CB96,CUST006525,SES016356,PROD001836,1,82817,82817,Wallet,refunded,2026-07-11 22:11:52
ORD-BE49CF9227,CUST006019,SES016361,PROD001324,2,97048,194096,UPI,paid,2026-07-12 01:57:29
ORD-E8AD0384ED,CUST006801,SES016373,PROD000117,1,43460,43460,UPI,paid,2026-07-24 13:51:52
ORD-A7A453200F,CUST000756,SES016382,PROD000204,2,12628,25256,UPI,paid,2026-07-07 06:44:15
ORD-CBA4FCAF53,CUST001012,SES016383,PROD000349,2,55372,110744,Credit Card,paid,2026-07-09 18:17:24
ORD-49AC6A9B14,CUST006165,SES016385,PROD000847,1,25126,25126,Debit Card,refunded,2026-07-01 21:22:33
ORD-DBB7B30B97,CUST002839,SES016394,PROD000172,2,99391,198782,UPI,paid,2026-06-26 19:21:46
ORD-8E8E5A29B5,CUST007078,SES016396,PROD001075,2,87108,174216,Wallet,paid,2026-07-19 21:50:17
ORD-573EA398F6,CUST005122,SES016403,PROD000989,2,72286,144572,Cash on Delivery,paid,2026-07-24 21:40:31
ORD-2478FDB6BF,CUST005197,SES016418,PROD001633,3,62825,188475,UPI,paid,2026-07-03 20:58:38
ORD-EA3E276B07,CUST005289,SES016428,PROD000552,1,21816,21816,Wallet,paid,2026-07-10 22:42:24
ORD-9184D98A1F,CUST008321,SES016437,PROD000463,1,69270,69270,UPI,cancelled,2026-07-12 15:53:56
ORD-B51509044B,CUST005481,SES016445,PROD000728,1,84771,84771,Credit Card,paid,2026-07-07 04:15:02
ORD-4646764F8E,CUST000784,SES016449,PROD000292,3,96828,290484,UPI,refunded,2026-07-18 17:58:14
ORD-1E99F13FA9,CUST001146,SES016466,PROD000957,1,25712,25712,Cash on Delivery,paid,2026-06-26 15:19:55
ORD-D91C5A0804,CUST001716,SES016468,PROD001139,1,79279,79279,Credit Card,paid,2026-07-13 07:54:35
ORD-CBD353CC21,CUST002511,SES016470,PROD000895,2,8940,17880,Cash on Delivery,paid,2026-06-30 13:23:50
ORD-2A82CD5769,CUST006064,SES016480,PROD001597,1,83259,83259,Cash on Delivery,refunded,2026-07-11 16:03:12
ORD-25624CE661,CUST008732,SES016488,PROD001219,3,56446,169338,UPI,paid,2026-06-30 23:53:56
ORD-04AE678092,CUST004764,SES016491,PROD000404,2,1330,2660,UPI,paid,2026-07-01 05:26:33
ORD-61CE2021B9,CUST006202,SES016512,PROD000377,3,55755,167265,Debit Card,paid,2026-07-06 19:51:46
ORD-F7F64D389C,CUST007620,SES016516,PROD000167,2,67161,134322,Credit Card,paid,2026-06-27 21:55:42
ORD-249DEF3174,CUST001890,SES016528,PROD001204,3,33838,101514,UPI,paid,2026-07-07 02:43:56
ORD-2050B67937,CUST004228,SES016534,PROD001612,2,86626,173252,Cash on Delivery,paid,2026-06-29 23:36:59
ORD-A99EA5AA89,CUST003537,SES016536,PROD000178,1,32893,32893,Credit Card,paid,2026-07-17 22:33:08
ORD-69F174147F,CUST005100,SES016543,PROD001866,2,55062,110124,Debit Card,refunded,2026-07-21 22:08:13
ORD-549DE7A6B6,CUST006003,SES016551,PROD001151,3,40939,122817,Cash on Delivery,paid,2026-06-30 02:37:15
ORD-AB0FD2ADED,CUST008480,SES016552,PROD000681,1,46754,46754,Credit Card,paid,2026-07-06 05:08:08
ORD-1B60518C26,CUST000400,SES016553,PROD000290,3,11784,35352,UPI,paid,2026-07-03 13:24:36
ORD-E9264822F9,CUST000003,SES016573,PROD000873,3,84333,252999,UPI,paid,2026-07-12 17:17:30
ORD-9421212DA9,CUST009122,SES016574,PROD000080,2,65728,131456,Debit Card,paid,2026-07-05 01:09:43
ORD-4B5E7E6171,CUST002371,SES016575,PROD000868,2,31699,63398,UPI,paid,2026-07-14 14:58:23
ORD-B8D5821669,CUST005305,SES016583,PROD000642,2,16328,32656,UPI,cancelled,2026-07-02 02:58:00
ORD-1005098562,CUST004303,SES016585,PROD001653,1,93568,93568,UPI,paid,2026-07-22 10:56:05
ORD-D96D8A365F,CUST009321,SES016592,PROD001825,3,86365,259095,Wallet,paid,2026-07-15 06:47:32
ORD-48A8C6A383,CUST005482,SES016594,PROD000538,3,84094,252282,UPI,paid,2026-07-04 23:47:04
ORD-F19B174ED0,CUST005275,SES016605,PROD001567,3,28913,86739,Cash on Delivery,paid,2026-07-09 15:46:38
ORD-08489AD086,CUST006517,SES016606,PROD001888,3,69997,209991,Credit Card,refunded,2026-07-18 00:05:33
ORD-4CA3D0AEEA,CUST001080,SES016617,PROD000609,2,53657,107314,UPI,paid,2026-07-05 00:27:59
ORD-AC9AD42B01,CUST004304,SES016621,PROD001620,2,39730,79460,UPI,paid,2026-07-20 12:56:41
ORD-85EFD14252,CUST002471,SES016630,PROD001505,1,28973,28973,Cash on Delivery,refunded,2026-07-08 15:52:04
ORD-FDCDB54F12,CUST008757,SES016639,PROD001435,3,93335,280005,UPI,paid,2026-07-07 15:16:13
ORD-075F146842,CUST008897,SES016640,PROD001423,3,65979,197937,Debit Card,paid,2026-06-30 06:45:13
ORD-CF62352715,CUST006400,SES016642,PROD001851,3,86021,258063,Debit Card,paid,2026-07-13 01:55:04
ORD-AA36186423,CUST005591,SES016647,PROD000028,1,85703,85703,Credit Card,paid,2026-07-14 03:47:35
ORD-AC9518B3C1,CUST003156,SES016658,PROD000993,1,30713,30713,UPI,paid,2026-07-03 04:02:39
ORD-1146B5EDD9,CUST003632,SES016667,PROD000341,1,53517,53517,UPI,paid,2026-07-25 07:53:06
ORD-5FD2BF14CA,CUST007781,SES016670,PROD000707,2,63838,127676,Credit Card,paid,2026-07-19 15:30:34
ORD-E8A80E75EB,CUST003768,SES016695,PROD000410,1,25804,25804,Wallet,paid,2026-07-02 20:44:58
ORD-075AE50681,CUST006694,SES016698,PROD001011,3,62835,188505,Cash on Delivery,paid,2026-07-04 21:35:20
ORD-2AE6887E03,CUST002118,SES016718,PROD001419,3,94399,283197,UPI,paid,2026-07-18 07:38:14
ORD-6F942EC54E,CUST008686,SES016725,PROD000005,3,21202,63606,Debit Card,paid,2026-07-16 08:29:43
ORD-EF3AB3A139,CUST007737,SES016726,PROD001895,1,47379,47379,Credit Card,paid,2026-07-13 01:47:40
ORD-CC64C51913,CUST008278,SES016739,PROD001134,3,36903,110709,Debit Card,refunded,2026-07-20 04:07:46
ORD-B7291819C5,CUST001722,SES016750,PROD001200,2,26862,53724,Debit Card,paid,2026-06-27 19:03:54
ORD-9A3A091469,CUST005796,SES016758,PROD001301,1,50249,50249,Debit Card,cancelled,2026-07-21 00:08:09
ORD-CFA2D16184,CUST006669,SES016762,PROD001600,1,58952,58952,Debit Card,paid,2026-07-24 13:41:30
ORD-B7BB4585FB,CUST002615,SES016773,PROD001865,1,9507,9507,Credit Card,paid,2026-06-29 13:31:58
ORD-B2F1A38234,CUST003517,SES016795,PROD001509,1,92268,92268,Cash on Delivery,cancelled,2026-07-14 22:44:31
ORD-CAB2FD8BDF,CUST006274,SES016801,PROD001450,2,80566,161132,UPI,paid,2026-06-30 10:04:18
ORD-4349A579EA,CUST008331,SES016806,PROD000575,1,5553,5553,UPI,paid,2026-07-24 16:19:22
ORD-0B3454D95B,CUST009840,SES016813,PROD000836,2,45882,91764,UPI,paid,2026-07-15 12:12:00
ORD-E0D47E9CF7,CUST009961,SES016814,PROD000173,2,52373,104746,Credit Card,paid,2026-06-26 23:50:25
ORD-C2BD0B3DCF,CUST005802,SES016820,PROD001684,1,89117,89117,UPI,paid,2026-07-20 09:54:34
ORD-227BBDD683,CUST009403,SES016823,PROD001776,1,27264,27264,Debit Card,paid,2026-07-25 04:32:24
ORD-606FD3C3B2,CUST000369,SES016828,PROD001180,3,3892,11676,Debit Card,paid,2026-07-21 05:48:34
ORD-A6A56AD57F,CUST000713,SES016829,PROD000857,3,13481,40443,UPI,paid,2026-06-26 00:53:11
ORD-9B465271B4,CUST008937,SES016831,PROD001624,3,4133,12399,UPI,paid,2026-07-09 19:35:02
ORD-AAFBDB0DEC,CUST005541,SES016832,PROD000016,1,22712,22712,UPI,paid,2026-06-28 02:33:27
ORD-9BCD09B9EB,CUST009421,SES016835,PROD000839,2,97181,194362,UPI,paid,2026-07-16 12:37:19
ORD-AFCDAC8DA5,CUST009191,SES016843,PROD001067,3,47200,141600,Credit Card,paid,2026-07-04 10:14:47
ORD-D846CB3442,CUST004221,SES016846,PROD001497,2,2965,5930,Debit Card,paid,2026-07-14 01:30:31
ORD-E2A7DCC445,CUST001533,SES016848,PROD001292,1,812,812,UPI,paid,2026-07-04 02:39:48
ORD-FE82E85705,CUST005201,SES016852,PROD000650,2,31267,62534,Wallet,paid,2026-07-19 03:19:16
ORD-FD37C582E3,CUST001089,SES016858,PROD001572,2,76271,152542,Cash on Delivery,paid,2026-07-22 05:12:59
ORD-96E5EB29C0,CUST002106,SES016860,PROD000691,2,42406,84812,UPI,paid,2026-07-07 01:52:15
ORD-36B4503A95,CUST004774,SES016874,PROD000819,1,86419,86419,UPI,paid,2026-07-02 02:44:46
ORD-1D183A05AB,CUST004242,SES016875,PROD000071,1,53835,53835,UPI,paid,2026-07-17 02:14:31
ORD-A0834E85B8,CUST009309,SES016877,PROD000756,2,53814,107628,Wallet,paid,2026-07-04 19:29:52
ORD-42240F7732,CUST000703,SES016881,PROD000410,2,25804,51608,UPI,paid,2026-07-22 20:35:23
ORD-67FC65DBB5,CUST006036,SES016895,PROD001196,1,76131,76131,Credit Card,paid,2026-06-26 19:33:22
ORD-C1D4FB01DE,CUST000365,SES016897,PROD000919,3,334,1002,Credit Card,refunded,2026-07-17 16:46:08
ORD-58305A1AAC,CUST002618,SES016908,PROD000008,1,30294,30294,Debit Card,paid,2026-07-11 14:48:02
ORD-0444679AB2,CUST004709,SES016909,PROD000035,1,59777,59777,Debit Card,paid,2026-07-18 18:20:00
ORD-2D009F7608,CUST009475,SES016914,PROD000937,2,28597,57194,Wallet,paid,2026-06-30 02:46:15
ORD-5C6FEAAA89,CUST001581,SES016927,PROD001898,2,7976,15952,Debit Card,paid,2026-07-04 09:22:26
ORD-8CECFD9418,CUST000810,SES016932,PROD001095,2,2268,4536,UPI,paid,2026-06-27 23:05:03
ORD-9E2D2A0140,CUST008472,SES016933,PROD000841,3,97182,291546,Cash on Delivery,paid,2026-07-19 01:51:24
ORD-B5331DE504,CUST008036,SES016937,PROD001681,1,85201,85201,Credit Card,cancelled,2026-07-14 12:18:44
ORD-0FA3B84B44,CUST004919,SES016944,PROD001597,2,83259,166518,UPI,paid,2026-07-03 15:20:40
ORD-4747371697,CUST005508,SES016947,PROD000617,1,67675,67675,Credit Card,paid,2026-07-02 01:13:30
ORD-930E3FC657,CUST002428,SES016948,PROD001028,1,76740,76740,UPI,paid,2026-07-13 08:08:33
ORD-2CBE3E9A5B,CUST002061,SES016960,PROD000875,1,72912,72912,Debit Card,refunded,2026-07-03 22:14:44
ORD-E406307DCD,CUST008979,SES016982,PROD000356,1,59953,59953,Wallet,paid,2026-07-20 14:30:38
ORD-405975FAF9,CUST000088,SES016989,PROD001817,2,86357,172714,UPI,paid,2026-07-03 05:25:09
ORD-2E916B6C0C,CUST002207,SES016990,PROD001965,3,20391,61173,UPI,paid,2026-06-26 07:48:49
ORD-92260BD8A5,CUST001621,SES016992,PROD000794,3,67372,202116,UPI,paid,2026-07-14 06:18:35
ORD-739EEC15B5,CUST000482,SES016993,PROD000422,3,78921,236763,Cash on Delivery,paid,2026-07-25 20:03:42
ORD-B32E622C33,CUST008739,SES016994,PROD000779,3,5151,15453,Credit Card,paid,2026-07-14 10:30:07
ORD-63B865A7CF,CUST007188,SES016999,PROD001401,2,53703,107406,Debit Card,paid,2026-07-25 08:40:21
ORD-D420939224,CUST006890,SES017002,PROD000680,2,86277,172554,Debit Card,refunded,2026-07-07 05:07:42
ORD-7981A707C0,CUST003198,SES017015,PROD000308,2,47429,94858,UPI,paid,2026-07-01 20:42:42
ORD-9AE8675D89,CUST002214,SES017021,PROD001457,2,88529,177058,Credit Card,refunded,2026-07-14 23:57:39
ORD-E0855EF51A,CUST009548,SES017042,PROD001605,2,71874,143748,Cash on Delivery,paid,2026-07-20 22:10:30
ORD-43C52E0EC5,CUST001364,SES017050,PROD001814,1,58815,58815,Cash on Delivery,paid,2026-06-29 10:48:47
ORD-13D83F40AF,CUST002794,SES017070,PROD001335,3,97910,293730,UPI,paid,2026-07-06 07:19:30
ORD-EFE51AFE82,CUST000321,SES017075,PROD000580,1,30749,30749,UPI,paid,2026-06-30 19:54:57
ORD-CF97771314,CUST001072,SES017076,PROD001379,3,61384,184152,Wallet,paid,2026-06-26 08:16:25
ORD-AD4EF04472,CUST002281,SES017096,PROD001098,2,96984,193968,Wallet,paid,2026-07-23 23:57:45
ORD-7365BCDC8E,CUST008618,SES017102,PROD001085,2,59079,118158,UPI,paid,2026-07-07 00:51:01
ORD-9AA00B4B87,CUST008560,SES017112,PROD001558,2,99590,199180,UPI,paid,2026-07-21 02:33:16
ORD-2F67444219,CUST005056,SES017118,PROD001137,3,55991,167973,UPI,paid,2026-06-28 19:01:17
ORD-A8DB0F9DA4,CUST002795,SES017121,PROD001237,3,62933,188799,Wallet,paid,2026-07-24 20:40:47
ORD-09D71C12B7,CUST006079,SES017126,PROD001480,1,52955,52955,UPI,cancelled,2026-07-13 03:01:40
ORD-D1B732DD8D,CUST007885,SES017128,PROD000534,3,99398,298194,Cash on Delivery,paid,2026-06-27 13:57:00
ORD-9827506C15,CUST000476,SES017132,PROD001715,1,95531,95531,Credit Card,paid,2026-06-28 08:20:15
ORD-86CDD7D2B2,CUST002999,SES017147,PROD000635,3,16267,48801,Wallet,paid,2026-07-17 03:49:00
ORD-B71972664F,CUST004836,SES017148,PROD000681,1,46754,46754,Cash on Delivery,paid,2026-07-24 06:13:07
ORD-7FE4F62E3B,CUST006038,SES017149,PROD000435,3,38383,115149,Credit Card,paid,2026-07-04 04:32:52
ORD-16AD8EA123,CUST009615,SES017150,PROD000720,2,89269,178538,UPI,paid,2026-07-16 07:33:51
ORD-229C6014DF,CUST008353,SES017155,PROD000053,1,19309,19309,Cash on Delivery,paid,2026-07-23 17:43:12
ORD-0F6A5448EE,CUST000715,SES017166,PROD000458,3,83288,249864,Credit Card,paid,2026-07-17 20:55:54
ORD-4DB0A1FB5C,CUST002978,SES017168,PROD001618,3,50210,150630,UPI,paid,2026-07-12 22:55:50
ORD-46E0D5F0CD,CUST003431,SES017173,PROD001457,1,88529,88529,Wallet,paid,2026-07-07 22:42:16
ORD-93E1DDED03,CUST001924,SES017177,PROD001967,3,21299,63897,Wallet,paid,2026-07-17 02:19:04
ORD-7F5E473546,CUST003426,SES017186,PROD000037,3,10623,31869,Debit Card,paid,2026-07-20 10:53:30
ORD-AF95BF3C1D,CUST002463,SES017187,PROD001793,1,93307,93307,UPI,paid,2026-07-03 03:49:09
ORD-A003A3BDB3,CUST005273,SES017190,PROD001150,2,81079,162158,UPI,paid,2026-07-08 19:17:55
ORD-357D0F70D6,CUST003796,SES017199,PROD000235,3,37004,111012,Credit Card,paid,2026-07-25 17:10:16
ORD-EDB583DE85,CUST004190,SES017201,PROD001750,2,69994,139988,UPI,paid,2026-07-17 16:13:10
ORD-102180FB8F,CUST000704,SES017214,PROD000103,3,75362,226086,UPI,paid,2026-07-17 16:44:39
ORD-C5E699FD52,CUST003412,SES017224,PROD001278,2,38298,76596,UPI,refunded,2026-07-10 22:32:59
ORD-CC7221FB8B,CUST004888,SES017242,PROD001505,3,28973,86919,Cash on Delivery,paid,2026-07-12 23:09:38
ORD-9AB5493096,CUST009142,SES017247,PROD000506,3,86312,258936,Debit Card,paid,2026-07-02 15:57:45
ORD-C8B963437D,CUST001947,SES017253,PROD001525,2,83851,167702,UPI,paid,2026-07-24 01:44:01
ORD-2E771E5037,CUST002404,SES017283,PROD001897,1,93367,93367,Cash on Delivery,paid,2026-06-30 04:04:00
ORD-0B88C9B44A,CUST000060,SES017296,PROD001530,2,13198,26396,Credit Card,paid,2026-07-14 06:15:48
ORD-6D140EAA30,CUST004311,SES017301,PROD001247,3,48263,144789,Cash on Delivery,paid,2026-07-06 17:13:25
ORD-E21BFCC792,CUST003549,SES017317,PROD000723,1,98736,98736,UPI,paid,2026-07-01 08:33:43
ORD-9079169A1E,CUST008864,SES017321,PROD000089,2,34149,68298,UPI,cancelled,2026-07-02 10:51:28
ORD-A9C0CD829C,CUST001278,SES017327,PROD000300,1,53319,53319,Debit Card,refunded,2026-07-07 18:02:49
ORD-F20998BCA6,CUST002731,SES017329,PROD000770,3,73378,220134,Credit Card,paid,2026-07-18 23:33:14
ORD-694C2620B8,CUST005465,SES017358,PROD000863,3,465,1395,UPI,cancelled,2026-06-27 00:56:36
ORD-6134CDDC19,CUST002755,SES017373,PROD000134,2,67021,134042,Debit Card,paid,2026-07-16 15:53:08
ORD-4997172786,CUST007032,SES017375,PROD001522,2,68365,136730,Credit Card,refunded,2026-07-08 09:53:30
ORD-81A4631BEE,CUST005984,SES017382,PROD000980,3,51392,154176,Credit Card,paid,2026-06-30 02:45:40
ORD-2EDAA00909,CUST004013,SES017388,PROD001496,1,95775,95775,UPI,paid,2026-07-14 14:49:17
ORD-7E71E48905,CUST000633,SES017395,PROD000542,2,32558,65116,Credit Card,paid,2026-07-06 14:27:57
ORD-E004A15131,CUST002507,SES017398,PROD001981,2,96686,193372,Wallet,refunded,2026-06-28 21:49:22
ORD-5B354BC0CA,CUST005241,SES017403,PROD001834,3,45603,136809,Debit Card,paid,2026-07-09 08:32:02
ORD-4638BED8D2,CUST008872,SES017418,PROD001308,2,44162,88324,UPI,paid,2026-07-09 18:36:55
ORD-1B0C585857,CUST002296,SES017438,PROD000612,2,79850,159700,Debit Card,paid,2026-07-10 20:30:11
ORD-E31A2D7674,CUST002165,SES017446,PROD000017,1,83718,83718,UPI,cancelled,2026-07-21 10:02:47
ORD-7C548C7E94,CUST005687,SES017481,PROD001052,3,19792,59376,Credit Card,paid,2026-06-30 00:46:51
ORD-7E1A55D27F,CUST004268,SES017491,PROD001279,1,62568,62568,Credit Card,paid,2026-07-18 22:36:14
ORD-0719713819,CUST004174,SES017499,PROD000691,2,42406,84812,UPI,cancelled,2026-07-01 22:40:10
ORD-CFC821FBF9,CUST002824,SES017503,PROD001702,1,56522,56522,UPI,refunded,2026-07-08 20:53:38
ORD-23BCC7BB53,CUST005886,SES017509,PROD001953,3,63556,190668,Cash on Delivery,paid,2026-07-14 23:54:41
ORD-E6F8A4F213,CUST002576,SES017515,PROD001469,2,20235,40470,UPI,paid,2026-06-29 21:26:01
ORD-14865B2854,CUST007798,SES017518,PROD000360,2,77623,155246,UPI,paid,2026-06-30 22:21:28
ORD-6ECE1A90DB,CUST005192,SES017530,PROD000136,2,22101,44202,Wallet,paid,2026-07-25 13:19:40
ORD-17808FA4E6,CUST004750,SES017531,PROD001380,3,9559,28677,Debit Card,paid,2026-07-05 06:46:33
ORD-CF7C42815F,CUST000041,SES017542,PROD000253,3,93426,280278,UPI,paid,2026-07-11 10:24:25
ORD-3649016E6E,CUST003948,SES017546,PROD001761,3,60261,180783,UPI,paid,2026-07-23 17:56:12
ORD-B22F32CDBD,CUST003789,SES017550,PROD001563,2,90115,180230,UPI,paid,2026-07-05 17:38:37
ORD-993BF90DBD,CUST009249,SES017551,PROD001119,1,85278,85278,UPI,paid,2026-07-17 16:19:29
ORD-DB8E57E912,CUST004688,SES017559,PROD000860,1,59485,59485,UPI,paid,2026-07-24 10:32:08
ORD-5ED5788DAD,CUST001879,SES017563,PROD000434,3,12598,37794,Credit Card,paid,2026-07-21 05:52:36
ORD-863916101B,CUST001872,SES017564,PROD001914,2,65153,130306,Credit Card,paid,2026-07-20 12:02:55
ORD-F52035783C,CUST004556,SES017578,PROD001415,1,79899,79899,UPI,paid,2026-07-03 13:55:53
ORD-C380EC7470,CUST006465,SES017584,PROD001080,1,67199,67199,Cash on Delivery,paid,2026-07-16 22:12:42
ORD-D82F44DEB8,CUST009081,SES017592,PROD000739,3,85150,255450,Debit Card,paid,2026-07-01 09:55:05
ORD-F8777C3A99,CUST000168,SES017597,PROD001638,2,59167,118334,UPI,paid,2026-06-29 01:04:43
ORD-4D6E615463,CUST000122,SES017608,PROD001749,3,44325,132975,UPI,paid,2026-07-05 04:19:17
ORD-CEF8C02D41,CUST008013,SES017610,PROD001095,1,2268,2268,UPI,paid,2026-06-28 10:40:58
ORD-6E23B3E300,CUST004194,SES017626,PROD000761,2,14326,28652,UPI,paid,2026-06-30 02:50:18
ORD-E368CA63E6,CUST004519,SES017628,PROD001834,2,45603,91206,UPI,paid,2026-06-26 21:50:36
ORD-0CBCAE11ED,CUST001391,SES017629,PROD000510,2,3313,6626,UPI,paid,2026-07-09 21:54:29
ORD-C8B007B954,CUST007799,SES017634,PROD001747,1,19953,19953,UPI,paid,2026-07-11 11:41:53
ORD-597B70AD5D,CUST008406,SES017644,PROD001959,1,23868,23868,Credit Card,paid,2026-06-28 11:59:00
ORD-B3BA36079D,CUST002986,SES017647,PROD001514,3,78015,234045,Credit Card,paid,2026-07-04 00:37:49
ORD-FB99A36D19,CUST001425,SES017656,PROD000130,1,44782,44782,Debit Card,paid,2026-07-16 07:22:37
ORD-DF8A2F5C94,CUST006606,SES017681,PROD001541,1,97458,97458,Credit Card,paid,2026-07-23 04:10:28
ORD-E302764DB8,CUST004985,SES017684,PROD000944,1,58842,58842,Debit Card,paid,2026-07-07 00:55:55
ORD-AD28859AE9,CUST006985,SES017685,PROD001312,3,37313,111939,Debit Card,paid,2026-07-01 06:17:57
ORD-82C40DB6D0,CUST007578,SES017687,PROD000310,2,84695,169390,Credit Card,paid,2026-07-18 18:46:15
ORD-23E45A3907,CUST003574,SES017688,PROD001226,1,35761,35761,UPI,paid,2026-07-07 08:47:22
ORD-75CF652555,CUST006190,SES017698,PROD000112,1,45523,45523,Debit Card,paid,2026-06-29 22:43:03
ORD-F71D901402,CUST001975,SES017709,PROD001815,3,67956,203868,Wallet,paid,2026-07-03 18:45:17
ORD-EAC359B31B,CUST009286,SES017713,PROD000179,1,30867,30867,Debit Card,refunded,2026-07-07 08:46:18
ORD-DD90D53254,CUST000631,SES017715,PROD000771,1,66289,66289,Debit Card,paid,2026-07-02 04:06:46
ORD-12495444F8,CUST001301,SES017719,PROD000630,2,47102,94204,Debit Card,paid,2026-07-05 03:57:02
ORD-45548B68F3,CUST005783,SES017726,PROD000796,3,80703,242109,UPI,cancelled,2026-07-17 03:05:07
ORD-8686CA579F,CUST001586,SES017736,PROD001277,2,79737,159474,UPI,refunded,2026-07-23 22:02:51
ORD-FA5643039C,CUST002690,SES017740,PROD001351,2,96459,192918,Debit Card,refunded,2026-07-08 06:15:19
ORD-16D037B1E0,CUST003842,SES017741,PROD000657,1,95720,95720,UPI,paid,2026-07-02 23:37:22
ORD-CD683AB99C,CUST005746,SES017745,PROD000903,2,16945,33890,Credit Card,paid,2026-07-23 04:50:54
ORD-B9EF02FC34,CUST000620,SES017746,PROD001508,2,46910,93820,UPI,paid,2026-07-11 15:18:11
ORD-BFB6F8E06E,CUST004600,SES017764,PROD000159,3,48183,144549,UPI,cancelled,2026-07-11 12:09:47
ORD-F780A99799,CUST009525,SES017777,PROD000093,2,18500,37000,UPI,paid,2026-07-02 17:39:35
ORD-C41E90B584,CUST004289,SES017779,PROD001828,3,19201,57603,UPI,paid,2026-07-23 03:50:23
ORD-9943191AD0,CUST007079,SES017784,PROD000387,3,74424,223272,Cash on Delivery,paid,2026-07-23 22:23:44
ORD-0BD4A4A411,CUST003676,SES017785,PROD001896,1,24237,24237,Debit Card,paid,2026-07-13 00:43:15
ORD-6CD5C79DE9,CUST003672,SES017790,PROD000830,3,58722,176166,Credit Card,paid,2026-07-23 09:23:24
ORD-18A1FD26F9,CUST000111,SES017791,PROD001096,3,68771,206313,Credit Card,paid,2026-07-06 20:24:26
ORD-704B5D4A8B,CUST001627,SES017794,PROD001709,2,75328,150656,UPI,paid,2026-07-16 20:53:15
ORD-BB733EC957,CUST002803,SES017800,PROD000169,2,60303,120606,UPI,refunded,2026-07-02 08:46:55
ORD-2E6B8F6381,CUST008585,SES017806,PROD000805,1,82192,82192,Wallet,paid,2026-07-17 11:02:52
ORD-2F83A6DE29,CUST007210,SES017807,PROD000255,2,64293,128586,Credit Card,paid,2026-07-25 01:31:47
ORD-57356CDFCB,CUST002723,SES017816,PROD000395,1,56323,56323,Debit Card,paid,2026-06-26 23:19:41
ORD-508522B605,CUST009709,SES017821,PROD000800,3,61627,184881,UPI,paid,2026-06-26 22:19:25
ORD-ABA638CEBE,CUST008957,SES017824,PROD001433,3,66019,198057,Wallet,paid,2026-06-26 04:36:04
ORD-F7AB82BB58,CUST002099,SES017831,PROD001169,1,45154,45154,UPI,paid,2026-07-20 14:28:59
ORD-39B43C1E6F,CUST001152,SES017836,PROD000806,1,10819,10819,UPI,paid,2026-07-06 04:17:45
ORD-E97B4B3BE1,CUST004426,SES017847,PROD000918,2,70002,140004,Debit Card,cancelled,2026-06-30 04:08:25
ORD-91BDA6B789,CUST003980,SES017864,PROD001123,2,78107,156214,Debit Card,paid,2026-07-01 02:07:09
ORD-A0FF6CB478,CUST008727,SES017869,PROD001283,2,75440,150880,Credit Card,paid,2026-07-23 22:42:40
ORD-14A8C554F5,CUST001485,SES017872,PROD000296,3,31340,94020,UPI,paid,2026-07-13 17:50:26
ORD-2ACE58D1E9,CUST007474,SES017876,PROD000356,1,59953,59953,Cash on Delivery,cancelled,2026-06-29 12:01:56
ORD-B7ED7A595A,CUST003944,SES017884,PROD000950,2,51993,103986,UPI,paid,2026-06-29 15:09:37
ORD-952408E2AA,CUST008832,SES017886,PROD000331,3,37184,111552,Cash on Delivery,paid,2026-07-13 11:42:23
ORD-141D163359,CUST002741,SES017887,PROD000291,3,67899,203697,UPI,paid,2026-07-18 03:55:27
ORD-C3A0E761CB,CUST009691,SES017892,PROD000982,3,22906,68718,Credit Card,paid,2026-07-19 14:35:14
ORD-9AB3EA0ED7,CUST005885,SES017908,PROD000684,2,19764,39528,Credit Card,cancelled,2026-07-04 04:04:15
ORD-399277859C,CUST003234,SES017920,PROD000410,2,25804,51608,Credit Card,paid,2026-07-19 09:07:03
ORD-D06DCA3157,CUST009879,SES017924,PROD001963,3,43913,131739,UPI,paid,2026-07-22 02:49:52
ORD-DF606CC3E0,CUST001779,SES017939,PROD001148,2,78136,156272,Cash on Delivery,paid,2026-07-22 23:57:10
ORD-75FBF747FA,CUST001940,SES017948,PROD001172,2,54745,109490,UPI,paid,2026-07-07 12:50:27
ORD-C4694F7860,CUST003969,SES017953,PROD000638,3,16412,49236,Credit Card,paid,2026-06-26 13:13:52
ORD-E8A7945FA9,CUST003848,SES017962,PROD000713,2,15808,31616,UPI,paid,2026-07-06 02:42:56
ORD-4C00BF04B0,CUST008483,SES017977,PROD000189,3,2445,7335,Debit Card,paid,2026-07-14 11:52:08
ORD-1AE7E42382,CUST009486,SES017979,PROD001728,1,65933,65933,Cash on Delivery,paid,2026-07-19 06:53:31
ORD-594A8330E2,CUST009150,SES017989,PROD000973,1,13549,13549,Credit Card,paid,2026-07-02 13:31:47
ORD-C7262572D1,CUST002819,SES018010,PROD000842,2,91414,182828,Credit Card,paid,2026-07-23 19:24:41
ORD-A93A2250B5,CUST005442,SES018014,PROD000300,2,53319,106638,UPI,paid,2026-07-03 07:48:34
ORD-0B6504C061,CUST004811,SES018015,PROD000389,3,30873,92619,UPI,paid,2026-07-15 04:47:14
ORD-57F9237C54,CUST003887,SES018021,PROD000078,2,27288,54576,UPI,cancelled,2026-07-09 07:18:56
ORD-264174EBDC,CUST003862,SES018046,PROD001991,3,56677,170031,UPI,paid,2026-07-10 12:38:40
ORD-39D6185036,CUST009578,SES018052,PROD001230,1,73664,73664,Credit Card,paid,2026-07-11 00:40:21
ORD-B295E58AAA,CUST001406,SES018053,PROD000227,1,37500,37500,Wallet,paid,2026-07-01 09:15:08
ORD-56F0EA2D95,CUST000586,SES018057,PROD001307,1,23271,23271,Credit Card,paid,2026-07-22 04:20:17
ORD-5145FA9B1B,CUST001711,SES018061,PROD001570,1,81731,81731,UPI,paid,2026-07-01 12:44:55
ORD-A2EE0ED42F,CUST007351,SES018067,PROD000738,1,35565,35565,UPI,paid,2026-07-24 13:51:01
ORD-70391E270A,CUST003736,SES018068,PROD001406,3,13078,39234,UPI,paid,2026-07-05 21:33:34
ORD-B515355397,CUST009079,SES018071,PROD001441,2,40107,80214,UPI,paid,2026-07-13 07:30:20
ORD-C142E25157,CUST001917,SES018072,PROD000495,2,70479,140958,UPI,paid,2026-07-04 07:12:19
ORD-FAC1025631,CUST000331,SES018085,PROD000928,3,295,885,Wallet,paid,2026-07-21 09:03:12
ORD-683686B1BB,CUST004455,SES018094,PROD000419,3,89072,267216,UPI,paid,2026-07-13 16:14:55
ORD-5677C4FDCD,CUST000237,SES018095,PROD001531,1,68350,68350,UPI,paid,2026-07-18 04:37:34
ORD-F0AE2BC734,CUST006672,SES018103,PROD001031,1,98285,98285,UPI,paid,2026-07-05 09:49:01
ORD-6544B85F8A,CUST006110,SES018106,PROD000394,3,31807,95421,UPI,paid,2026-07-08 04:20:01
ORD-2E8AEB36E4,CUST007474,SES018113,PROD000993,2,30713,61426,UPI,paid,2026-07-13 12:06:40
ORD-3D6229662F,CUST002586,SES018117,PROD001215,2,40722,81444,Credit Card,paid,2026-07-03 12:32:10
ORD-62E5114963,CUST003058,SES018122,PROD000984,3,61261,183783,UPI,paid,2026-07-17 02:57:46
ORD-A7FAF39127,CUST007887,SES018127,PROD001194,1,91717,91717,Debit Card,paid,2026-07-20 11:02:16
ORD-AA464F34B8,CUST003889,SES018129,PROD001579,1,73401,73401,Credit Card,paid,2026-07-07 02:46:19
ORD-2A98A78B66,CUST003071,SES018130,PROD001603,1,19001,19001,UPI,paid,2026-07-07 05:50:55
ORD-6025A38278,CUST003609,SES018133,PROD001083,1,64320,64320,Credit Card,paid,2026-07-05 16:30:19
ORD-9DB858D2ED,CUST001325,SES018146,PROD001463,1,33663,33663,UPI,paid,2026-07-02 18:28:51
ORD-301C334E51,CUST001480,SES018148,PROD001397,3,65487,196461,Cash on Delivery,paid,2026-07-22 09:56:01
ORD-24E12C450F,CUST008441,SES018169,PROD000358,3,2734,8202,UPI,paid,2026-07-19 12:03:36
ORD-F0192F988B,CUST006659,SES018175,PROD000392,2,82616,165232,UPI,paid,2026-07-12 11:00:43
ORD-6364EC7D4A,CUST004767,SES018177,PROD000106,3,87011,261033,UPI,paid,2026-07-02 20:50:29
ORD-5D1D09D4E9,CUST007119,SES018180,PROD001297,2,27902,55804,UPI,paid,2026-07-13 14:55:48
ORD-AD9A1E081A,CUST008661,SES018187,PROD001286,3,93558,280674,Credit Card,paid,2026-06-28 09:31:31
ORD-F4AD5645D0,CUST006991,SES018193,PROD001047,3,39601,118803,UPI,paid,2026-07-07 08:38:01
ORD-67271FED8D,CUST005326,SES018200,PROD000985,2,75130,150260,Debit Card,paid,2026-07-01 20:35:41
ORD-80B8C9EFD8,CUST006905,SES018234,PROD001062,2,66447,132894,Wallet,paid,2026-07-15 11:49:55
ORD-5481D0A742,CUST006730,SES018242,PROD001407,2,14724,29448,UPI,paid,2026-07-14 17:17:05
ORD-3F6DCD29FE,CUST008894,SES018249,PROD000985,3,75130,225390,Cash on Delivery,paid,2026-07-14 15:54:07
ORD-6FE8183F97,CUST006593,SES018252,PROD000034,1,90741,90741,Debit Card,paid,2026-07-01 23:54:43
ORD-A4ECD7A7EF,CUST005355,SES018253,PROD001017,1,70162,70162,Credit Card,paid,2026-07-03 03:24:36
ORD-C0785C004A,CUST008699,SES018256,PROD000714,1,37942,37942,UPI,paid,2026-07-12 09:16:12
ORD-9D09327D9C,CUST005667,SES018263,PROD001894,3,39564,118692,Wallet,paid,2026-06-27 04:08:41
ORD-0C27099C45,CUST003610,SES018276,PROD000572,1,60174,60174,Credit Card,paid,2026-06-27 18:08:40
ORD-A153272B97,CUST003767,SES018281,PROD001811,1,49478,49478,Debit Card,cancelled,2026-07-25 03:17:12
ORD-18CEFA4D7B,CUST000981,SES018297,PROD000186,3,12786,38358,Wallet,paid,2026-06-29 22:11:56
ORD-A635D56FB4,CUST005302,SES018306,PROD000583,1,4763,4763,Cash on Delivery,paid,2026-06-30 23:33:38
ORD-81089689B5,CUST001899,SES018310,PROD001004,2,60640,121280,UPI,paid,2026-07-20 06:24:29
ORD-7D59CFEA1F,CUST003595,SES018317,PROD001853,3,99194,297582,UPI,paid,2026-07-02 11:12:35
ORD-2624C680B5,CUST008495,SES018320,PROD000315,1,19799,19799,UPI,paid,2026-07-03 08:13:55
ORD-2AC76F1409,CUST009496,SES018332,PROD001992,3,72935,218805,Credit Card,cancelled,2026-06-26 11:54:40
ORD-D86370273B,CUST006499,SES018352,PROD001564,3,47414,142242,UPI,paid,2026-06-25 21:32:20
ORD-D2C1CD5BF1,CUST005358,SES018355,PROD001029,1,13720,13720,Credit Card,paid,2026-07-08 23:03:12
ORD-6956DC0589,CUST001636,SES018357,PROD000016,1,22712,22712,Credit Card,cancelled,2026-07-21 20:52:04
ORD-622669D31D,CUST000137,SES018361,PROD001367,1,17095,17095,Cash on Delivery,paid,2026-06-27 23:51:11
ORD-15290C8E37,CUST001045,SES018372,PROD000478,3,32956,98868,UPI,paid,2026-07-09 15:10:35
ORD-C95D99DCD4,CUST003666,SES018379,PROD001458,2,50492,100984,Wallet,paid,2026-07-03 23:17:15
ORD-105DBE8636,CUST002469,SES018384,PROD001568,3,60718,182154,Debit Card,paid,2026-07-22 07:28:24
ORD-F12C69C92E,CUST005573,SES018392,PROD000234,1,78087,78087,Credit Card,paid,2026-07-18 08:07:14
ORD-AAC7966FB2,CUST003990,SES018396,PROD000877,1,70656,70656,Credit Card,paid,2026-06-29 10:38:10
ORD-3F87ADC144,CUST008251,SES018401,PROD000844,2,63239,126478,Cash on Delivery,paid,2026-07-11 16:02:05
ORD-7CA26F128B,CUST006264,SES018403,PROD000011,2,79430,158860,UPI,paid,2026-06-27 07:10:43
ORD-C07C7D0054,CUST003935,SES018411,PROD001521,3,65548,196644,Debit Card,paid,2026-07-25 11:25:27
ORD-B9430DE437,CUST006849,SES018418,PROD000419,1,89072,89072,Cash on Delivery,paid,2026-07-16 08:32:55
ORD-EC0E0804E7,CUST003053,SES018423,PROD000646,3,31745,95235,Credit Card,paid,2026-07-13 11:32:31
ORD-72137C3754,CUST006282,SES018424,PROD001284,1,57552,57552,Debit Card,paid,2026-07-14 22:05:08
ORD-4900BEA320,CUST004053,SES018433,PROD000648,1,97994,97994,Credit Card,paid,2026-07-22 09:58:57
ORD-BBE36D717D,CUST002063,SES018435,PROD000642,1,16328,16328,UPI,paid,2026-07-13 04:16:55
ORD-F4423AEF40,CUST007501,SES018448,PROD001460,1,61518,61518,Credit Card,paid,2026-07-16 07:27:52
ORD-B04528A8CC,CUST005067,SES018463,PROD000792,1,54806,54806,UPI,paid,2026-07-09 21:30:25
ORD-36E501A73D,CUST007073,SES018469,PROD000040,3,90584,271752,Debit Card,cancelled,2026-07-02 15:56:00
ORD-7DEC79568A,CUST007416,SES018471,PROD001378,2,81305,162610,UPI,paid,2026-07-23 19:15:57
ORD-0B903005D6,CUST000204,SES018494,PROD001721,2,58075,116150,Debit Card,paid,2026-07-05 07:42:58
ORD-84E3CDEED7,CUST008764,SES018496,PROD001892,2,95159,190318,UPI,paid,2026-07-09 20:07:46
ORD-B3AF436344,CUST009274,SES018497,PROD000277,3,17637,52911,UPI,paid,2026-07-17 22:34:43
ORD-998AB6BC81,CUST008526,SES018510,PROD001800,2,74153,148306,Wallet,paid,2026-07-21 01:51:49
ORD-CFE1257C3D,CUST001350,SES018511,PROD000216,2,98884,197768,Credit Card,paid,2026-07-19 09:42:41
ORD-FF3D627C44,CUST003392,SES018512,PROD001095,3,2268,6804,UPI,paid,2026-07-08 21:51:21
ORD-BB85C9CF13,CUST004628,SES018517,PROD000406,3,56577,169731,Debit Card,paid,2026-07-06 06:00:03
ORD-EEA5BAA079,CUST008487,SES018521,PROD001101,1,37593,37593,UPI,paid,2026-07-05 02:44:29
ORD-34C6BFB3C3,CUST002986,SES018523,PROD001713,1,76281,76281,UPI,paid,2026-07-23 05:42:06
ORD-187FB468D9,CUST009799,SES018527,PROD001857,1,50474,50474,Credit Card,paid,2026-07-25 17:27:06
ORD-BCA44714C9,CUST000348,SES018528,PROD000956,3,78263,234789,UPI,paid,2026-07-05 16:40:32
ORD-3AF981FCE7,CUST008829,SES018529,PROD000935,1,79365,79365,Debit Card,paid,2026-07-07 13:20:40
ORD-009FB55A98,CUST006264,SES018536,PROD000906,1,63276,63276,Cash on Delivery,paid,2026-07-24 23:01:23
ORD-C1A3486AC7,CUST005913,SES018541,PROD000692,3,73910,221730,Credit Card,paid,2026-06-29 15:36:43
ORD-D17BAB4482,CUST000042,SES018543,PROD001244,1,67028,67028,Debit Card,paid,2026-07-02 22:52:57
ORD-F31BE093A7,CUST007283,SES018550,PROD000733,3,43474,130422,UPI,paid,2026-07-10 17:01:59
ORD-EEFB8F260A,CUST006556,SES018559,PROD001233,2,86530,173060,UPI,paid,2026-07-09 11:12:46
ORD-0DD5E042C5,CUST009172,SES018561,PROD001311,1,85591,85591,Wallet,paid,2026-07-03 22:24:34
ORD-3019DA4C5D,CUST003376,SES018572,PROD001820,3,65935,197805,Wallet,paid,2026-06-26 07:26:36
ORD-737CD8E2A7,CUST004921,SES018575,PROD001174,2,45722,91444,Debit Card,paid,2026-07-01 06:52:14
ORD-416C044475,CUST006123,SES018585,PROD000959,3,70498,211494,Debit Card,paid,2026-07-20 22:15:31
ORD-54CFFC651C,CUST002234,SES018595,PROD001553,1,10954,10954,UPI,paid,2026-07-06 06:08:42
ORD-B47FAACEBC,CUST009209,SES018598,PROD000650,1,31267,31267,UPI,cancelled,2026-07-19 20:39:54
ORD-80000CA913,CUST004154,SES018600,PROD001835,3,50917,152751,UPI,paid,2026-07-22 02:31:20
ORD-65B1C72717,CUST009422,SES018605,PROD001024,3,650,1950,Credit Card,paid,2026-07-21 13:42:04
ORD-1CC4F5F1BD,CUST005447,SES018607,PROD001638,1,59167,59167,UPI,paid,2026-06-26 18:40:18
ORD-6DD301D55C,CUST001566,SES018608,PROD000998,1,78599,78599,UPI,paid,2026-07-07 12:13:27
ORD-DACBFC9BA4,CUST000274,SES018626,PROD001864,1,16340,16340,Debit Card,paid,2026-07-20 12:53:56
ORD-D55EFE34EC,CUST003241,SES018645,PROD001879,3,41241,123723,UPI,paid,2026-07-23 10:44:28
ORD-781C620238,CUST001266,SES018652,PROD001064,1,9391,9391,UPI,paid,2026-07-11 05:26:33
ORD-D0FA860A67,CUST002479,SES018662,PROD000561,1,27565,27565,Credit Card,paid,2026-07-02 07:14:34
ORD-030CE9F277,CUST000289,SES018667,PROD000731,2,69370,138740,Credit Card,paid,2026-07-01 22:48:42
ORD-269F059065,CUST004706,SES018672,PROD000698,2,21440,42880,Credit Card,paid,2026-07-07 10:07:27
ORD-8F8D2A227D,CUST003676,SES018674,PROD000779,1,5151,5151,UPI,paid,2026-07-13 14:59:48
ORD-B0D7FC71AC,CUST000362,SES018680,PROD001156,3,23519,70557,Wallet,paid,2026-06-28 20:15:27
ORD-BA5213972A,CUST006498,SES018699,PROD001463,1,33663,33663,UPI,cancelled,2026-07-22 06:15:47
ORD-3824465E24,CUST006101,SES018705,PROD000150,2,29648,59296,UPI,cancelled,2026-07-20 02:07:30
ORD-1F006DC246,CUST007578,SES018707,PROD000360,1,77623,77623,Credit Card,paid,2026-07-08 22:55:32
ORD-4BB9175DD3,CUST000935,SES018728,PROD000243,2,31981,63962,Wallet,paid,2026-06-29 10:51:28
ORD-3C02071C30,CUST003186,SES018739,PROD001537,1,84969,84969,UPI,cancelled,2026-07-19 19:23:47
ORD-573E8ABF27,CUST005416,SES018740,PROD000182,3,80396,241188,UPI,paid,2026-06-26 00:57:39
ORD-DD49BE8A0E,CUST006475,SES018741,PROD001952,2,21591,43182,Credit Card,refunded,2026-07-02 15:55:45
ORD-1B615D031D,CUST002202,SES018750,PROD000638,3,16412,49236,UPI,refunded,2026-07-04 18:52:26
ORD-5AE1A5A75B,CUST000564,SES018753,PROD001853,3,99194,297582,UPI,paid,2026-07-18 04:29:59
ORD-578CE802BA,CUST002666,SES018762,PROD000359,3,90508,271524,UPI,paid,2026-06-29 10:12:19
ORD-C93F985596,CUST003140,SES018770,PROD000872,3,16859,50577,Cash on Delivery,paid,2026-07-09 00:14:22
ORD-06C29A361D,CUST009476,SES018774,PROD001774,1,70894,70894,UPI,paid,2026-07-02 19:42:31
ORD-F8BD77C33C,CUST001085,SES018795,PROD000511,2,12976,25952,Debit Card,paid,2026-07-15 03:04:30
ORD-932F9E9201,CUST007120,SES018797,PROD000844,2,63239,126478,UPI,paid,2026-07-20 01:02:36
ORD-D39A897C42,CUST006342,SES018798,PROD001768,2,60253,120506,Credit Card,paid,2026-07-14 01:30:43
ORD-13FB97F08A,CUST005505,SES018810,PROD001939,2,91551,183102,Debit Card,paid,2026-07-23 12:33:58
ORD-0F2D96223E,CUST002828,SES018811,PROD000127,1,91762,91762,UPI,paid,2026-06-26 15:59:09
ORD-774AE634FD,CUST008710,SES018812,PROD000072,2,19496,38992,UPI,paid,2026-07-05 05:42:12
ORD-814424ECC3,CUST006696,SES018813,PROD000165,2,19791,39582,UPI,paid,2026-07-18 06:22:14
ORD-37880474F4,CUST004697,SES018815,PROD000587,3,7732,23196,Cash on Delivery,paid,2026-07-25 03:44:20
ORD-479BA9D873,CUST006983,SES018823,PROD001219,3,56446,169338,Credit Card,paid,2026-07-14 09:37:47
ORD-3153DDD4C7,CUST005288,SES018830,PROD000523,2,44363,88726,Credit Card,paid,2026-07-19 04:52:23
ORD-F785A86AFF,CUST008174,SES018831,PROD000762,2,69109,138218,UPI,paid,2026-07-07 15:07:32
ORD-8CCF1DD3F0,CUST006131,SES018846,PROD000078,2,27288,54576,UPI,paid,2026-07-17 13:38:43
ORD-E3BCB113EE,CUST000351,SES018847,PROD001887,1,20090,20090,Credit Card,refunded,2026-07-05 07:32:56
ORD-5718B46011,CUST005724,SES018848,PROD000332,1,37410,37410,UPI,paid,2026-06-26 04:30:24
ORD-5EB0D0E8B1,CUST006610,SES018862,PROD001202,2,76567,153134,Debit Card,paid,2026-07-23 00:36:10
ORD-3E6A5AF311,CUST002261,SES018868,PROD001273,2,27186,54372,UPI,paid,2026-07-04 16:53:07
ORD-CEB0A8CBC4,CUST002170,SES018871,PROD000316,2,24126,48252,UPI,paid,2026-07-19 00:50:17
ORD-D8D35D731E,CUST007749,SES018872,PROD000663,2,25326,50652,UPI,paid,2026-07-06 01:42:40
ORD-99DFC70C61,CUST004645,SES018885,PROD000217,1,57713,57713,Debit Card,paid,2026-07-20 22:49:40
ORD-B643708C91,CUST002006,SES018893,PROD001301,2,50249,100498,Debit Card,paid,2026-07-13 12:50:18
ORD-F4B55EDD4E,CUST003984,SES018896,PROD000392,3,82616,247848,Debit Card,paid,2026-06-27 06:32:46
ORD-3FCFEFD0A4,CUST008569,SES018910,PROD001111,2,72856,145712,Debit Card,paid,2026-07-12 03:13:15
ORD-6FB4A95C2A,CUST009224,SES018933,PROD001883,2,96544,193088,Wallet,paid,2026-07-01 19:27:46
ORD-33B8D47C49,CUST003041,SES018934,PROD001620,3,39730,119190,Credit Card,paid,2026-07-16 02:37:19
ORD-F6F84704D6,CUST007400,SES018937,PROD000043,3,70529,211587,Wallet,paid,2026-07-17 03:00:16
ORD-8A8F155D80,CUST003195,SES018938,PROD001637,3,8829,26487,Debit Card,paid,2026-06-26 11:39:27
ORD-3B3EB97691,CUST008435,SES018942,PROD000643,3,48117,144351,Debit Card,paid,2026-07-24 20:11:11
ORD-7545A7774D,CUST009865,SES018949,PROD000479,2,57095,114190,UPI,paid,2026-07-16 23:12:29
ORD-99177B4B0C,CUST009143,SES018961,PROD000535,3,582,1746,UPI,paid,2026-07-14 13:08:21
ORD-DF504D71E3,CUST006658,SES018966,PROD000122,3,15498,46494,UPI,paid,2026-07-19 10:46:39
ORD-C7A911C28B,CUST002525,SES018971,PROD000230,1,79435,79435,Cash on Delivery,paid,2026-07-09 21:24:56
ORD-6C0A3348A4,CUST005707,SES018982,PROD001184,2,52092,104184,UPI,paid,2026-07-10 07:47:12
ORD-606085F7D0,CUST006319,SES018983,PROD000226,3,75591,226773,UPI,paid,2026-07-05 04:13:49
ORD-C12B946DF5,CUST003290,SES019015,PROD001348,3,56152,168456,UPI,paid,2026-07-22 02:31:48
ORD-100D803041,CUST004956,SES019023,PROD001165,2,44350,88700,UPI,refunded,2026-07-23 17:47:37
ORD-9116E8491A,CUST008197,SES019026,PROD000531,3,11148,33444,Credit Card,paid,2026-07-01 21:48:16
ORD-F5FDFA80F3,CUST007982,SES019030,PROD000777,2,28164,56328,UPI,paid,2026-07-17 22:27:09
ORD-7EB56FCAE9,CUST008127,SES019040,PROD001498,2,29091,58182,Debit Card,paid,2026-07-22 14:53:28
ORD-6CC27474A4,CUST008200,SES019048,PROD000347,1,39282,39282,UPI,paid,2026-06-30 09:39:35
ORD-78FE8EAF1A,CUST006487,SES019049,PROD000487,2,48427,96854,UPI,paid,2026-07-19 06:55:39
ORD-EAE9098C76,CUST009819,SES019052,PROD000359,3,90508,271524,UPI,paid,2026-07-14 22:38:04
ORD-4EC964B435,CUST008713,SES019070,PROD001424,3,78071,234213,Debit Card,paid,2026-07-23 12:44:44
ORD-E8C2CDD311,CUST005420,SES019075,PROD000704,1,61762,61762,UPI,paid,2026-06-27 05:15:42
ORD-EBE0B55D98,CUST009136,SES019078,PROD001128,1,94174,94174,UPI,paid,2026-07-10 14:47:31
ORD-7A49F4365B,CUST004196,SES019094,PROD001907,1,97832,97832,UPI,paid,2026-07-09 06:53:51
ORD-0268FB328C,CUST001671,SES019114,PROD001640,3,84323,252969,Credit Card,paid,2026-07-16 20:46:08
ORD-EE38097E6B,CUST001186,SES019115,PROD001617,2,16018,32036,UPI,paid,2026-07-23 17:08:06
ORD-99AE484C96,CUST006051,SES019125,PROD000191,1,55494,55494,UPI,paid,2026-07-05 16:19:22
ORD-04089A8408,CUST008031,SES019134,PROD000434,1,12598,12598,Debit Card,paid,2026-07-24 15:57:23
ORD-76C7412245,CUST006523,SES019157,PROD001622,3,46507,139521,UPI,paid,2026-07-04 00:52:45
ORD-BF486BBEA0,CUST002269,SES019161,PROD001204,1,33838,33838,UPI,paid,2026-07-10 14:25:00
ORD-3FFBE2C798,CUST003577,SES019169,PROD001645,1,13666,13666,UPI,paid,2026-07-11 09:53:14
ORD-DE81E3A9AF,CUST003705,SES019171,PROD001304,2,54538,109076,UPI,paid,2026-07-25 02:55:01
ORD-754C8BFDDB,CUST004512,SES019173,PROD001697,2,80882,161764,Cash on Delivery,paid,2026-07-21 07:00:19
ORD-756F9C9DDB,CUST007749,SES019176,PROD001248,2,55874,111748,Cash on Delivery,refunded,2026-07-02 19:04:32
ORD-D9305B4B91,CUST001551,SES019178,PROD000952,1,56072,56072,UPI,paid,2026-07-05 07:52:38
ORD-9CCA1990FA,CUST005521,SES019194,PROD000642,3,16328,48984,UPI,paid,2026-07-16 19:13:16
ORD-194D308B35,CUST005533,SES019199,PROD001758,1,57936,57936,Debit Card,paid,2026-07-12 17:28:56
ORD-943F074CFF,CUST002267,SES019200,PROD001902,1,20377,20377,UPI,paid,2026-07-16 19:28:17
ORD-9E9F39F53B,CUST000538,SES019207,PROD000247,3,68012,204036,Credit Card,refunded,2026-07-21 12:02:07
ORD-5951AA71B1,CUST008578,SES019211,PROD001812,1,54886,54886,Cash on Delivery,paid,2026-07-20 09:43:42
ORD-095407C563,CUST006861,SES019212,PROD001584,3,5551,16653,Debit Card,paid,2026-07-11 13:37:23
ORD-C5B435CB42,CUST009536,SES019226,PROD001105,1,61983,61983,UPI,paid,2026-07-20 11:17:43
ORD-20638F9E29,CUST001750,SES019230,PROD001864,2,16340,32680,Debit Card,paid,2026-07-21 05:41:41
ORD-4832A5EE9F,CUST000338,SES019236,PROD000447,2,41345,82690,UPI,paid,2026-07-05 03:52:20
ORD-78F4FCF605,CUST005659,SES019240,PROD000570,3,13605,40815,Wallet,paid,2026-07-05 09:48:00
ORD-96481250A1,CUST003361,SES019243,PROD000418,3,97354,292062,UPI,paid,2026-06-28 05:46:22
ORD-302E502FE0,CUST002129,SES019252,PROD000386,2,97374,194748,Cash on Delivery,cancelled,2026-07-22 14:15:08
ORD-BEA245DC03,CUST000969,SES019267,PROD001410,3,1833,5499,Cash on Delivery,paid,2026-07-02 22:29:40
ORD-0AA450FE12,CUST003222,SES019271,PROD000107,3,19335,58005,Credit Card,paid,2026-06-26 09:44:31
ORD-64B2305078,CUST007852,SES019275,PROD001438,2,87672,175344,Cash on Delivery,cancelled,2026-07-01 09:29:42
ORD-0A75306F4B,CUST006611,SES019284,PROD001532,1,49501,49501,UPI,paid,2026-07-17 15:36:31
ORD-D712182F0D,CUST004252,SES019294,PROD001805,2,99351,198702,Debit Card,paid,2026-07-12 20:14:58
ORD-062ABDB948,CUST006972,SES019295,PROD001885,2,66746,133492,Debit Card,paid,2026-07-02 16:49:26
ORD-EE6FA1CF79,CUST001918,SES019296,PROD000299,2,20803,41606,UPI,paid,2026-07-05 02:23:04
ORD-C6A15CEE01,CUST009652,SES019317,PROD000386,2,97374,194748,Debit Card,paid,2026-07-02 19:28:39
ORD-542B4FF055,CUST008540,SES019333,PROD000598,3,16801,50403,Cash on Delivery,paid,2026-07-16 12:19:36
ORD-D8DA4BCBE3,CUST001439,SES019336,PROD001415,2,79899,159798,UPI,paid,2026-07-08 01:25:37
ORD-0A18DF3F93,CUST005111,SES019346,PROD000694,3,34503,103509,Wallet,paid,2026-07-06 02:33:10
ORD-0384A94442,CUST000454,SES019356,PROD001782,3,32728,98184,UPI,paid,2026-06-28 14:18:45
ORD-DBD54F7C6E,CUST006408,SES019361,PROD000771,2,66289,132578,UPI,paid,2026-07-04 20:30:03
ORD-08AEC1C170,CUST002096,SES019370,PROD001564,1,47414,47414,Credit Card,paid,2026-07-03 10:35:19
ORD-B635A4DB6C,CUST007889,SES019377,PROD000979,1,95811,95811,Wallet,paid,2026-07-02 18:16:32
ORD-E737E8F9D4,CUST005056,SES019379,PROD000766,1,32109,32109,UPI,paid,2026-07-04 09:20:25
ORD-D06F2140D7,CUST004667,SES019381,PROD001024,1,650,650,UPI,paid,2026-06-28 00:47:15
ORD-ADFE595D60,CUST003466,SES019386,PROD001491,3,37742,113226,Debit Card,paid,2026-06-26 11:45:03
ORD-A44CF32F09,CUST006869,SES019399,PROD001375,2,18300,36600,UPI,paid,2026-07-23 19:40:11
ORD-2808F58256,CUST009246,SES019408,PROD001772,3,60283,180849,UPI,paid,2026-07-20 20:25:08
ORD-CA4841E0CC,CUST001391,SES019419,PROD000263,2,80878,161756,Credit Card,paid,2026-07-25 01:21:27
ORD-26204FA928,CUST007750,SES019438,PROD000139,3,29521,88563,UPI,paid,2026-07-10 10:58:48
ORD-8425A09006,CUST009125,SES019441,PROD000819,3,86419,259257,UPI,paid,2026-07-10 22:45:12
ORD-148A99B537,CUST000300,SES019442,PROD000672,3,6494,19482,Debit Card,paid,2026-07-06 21:47:09
ORD-666B0137E3,CUST001883,SES019447,PROD001642,1,38668,38668,Cash on Delivery,paid,2026-07-12 10:17:09
ORD-FE1DA717E9,CUST009744,SES019461,PROD001412,1,9805,9805,UPI,paid,2026-06-29 02:16:05
ORD-FFD7BF0B08,CUST001589,SES019466,PROD000728,3,84771,254313,UPI,paid,2026-07-13 18:03:31
ORD-6843A0E378,CUST009062,SES019468,PROD001523,1,76454,76454,UPI,paid,2026-07-23 19:09:15
ORD-701F9EE813,CUST009231,SES019477,PROD001835,3,50917,152751,UPI,refunded,2026-06-28 21:42:38
ORD-600AAA8F49,CUST007412,SES019483,PROD000871,2,4177,8354,Wallet,paid,2026-07-21 04:54:47
ORD-5EE0F4993F,CUST000976,SES019487,PROD001979,1,33588,33588,UPI,paid,2026-07-11 02:17:11
ORD-06EB7643AC,CUST005599,SES019500,PROD001223,3,24326,72978,Credit Card,paid,2026-07-04 21:41:55
ORD-B547648038,CUST007163,SES019505,PROD000597,3,47015,141045,Debit Card,paid,2026-07-13 03:25:23
ORD-2B2A36D277,CUST000772,SES019508,PROD001962,3,55568,166704,UPI,paid,2026-06-29 13:28:43
ORD-8E76B70664,CUST001609,SES019510,PROD000282,1,13236,13236,Credit Card,paid,2026-07-11 01:56:11
ORD-E94BB796A5,CUST008536,SES019517,PROD001036,1,2181,2181,Cash on Delivery,refunded,2026-07-21 05:20:14
ORD-E78E0EC41F,CUST000484,SES019518,PROD001684,1,89117,89117,UPI,paid,2026-07-20 11:59:32
ORD-45B2DF00E2,CUST007088,SES019530,PROD001489,2,32949,65898,Wallet,paid,2026-07-14 01:43:53
ORD-08A964DBE1,CUST001798,SES019535,PROD001698,1,79648,79648,UPI,paid,2026-07-21 03:32:42
ORD-6C409D1F47,CUST007474,SES019553,PROD001420,2,13340,26680,UPI,cancelled,2026-07-03 10:24:40
ORD-CF843762DB,CUST001794,SES019557,PROD001460,2,61518,123036,UPI,paid,2026-06-29 06:24:10
ORD-B6BA2A2849,CUST002948,SES019559,PROD000772,2,57305,114610,Cash on Delivery,paid,2026-07-13 22:05:53
ORD-878D67AE8C,CUST007046,SES019569,PROD000797,3,71043,213129,UPI,paid,2026-06-28 06:39:14
ORD-689176D9F4,CUST008757,SES019582,PROD000800,2,61627,123254,Credit Card,paid,2026-07-16 06:27:42
ORD-3AA9AEAF56,CUST004665,SES019586,PROD001611,2,5351,10702,UPI,paid,2026-07-09 20:48:22
ORD-E8766D225D,CUST005774,SES019593,PROD000901,1,62656,62656,UPI,paid,2026-06-30 12:00:49
ORD-30D1EC3DCC,CUST003793,SES019595,PROD000472,2,15266,30532,UPI,paid,2026-07-05 20:16:37
ORD-6F78033F60,CUST001692,SES019611,PROD001094,1,40801,40801,Debit Card,paid,2026-07-16 13:09:03
ORD-7E004993EF,CUST003319,SES019622,PROD001148,1,78136,78136,Credit Card,paid,2026-07-23 21:31:14
ORD-C4873D3440,CUST001031,SES019623,PROD001951,2,64978,129956,UPI,paid,2026-07-07 01:54:43
ORD-2A06E878A1,CUST000600,SES019625,PROD000873,1,84333,84333,UPI,paid,2026-07-20 22:45:51
ORD-FB2F06E1FF,CUST003861,SES019626,PROD001935,2,6879,13758,Debit Card,paid,2026-07-19 19:01:07
ORD-F8A7CFCD1F,CUST008008,SES019643,PROD000119,3,18625,55875,Credit Card,paid,2026-07-08 05:24:42
ORD-29F1904DF0,CUST006161,SES019653,PROD001266,3,51371,154113,Debit Card,paid,2026-06-27 01:22:58
ORD-F0614657FD,CUST003995,SES019655,PROD000261,2,21431,42862,UPI,paid,2026-07-14 22:22:27
ORD-DE0FDFF7DD,CUST008911,SES019670,PROD000990,1,68833,68833,Cash on Delivery,paid,2026-07-03 17:37:10
ORD-4A5B3AEFD6,CUST003490,SES019673,PROD000254,1,21719,21719,UPI,paid,2026-06-30 18:02:30
ORD-99FB02C8B3,CUST003097,SES019684,PROD001616,2,49091,98182,UPI,paid,2026-07-01 06:43:36
ORD-472BFCCE87,CUST004116,SES019696,PROD001719,1,63252,63252,UPI,cancelled,2026-07-13 04:32:49
ORD-72783E746B,CUST009551,SES019701,PROD000950,1,51993,51993,UPI,paid,2026-07-11 07:51:23
ORD-59AD9D6D12,CUST007959,SES019714,PROD001471,3,53991,161973,Cash on Delivery,paid,2026-07-12 15:59:03
ORD-199B0BB896,CUST006401,SES019717,PROD001819,2,21053,42106,UPI,paid,2026-07-20 01:50:15
ORD-7992CF4117,CUST003767,SES019727,PROD001272,2,24663,49326,Credit Card,paid,2026-07-04 11:43:23
ORD-124B8195C4,CUST002358,SES019733,PROD001888,1,69997,69997,UPI,paid,2026-06-28 11:10:14
ORD-63B51FA0A9,CUST008064,SES019735,PROD000391,3,98180,294540,UPI,paid,2026-07-14 09:04:13
ORD-5B55566B12,CUST009182,SES019742,PROD001725,3,19126,57378,UPI,paid,2026-07-10 04:20:17
ORD-AB0CBB7CC3,CUST000918,SES019747,PROD000403,3,511,1533,Debit Card,paid,2026-07-15 16:03:03
ORD-397A10CF37,CUST008740,SES019771,PROD000405,2,8331,16662,Credit Card,paid,2026-07-20 05:05:11
ORD-47A4709FA5,CUST003441,SES019772,PROD000502,1,78985,78985,Cash on Delivery,refunded,2026-06-25 21:06:12
ORD-696FAFD763,CUST005394,SES019786,PROD000909,3,70797,212391,UPI,paid,2026-06-28 14:02:22
ORD-CA23303073,CUST006574,SES019789,PROD000339,3,59487,178461,UPI,paid,2026-06-30 00:40:54
ORD-93EC02DD86,CUST006678,SES019804,PROD000559,3,46852,140556,Credit Card,paid,2026-07-06 21:49:31
ORD-A176147027,CUST004007,SES019813,PROD000686,1,49688,49688,UPI,paid,2026-07-02 18:32:41
ORD-CBB11FD922,CUST006555,SES019834,PROD000380,3,82164,246492,Cash on Delivery,paid,2026-07-19 00:56:59
ORD-C7F9FD8D48,CUST002837,SES019846,PROD001248,3,55874,167622,Credit Card,paid,2026-07-16 11:49:26
ORD-8614DC7891,CUST001812,SES019847,PROD000444,2,71974,143948,Credit Card,paid,2026-07-06 05:06:04
ORD-22F00B75CE,CUST002288,SES019848,PROD000141,2,76665,153330,Credit Card,paid,2026-07-18 16:26:24
ORD-ADD7D10A32,CUST003101,SES019853,PROD001554,1,21743,21743,UPI,paid,2026-07-07 06:31:47
ORD-359926946D,CUST005870,SES019859,PROD001338,3,24503,73509,UPI,paid,2026-07-22 16:28:55
ORD-50256812BC,CUST000909,SES019860,PROD001488,2,18404,36808,UPI,paid,2026-07-04 17:12:00
ORD-27D4176F2C,CUST007396,SES019866,PROD001575,2,79752,159504,UPI,paid,2026-07-17 13:44:41
ORD-0F448FD7A1,CUST007330,SES019887,PROD000717,3,18003,54009,UPI,paid,2026-07-07 21:45:02
ORD-168045758B,CUST005926,SES019904,PROD001254,3,39489,118467,UPI,paid,2026-07-14 03:37:50
ORD-936A6008CF,CUST005948,SES019907,PROD001631,2,33464,66928,Wallet,paid,2026-07-15 01:31:56
ORD-7092E82404,CUST002254,SES019919,PROD001030,3,2261,6783,UPI,paid,2026-07-25 03:45:08
ORD-4C78C44C85,CUST001587,SES019920,PROD000104,1,30282,30282,UPI,refunded,2026-07-19 09:06:27
ORD-41197D12FF,CUST006891,SES019933,PROD001204,1,33838,33838,Cash on Delivery,paid,2026-07-13 15:33:35
ORD-E63898EE70,CUST009115,SES019939,PROD000652,2,62458,124916,UPI,paid,2026-07-09 09:42:29
ORD-3624990B1C,CUST009943,SES019947,PROD000848,3,95093,285279,UPI,paid,2026-07-18 00:34:27
ORD-6712D226A3,CUST005828,SES019960,PROD001242,1,27108,27108,Credit Card,paid,2026-07-09 21:24:20
ORD-6C6E7C2A3B,CUST006398,SES019963,PROD001262,3,37881,113643,Credit Card,paid,2026-07-04 19:45:04
ORD-8ED477DAA0,CUST001625,SES019968,PROD001980,3,3990,11970,Cash on Delivery,paid,2026-07-05 09:49:54
ORD-3A9265B1B1,CUST005531,SES019969,PROD000053,2,19309,38618,Cash on Delivery,paid,2026-07-15 01:08:47
ORD-5E22A5F7C3,CUST001814,SES019979,PROD000798,1,85545,85545,Wallet,paid,2026-07-03 23:09:08
ORD-088E1E2568,CUST004562,SES019982,PROD001963,2,43913,87826,UPI,refunded,2026-07-11 16:41:44
ORD-A48072CE41,CUST006027,SES019994,PROD001646,1,13245,13245,Cash on Delivery,paid,2026-07-01 07:12:53
ORD-3C9E7ADEE6,CUST005145,SES019997,PROD000452,3,1102,3306,UPI,paid,2026-07-16 10:19:36
ORD-15BBCC5E00,CUST006118,SES020000,PROD001491,2,37742,75484,Cash on Delivery,paid,2026-07-21 09:04:59
ORD-0E10363201,CUST005255,SES020003,PROD000897,1,9784,9784,UPI,paid,2026-07-11 04:01:58
ORD-FD5D6F8FD4,CUST009447,SES020011,PROD000973,3,13549,40647,Credit Card,paid,2026-07-06 13:33:31
ORD-594C2FC87C,CUST005631,SES020030,PROD000367,1,36253,36253,UPI,paid,2026-07-06 21:10:09
ORD-E34B55EF4D,CUST006219,SES020032,PROD001945,1,30389,30389,UPI,paid,2026-06-29 21:41:30
ORD-CEB9796E3C,CUST007621,SES020041,PROD000840,3,70761,212283,Debit Card,paid,2026-07-14 15:26:25
ORD-E0EE0A86D5,CUST004038,SES020042,PROD001921,1,19477,19477,UPI,paid,2026-07-01 10:50:34
ORD-14FB7933B7,CUST007634,SES020052,PROD001757,3,15088,45264,UPI,refunded,2026-06-29 00:47:47
ORD-FA260AAE37,CUST001644,SES020065,PROD001923,3,93343,280029,Wallet,paid,2026-07-08 06:05:36
ORD-16D975E517,CUST005619,SES020074,PROD001776,2,27264,54528,UPI,paid,2026-06-29 16:32:10
ORD-EE3856C37D,CUST005777,SES020080,PROD001162,3,20140,60420,Debit Card,paid,2026-07-20 21:00:18
ORD-D26129D52D,CUST009383,SES020084,PROD001485,1,87431,87431,Credit Card,paid,2026-07-08 18:03:13
ORD-7753C551EA,CUST005533,SES020095,PROD000482,1,15959,15959,Wallet,paid,2026-07-14 15:47:13
ORD-17B2FEC8DD,CUST008837,SES020099,PROD000401,1,92074,92074,UPI,paid,2026-07-19 17:11:11
ORD-DF84F17E3C,CUST000330,SES020111,PROD000504,2,29988,59976,Debit Card,paid,2026-07-04 12:31:59
ORD-96F7594619,CUST001177,SES020113,PROD001394,1,61990,61990,UPI,paid,2026-07-22 18:15:48
ORD-4DEEA0D942,CUST005292,SES020120,PROD000804,2,22240,44480,UPI,paid,2026-07-06 16:36:32
ORD-3A34A1B17F,CUST003603,SES020124,PROD000239,3,44759,134277,UPI,paid,2026-07-24 08:33:19
ORD-4693DE0DFA,CUST000676,SES020127,PROD000844,3,63239,189717,Wallet,paid,2026-07-25 05:07:01
ORD-E3D1607B10,CUST004233,SES020128,PROD001381,3,99246,297738,Credit Card,paid,2026-07-01 08:14:40
ORD-C02D1AC955,CUST000595,SES020131,PROD001806,1,18978,18978,UPI,paid,2026-07-18 14:48:00
ORD-F4CBCB73AD,CUST007493,SES020132,PROD001186,3,44529,133587,Wallet,paid,2026-07-16 18:38:03
ORD-A28016F10F,CUST003954,SES020136,PROD001659,1,69207,69207,UPI,paid,2026-07-21 23:10:13
ORD-C539CE8B8E,CUST007575,SES020142,PROD000354,1,68533,68533,Wallet,paid,2026-06-28 18:38:39
ORD-94446542C7,CUST004878,SES020143,PROD001976,3,63681,191043,Credit Card,paid,2026-07-08 05:41:02
ORD-690B5BA424,CUST003776,SES020144,PROD001245,2,56795,113590,Debit Card,paid,2026-06-26 13:42:44
ORD-06B9788BAF,CUST003271,SES020158,PROD001334,3,24819,74457,UPI,paid,2026-07-15 17:38:11
ORD-4B30B51FF1,CUST008631,SES020163,PROD001166,1,61606,61606,Cash on Delivery,paid,2026-07-16 08:01:17
ORD-EB4F6F9427,CUST006055,SES020177,PROD001042,3,10177,30531,Cash on Delivery,paid,2026-07-25 19:59:20
ORD-365F5EEE8E,CUST003386,SES020184,PROD000357,3,52758,158274,Credit Card,paid,2026-07-05 23:10:16
ORD-155D6DB073,CUST006778,SES020185,PROD001953,1,63556,63556,Debit Card,paid,2026-07-23 07:09:53
ORD-ADED7120C3,CUST006682,SES020200,PROD001503,2,24949,49898,UPI,paid,2026-07-16 12:42:23
ORD-ECB856DB3E,CUST000315,SES020204,PROD000879,1,3827,3827,Credit Card,paid,2026-06-27 18:29:01
ORD-559E393D38,CUST001837,SES020207,PROD001175,2,8306,16612,Credit Card,paid,2026-07-16 08:50:47
ORD-FE7A1B5290,CUST009691,SES020209,PROD001367,1,17095,17095,Debit Card,paid,2026-07-15 17:26:45
ORD-E4E540C1FE,CUST001281,SES020213,PROD000419,3,89072,267216,UPI,paid,2026-06-25 23:49:16
ORD-2CD95C3A4D,CUST006763,SES020222,PROD000228,2,75756,151512,UPI,paid,2026-07-21 18:18:10
ORD-8AE0EDFA8E,CUST008129,SES020230,PROD001097,1,93472,93472,Wallet,paid,2026-07-19 18:14:54
ORD-BEFE8D184E,CUST008659,SES020237,PROD001692,1,73315,73315,Debit Card,paid,2026-07-09 00:22:17
ORD-CFA45167E1,CUST006291,SES020254,PROD000027,2,89875,179750,UPI,paid,2026-07-24 16:47:40
ORD-87762EB001,CUST008367,SES020256,PROD001355,2,21325,42650,Debit Card,paid,2026-07-07 08:33:48
ORD-BA460DFA45,CUST004485,SES020259,PROD001253,2,58539,117078,UPI,paid,2026-07-14 06:36:08
ORD-BD031057A5,CUST000291,SES020263,PROD000894,2,91261,182522,UPI,paid,2026-06-26 15:07:54
ORD-574BD27DFE,CUST003783,SES020274,PROD001959,1,23868,23868,UPI,paid,2026-06-27 11:52:49
ORD-A97A2FA3FE,CUST000264,SES020284,PROD000783,1,18430,18430,Debit Card,paid,2026-07-02 18:27:07
ORD-5DB33AF0B9,CUST004917,SES020285,PROD000826,2,76922,153844,Debit Card,paid,2026-06-28 20:35:10
ORD-BE82A75AD4,CUST000692,SES020301,PROD000239,2,44759,89518,Debit Card,paid,2026-07-07 17:14:47
ORD-E1CAC39C96,CUST006284,SES020311,PROD001807,3,52277,156831,UPI,paid,2026-07-11 19:12:16
ORD-69271ECFDD,CUST005375,SES020317,PROD001626,2,6649,13298,UPI,paid,2026-07-15 10:12:07
ORD-3D921810E6,CUST000489,SES020318,PROD000784,2,70055,140110,UPI,paid,2026-07-02 09:38:56
ORD-251A236EA8,CUST002746,SES020319,PROD000699,2,23143,46286,Credit Card,paid,2026-07-09 17:46:44
ORD-94123E3250,CUST004701,SES020326,PROD000640,3,69205,207615,UPI,paid,2026-07-20 22:55:59
ORD-3BEE58B2A7,CUST007630,SES020329,PROD000445,1,78690,78690,Wallet,refunded,2026-07-13 05:50:54
ORD-05B6F656E9,CUST005230,SES020331,PROD001046,1,39150,39150,Credit Card,paid,2026-06-27 19:36:26
ORD-76F0F096C2,CUST003019,SES020336,PROD000251,1,56487,56487,UPI,paid,2026-07-16 11:56:32
ORD-3D16375111,CUST004006,SES020339,PROD001454,1,78083,78083,UPI,paid,2026-07-11 20:53:35
ORD-86BD6EF42C,CUST003926,SES020341,PROD000297,2,66777,133554,UPI,paid,2026-07-07 23:14:15
ORD-2377BA8CB6,CUST005731,SES020355,PROD001968,1,16568,16568,Debit Card,paid,2026-07-01 16:42:06
ORD-06DD65F48F,CUST002360,SES020360,PROD001530,3,13198,39594,UPI,paid,2026-07-14 18:23:36
ORD-C2146619C3,CUST001934,SES020362,PROD001164,1,21277,21277,UPI,paid,2026-07-11 06:59:27
ORD-853B0D6390,CUST004119,SES020369,PROD000316,3,24126,72378,UPI,paid,2026-06-30 09:00:43
ORD-C6098BCBCD,CUST007575,SES020370,PROD000011,3,79430,238290,Cash on Delivery,paid,2026-07-14 07:31:37
ORD-520F0C1DE5,CUST007198,SES020371,PROD000665,3,89874,269622,Credit Card,paid,2026-07-05 21:45:43
ORD-29FCF3C644,CUST004587,SES020374,PROD000762,1,69109,69109,Cash on Delivery,refunded,2026-07-07 02:04:45
ORD-C5F0A36468,CUST005198,SES020395,PROD001177,1,12414,12414,Debit Card,cancelled,2026-07-16 18:55:59
ORD-1BFC9BA191,CUST001385,SES020408,PROD001357,2,99642,199284,Credit Card,paid,2026-07-11 20:13:39
ORD-AC7B6C2CE4,CUST004823,SES020415,PROD000200,1,34444,34444,Cash on Delivery,paid,2026-07-01 04:07:17
ORD-2B6B8545C3,CUST004010,SES020420,PROD001005,1,42492,42492,Cash on Delivery,cancelled,2026-06-28 16:55:30
ORD-EC65089EED,CUST006057,SES020421,PROD000344,1,16335,16335,UPI,refunded,2026-07-02 11:52:29
ORD-AFD0FC212D,CUST003855,SES020424,PROD000579,1,32077,32077,UPI,refunded,2026-07-25 00:21:35
ORD-EDA8547E06,CUST009193,SES020430,PROD002000,3,55390,166170,UPI,paid,2026-07-02 22:52:55
ORD-D85E61EA53,CUST006466,SES020444,PROD000524,2,48579,97158,Debit Card,paid,2026-07-20 16:55:48
ORD-C8E5790F00,CUST004565,SES020453,PROD000120,3,21748,65244,UPI,paid,2026-07-01 03:48:43
ORD-4F2210CFBF,CUST006091,SES020459,PROD000597,1,47015,47015,Cash on Delivery,paid,2026-07-06 18:16:38
ORD-92D03DFC79,CUST002765,SES020463,PROD001642,1,38668,38668,UPI,paid,2026-07-04 08:16:17
ORD-4D744D231E,CUST007160,SES020472,PROD001296,2,62308,124616,Credit Card,paid,2026-07-08 08:58:14
ORD-6274097B85,CUST009655,SES020488,PROD001826,3,50246,150738,UPI,paid,2026-07-19 00:34:58
ORD-9BEF5F2392,CUST004171,SES020495,PROD001401,1,53703,53703,Credit Card,paid,2026-07-11 13:13:14
ORD-EE72953034,CUST009776,SES020498,PROD001227,3,84363,253089,UPI,refunded,2026-07-07 21:40:26
ORD-4B8DC371EE,CUST006832,SES020503,PROD000061,3,79494,238482,Credit Card,paid,2026-06-29 10:39:59
ORD-0F4CE98633,CUST001188,SES020526,PROD000928,2,295,590,UPI,paid,2026-07-11 00:01:14
ORD-C3061E6FAD,CUST006246,SES020528,PROD000738,1,35565,35565,Cash on Delivery,paid,2026-07-05 14:18:32
ORD-ED2EF7F3F4,CUST004767,SES020530,PROD001039,2,54016,108032,UPI,paid,2026-07-22 11:29:27
ORD-C6E3BAFB8D,CUST006331,SES020547,PROD001081,2,41488,82976,UPI,paid,2026-07-04 11:53:41
ORD-CAD0F8BB4C,CUST006518,SES020553,PROD000779,3,5151,15453,Cash on Delivery,paid,2026-07-03 20:46:33
ORD-4EC4D5CCB1,CUST007429,SES020560,PROD001014,1,20264,20264,UPI,paid,2026-07-13 01:21:49
ORD-C1D525E1EF,CUST000895,SES020572,PROD001990,1,77087,77087,Cash on Delivery,paid,2026-07-21 14:55:45
ORD-0F16649F96,CUST006946,SES020574,PROD001887,1,20090,20090,Credit Card,paid,2026-06-27 13:41:48
ORD-C8A456E8D7,CUST009031,SES020591,PROD000044,2,75205,150410,Wallet,paid,2026-07-08 05:10:35
ORD-53519BBE27,CUST000172,SES020595,PROD000282,1,13236,13236,UPI,paid,2026-06-28 07:57:19
ORD-38C9E67C98,CUST004422,SES020616,PROD001855,2,43341,86682,Cash on Delivery,paid,2026-07-19 21:33:36
ORD-C4F57A346E,CUST005252,SES020621,PROD000719,3,41815,125445,Debit Card,cancelled,2026-07-14 02:33:52
ORD-7BC51207AC,CUST009351,SES020624,PROD001221,2,17098,34196,Debit Card,paid,2026-07-08 19:13:37
ORD-BCD1B30F90,CUST000758,SES020646,PROD000560,1,81912,81912,Wallet,paid,2026-07-01 09:53:24
ORD-EBF4D86365,CUST005448,SES020655,PROD000258,3,73203,219609,UPI,paid,2026-07-08 18:08:37
ORD-D369EF10BE,CUST006148,SES020665,PROD000869,1,41916,41916,UPI,paid,2026-07-12 09:56:37
ORD-5B73361F51,CUST001810,SES020671,PROD001325,2,89206,178412,UPI,paid,2026-07-02 16:39:38
ORD-44F274A712,CUST005407,SES020677,PROD000580,3,30749,92247,Credit Card,paid,2026-07-14 12:22:01
ORD-952ACD2090,CUST008039,SES020678,PROD000234,1,78087,78087,UPI,paid,2026-07-06 22:07:07
ORD-7A3D7146AB,CUST003832,SES020695,PROD001071,2,20172,40344,UPI,paid,2026-07-21 17:33:36
ORD-B086D550EA,CUST006218,SES020699,PROD000009,2,7559,15118,Credit Card,paid,2026-07-20 18:21:04
ORD-7E0DA59300,CUST002957,SES020701,PROD000388,1,61199,61199,Debit Card,paid,2026-07-10 01:07:28
ORD-D6018B8CC0,CUST009344,SES020704,PROD001306,1,97981,97981,Cash on Delivery,paid,2026-06-29 09:22:41
ORD-0DFF178FCC,CUST006711,SES020705,PROD000070,1,77745,77745,UPI,paid,2026-06-29 20:41:17
ORD-4F4AA3120A,CUST007247,SES020708,PROD001136,2,6282,12564,UPI,cancelled,2026-07-25 17:47:41
ORD-E9BE9C664B,CUST007231,SES020715,PROD000889,1,14674,14674,Debit Card,paid,2026-07-16 07:28:16
ORD-0312064D31,CUST008064,SES020725,PROD000491,3,30482,91446,Cash on Delivery,paid,2026-07-20 14:39:21
ORD-56FE5EAFC8,CUST000900,SES020726,PROD001000,1,57900,57900,UPI,paid,2026-07-10 12:57:38
ORD-64AF264841,CUST003262,SES020729,PROD000763,2,28671,57342,Cash on Delivery,paid,2026-07-05 14:10:26
ORD-E9294B2E19,CUST006881,SES020731,PROD001018,2,83699,167398,UPI,paid,2026-07-08 20:40:23
ORD-E0D1CD5752,CUST006772,SES020740,PROD000166,3,75555,226665,UPI,paid,2026-07-13 18:12:59
ORD-90385641E7,CUST002859,SES020749,PROD001302,3,8755,26265,Wallet,paid,2026-07-02 10:25:49
ORD-D80B82DAE4,CUST000438,SES020775,PROD000375,3,67888,203664,Debit Card,paid,2026-07-23 15:17:14
ORD-0C8304E4FB,CUST003115,SES020787,PROD000549,2,29300,58600,Credit Card,paid,2026-07-22 12:03:21
ORD-FFAF5994AB,CUST007179,SES020795,PROD001658,1,520,520,UPI,paid,2026-07-23 13:15:26
ORD-21E6D1BA32,CUST009481,SES020798,PROD001420,1,13340,13340,UPI,paid,2026-07-23 09:36:06
ORD-F8A31E0DFA,CUST001948,SES020802,PROD000641,1,70459,70459,Credit Card,paid,2026-07-08 10:53:51
ORD-843FA48841,CUST001377,SES020812,PROD000882,2,35194,70388,Credit Card,paid,2026-07-13 12:13:14
ORD-687416619B,CUST005921,SES020817,PROD001044,1,41325,41325,UPI,paid,2026-07-02 12:34:38
ORD-9A08232FB2,CUST009549,SES020845,PROD000221,1,25227,25227,Wallet,paid,2026-06-29 01:23:08
ORD-5782178835,CUST001326,SES020848,PROD001554,1,21743,21743,Cash on Delivery,paid,2026-07-21 23:46:02
ORD-3E7FA43CB7,CUST004432,SES020850,PROD000248,2,22492,44984,UPI,paid,2026-07-14 05:46:28
ORD-CCEA12C6DD,CUST003301,SES020853,PROD000970,3,71382,214146,Debit Card,paid,2026-07-12 17:51:43
ORD-95AB8FDF46,CUST006461,SES020855,PROD000579,2,32077,64154,Credit Card,paid,2026-06-29 03:53:52
ORD-521EA673C1,CUST006051,SES020859,PROD000245,3,2264,6792,Cash on Delivery,cancelled,2026-07-16 05:46:49
ORD-4F65AE2385,CUST002953,SES020872,PROD000488,2,33408,66816,Credit Card,paid,2026-07-25 15:28:48
ORD-1468799982,CUST000717,SES020874,PROD000147,3,78600,235800,Debit Card,cancelled,2026-07-13 09:41:06
ORD-4E37C8CB89,CUST001430,SES020879,PROD001594,1,6628,6628,UPI,paid,2026-07-07 03:13:36
ORD-49FDDE8765,CUST002720,SES020892,PROD001897,1,93367,93367,UPI,paid,2026-07-05 04:28:14
ORD-C6EBE23D9D,CUST004068,SES020897,PROD001750,2,69994,139988,Credit Card,paid,2026-07-13 00:06:06
ORD-27D7793DA2,CUST006660,SES020899,PROD000517,3,15336,46008,Credit Card,paid,2026-07-11 13:10:39
ORD-E7F3DF3EA3,CUST000924,SES020904,PROD000813,3,79206,237618,UPI,paid,2026-07-14 06:22:35
ORD-337D8B7EC7,CUST009336,SES020908,PROD001260,2,41933,83866,Credit Card,paid,2026-07-02 07:46:49
ORD-581AFE818C,CUST000747,SES020912,PROD000694,2,34503,69006,UPI,paid,2026-07-07 16:19:19
ORD-102D6EB44D,CUST004485,SES020917,PROD000281,3,5195,15585,Credit Card,paid,2026-07-16 02:35:42
ORD-18BE2BED92,CUST007465,SES020922,PROD001614,3,84465,253395,Credit Card,paid,2026-07-22 01:03:08
ORD-28AB3379BA,CUST008913,SES020927,PROD001350,3,40907,122721,Cash on Delivery,paid,2026-07-22 18:21:43
ORD-37EC8A7B58,CUST000523,SES020931,PROD001623,1,38702,38702,Cash on Delivery,paid,2026-06-26 00:24:10
ORD-6AB4DBB14C,CUST006914,SES020937,PROD000139,2,29521,59042,UPI,paid,2026-07-16 16:50:06
ORD-A014C1F38E,CUST005194,SES020941,PROD000878,3,86612,259836,UPI,paid,2026-07-04 06:43:29
ORD-5414D02DE0,CUST001209,SES020952,PROD000379,1,31449,31449,Credit Card,paid,2026-07-05 21:51:39
ORD-0B6919D92C,CUST009575,SES020955,PROD001129,1,55451,55451,UPI,paid,2026-07-25 00:23:37
ORD-766F31DA62,CUST005055,SES020959,PROD000372,3,22511,67533,Wallet,paid,2026-07-06 08:56:47
ORD-0AD1D995AE,CUST001220,SES020964,PROD001334,3,24819,74457,UPI,paid,2026-07-12 11:07:37
ORD-B0D2E3A365,CUST009287,SES020968,PROD000832,3,69390,208170,UPI,refunded,2026-07-14 20:08:47
ORD-70DB383BBA,CUST000275,SES020977,PROD000454,3,2831,8493,UPI,paid,2026-07-24 16:51:57
ORD-9DA7723315,CUST003157,SES021000,PROD001736,1,2551,2551,UPI,paid,2026-07-20 09:51:03
ORD-D7337EA885,CUST001060,SES021012,PROD001496,2,95775,191550,UPI,paid,2026-07-05 00:36:21
ORD-38A64ADF98,CUST000748,SES021013,PROD001399,3,86380,259140,UPI,paid,2026-07-21 17:16:58
ORD-9F66EF0A04,CUST008989,SES021016,PROD001310,2,99942,199884,UPI,refunded,2026-07-09 21:36:58
ORD-8A267688CC,CUST008591,SES021019,PROD001118,3,53107,159321,UPI,refunded,2026-07-23 22:18:48
ORD-8DCA0B7A0F,CUST007615,SES021027,PROD000761,3,14326,42978,Cash on Delivery,paid,2026-07-25 03:33:33
ORD-3EEB071C64,CUST006800,SES021030,PROD000019,3,99456,298368,UPI,paid,2026-07-22 03:58:24
ORD-460E099A43,CUST009405,SES021033,PROD001499,2,40148,80296,Cash on Delivery,paid,2026-07-01 03:11:38
ORD-7D1CAD38DB,CUST003688,SES021037,PROD000719,1,41815,41815,UPI,paid,2026-06-28 20:54:43
ORD-F69290D6FD,CUST001656,SES021038,PROD001786,3,16361,49083,UPI,paid,2026-06-28 08:52:12
ORD-8B7563E820,CUST005685,SES021047,PROD001630,1,76405,76405,UPI,paid,2026-07-16 08:45:28
ORD-A7AC7D6BBA,CUST000329,SES021048,PROD000239,2,44759,89518,UPI,paid,2026-07-12 07:10:48
ORD-9E8B7A6F00,CUST008604,SES021049,PROD001102,1,12024,12024,UPI,paid,2026-07-12 14:17:20
ORD-6423050271,CUST001910,SES021050,PROD001609,1,54045,54045,Wallet,paid,2026-07-01 20:29:38
ORD-62A63A8573,CUST005197,SES021059,PROD001959,3,23868,71604,Debit Card,paid,2026-06-30 05:44:42
ORD-6A58C71C6B,CUST002022,SES021065,PROD001545,3,83289,249867,Debit Card,paid,2026-07-22 11:20:37
ORD-7CB3DEC88C,CUST009732,SES021071,PROD000642,3,16328,48984,UPI,paid,2026-07-04 18:23:38
ORD-C2AB5970F4,CUST001560,SES021075,PROD001897,3,93367,280101,Credit Card,paid,2026-07-21 08:21:07
ORD-FBAA1F5C88,CUST002347,SES021077,PROD001592,3,3984,11952,Cash on Delivery,paid,2026-07-19 03:56:48
ORD-7C8D21BEBD,CUST005871,SES021079,PROD001391,2,72006,144012,UPI,paid,2026-07-07 15:25:56
ORD-C7C96972CD,CUST009880,SES021084,PROD001377,2,33225,66450,Credit Card,paid,2026-07-20 17:39:37
ORD-930B5EC9B3,CUST006364,SES021094,PROD001874,1,54190,54190,UPI,paid,2026-07-02 22:05:47
ORD-ED5BDDE11E,CUST009486,SES021099,PROD001361,3,3947,11841,UPI,paid,2026-07-03 09:31:37
ORD-F56D239F84,CUST006029,SES021104,PROD000004,3,56738,170214,Credit Card,paid,2026-07-25 05:16:55
ORD-A07E69CEE3,CUST004180,SES021108,PROD000712,1,58936,58936,UPI,paid,2026-07-02 03:55:16
ORD-4893678318,CUST009119,SES021110,PROD000442,3,78710,236130,Cash on Delivery,paid,2026-07-18 18:51:00
ORD-D36D7F0F80,CUST008999,SES021122,PROD001486,1,70591,70591,UPI,paid,2026-06-30 06:06:24
ORD-A7F4B03B18,CUST008642,SES021124,PROD001697,2,80882,161764,UPI,paid,2026-07-04 14:44:48
ORD-7B497DA50B,CUST007957,SES021125,PROD000737,3,37602,112806,Credit Card,paid,2026-07-05 09:30:22
ORD-519C6F791E,CUST002474,SES021127,PROD000617,3,67675,203025,UPI,paid,2026-06-28 17:05:51
ORD-6C6FEBC85D,CUST002357,SES021142,PROD001181,3,47783,143349,UPI,paid,2026-06-29 22:38:06
ORD-AB3A797FB3,CUST000415,SES021146,PROD001810,3,95328,285984,Wallet,paid,2026-07-16 09:08:41
ORD-535A66EF5C,CUST004253,SES021147,PROD000016,1,22712,22712,UPI,paid,2026-07-11 11:00:16
ORD-0695C965F9,CUST000872,SES021154,PROD000125,3,12886,38658,UPI,paid,2026-07-17 12:12:52
ORD-CFDDB10B4E,CUST000636,SES021155,PROD000489,2,64070,128140,Credit Card,paid,2026-07-08 08:14:41
ORD-17AB173C72,CUST009706,SES021160,PROD001226,2,35761,71522,UPI,paid,2026-07-07 17:58:01
ORD-A33AB40F83,CUST001350,SES021169,PROD000515,1,27814,27814,Cash on Delivery,paid,2026-07-15 05:30:35
ORD-C92AD216A3,CUST002471,SES021170,PROD001195,2,62093,124186,Debit Card,paid,2026-07-01 18:51:50
ORD-EB9944E5FC,CUST001060,SES021174,PROD000435,1,38383,38383,Credit Card,paid,2026-07-04 12:48:12
ORD-1164D0CB9C,CUST001008,SES021175,PROD000073,1,54841,54841,Debit Card,cancelled,2026-07-03 00:20:38
ORD-3A22B440A8,CUST002082,SES021181,PROD000278,1,19002,19002,Credit Card,paid,2026-07-19 17:46:23
ORD-27C8DB6C88,CUST005599,SES021222,PROD001348,3,56152,168456,UPI,refunded,2026-06-29 01:53:46
ORD-B073A6F8F3,CUST002981,SES021230,PROD001603,1,19001,19001,Debit Card,paid,2026-07-17 21:58:30
ORD-A57E2AF2EF,CUST002873,SES021233,PROD000900,3,81425,244275,Credit Card,paid,2026-07-11 08:20:06
ORD-CFFFDE4344,CUST007791,SES021244,PROD000031,2,42712,85424,Credit Card,paid,2026-07-07 01:29:10
ORD-49A51BD4F0,CUST003806,SES021254,PROD000218,3,8968,26904,Wallet,paid,2026-07-13 16:06:02
ORD-8C1F1280B4,CUST007677,SES021262,PROD000361,1,42646,42646,Debit Card,paid,2026-07-15 22:25:19
ORD-7C447BE232,CUST006779,SES021265,PROD001718,3,10536,31608,UPI,paid,2026-07-14 12:08:48
ORD-9F8A3A9F84,CUST008902,SES021275,PROD001121,1,89864,89864,Credit Card,refunded,2026-07-02 19:10:11
ORD-3703637D26,CUST007565,SES021285,PROD001912,3,23793,71379,Credit Card,paid,2026-07-01 01:25:59
ORD-BB4BE02760,CUST006738,SES021289,PROD000760,3,22701,68103,Credit Card,paid,2026-07-09 00:38:01
ORD-9EB8A92024,CUST009084,SES021292,PROD001193,2,84422,168844,Credit Card,paid,2026-07-01 14:20:06
ORD-BD63E75D45,CUST003470,SES021298,PROD000115,3,45831,137493,Debit Card,paid,2026-06-26 20:44:37
ORD-55158303FB,CUST007052,SES021302,PROD000185,3,88344,265032,UPI,paid,2026-07-12 15:30:27
ORD-D150DD3C70,CUST005151,SES021304,PROD000626,3,40827,122481,Credit Card,paid,2026-07-03 10:52:01
ORD-C395643F15,CUST008183,SES021322,PROD001211,1,22624,22624,Cash on Delivery,cancelled,2026-06-26 23:36:34
ORD-37202DA698,CUST005289,SES021326,PROD000083,2,53899,107798,Debit Card,paid,2026-07-24 02:54:01
ORD-33BEF8F9C6,CUST001912,SES021334,PROD000642,2,16328,32656,UPI,refunded,2026-07-03 15:29:36
ORD-830593DD5A,CUST007401,SES021338,PROD000172,2,99391,198782,UPI,paid,2026-07-12 14:46:51
ORD-8801F70342,CUST005406,SES021340,PROD001481,1,90409,90409,Debit Card,paid,2026-06-26 23:44:03
ORD-E8AAB0B9CD,CUST003573,SES021343,PROD001245,1,56795,56795,Credit Card,paid,2026-07-12 19:16:39
ORD-2AD7AC8A05,CUST007762,SES021351,PROD001012,3,45642,136926,Wallet,paid,2026-07-10 13:50:27
ORD-6C34EFAC7E,CUST002044,SES021356,PROD000077,1,68495,68495,UPI,paid,2026-07-15 05:03:35
ORD-EFE70170BD,CUST003293,SES021357,PROD001981,2,96686,193372,Credit Card,refunded,2026-07-23 00:02:38
ORD-04BA562383,CUST004601,SES021358,PROD001933,3,86964,260892,Debit Card,paid,2026-06-29 13:29:09
ORD-79D4D7EB81,CUST005460,SES021366,PROD001653,3,93568,280704,UPI,paid,2026-07-15 09:11:00
ORD-43F2C4F1A7,CUST007706,SES021377,PROD001611,2,5351,10702,UPI,paid,2026-06-27 12:37:08
ORD-F405F14117,CUST007988,SES021380,PROD000612,3,79850,239550,UPI,paid,2026-07-05 19:01:46
ORD-FA971A56CD,CUST007706,SES021393,PROD000636,3,29757,89271,Debit Card,paid,2026-07-21 21:31:26
ORD-3C5737228B,CUST000426,SES021430,PROD001240,1,83929,83929,UPI,paid,2026-07-07 18:07:07
ORD-A67DDA9B66,CUST001784,SES021453,PROD001559,2,94445,188890,UPI,paid,2026-06-28 18:00:05
ORD-215F006CD8,CUST008682,SES021456,PROD000248,3,22492,67476,UPI,paid,2026-07-25 10:51:52
ORD-230667C411,CUST003069,SES021469,PROD000203,1,31109,31109,UPI,paid,2026-07-15 19:27:06
ORD-54B777F825,CUST006710,SES021472,PROD001773,2,75058,150116,Cash on Delivery,paid,2026-07-24 19:48:04
ORD-FBFA8B5AF7,CUST003694,SES021486,PROD001184,3,52092,156276,Debit Card,paid,2026-06-30 09:14:37
ORD-7638F05768,CUST006760,SES021490,PROD000347,3,39282,117846,UPI,paid,2026-07-13 12:43:56
ORD-444B20E5E8,CUST006700,SES021497,PROD000055,2,21498,42996,Wallet,paid,2026-07-02 15:14:40
ORD-249EF597FB,CUST002441,SES021498,PROD000883,2,65587,131174,Credit Card,paid,2026-07-19 07:28:43
ORD-B8660CFF2D,CUST001753,SES021504,PROD000264,1,24903,24903,Debit Card,paid,2026-07-18 00:00:28
ORD-75460B1691,CUST007271,SES021516,PROD000119,2,18625,37250,Cash on Delivery,paid,2026-07-24 17:46:08
ORD-5457468026,CUST006427,SES021525,PROD001467,2,28505,57010,Cash on Delivery,paid,2026-07-06 19:08:29
ORD-5B1332158C,CUST006468,SES021527,PROD000260,3,86931,260793,UPI,paid,2026-07-10 21:10:10
ORD-034869D667,CUST000162,SES021533,PROD001763,2,47449,94898,UPI,paid,2026-07-12 04:46:15
ORD-B8AD6129FE,CUST006473,SES021548,PROD000551,1,54742,54742,Credit Card,paid,2026-07-08 01:23:47
ORD-6836335806,CUST009312,SES021552,PROD000522,2,78059,156118,Debit Card,paid,2026-07-10 22:26:14
ORD-52062EBC8B,CUST008117,SES021567,PROD000206,1,78821,78821,UPI,paid,2026-07-21 01:57:06
ORD-C93DF54DBC,CUST006303,SES021569,PROD001025,3,38169,114507,UPI,paid,2026-07-10 03:15:35
ORD-246CDAEFA4,CUST004015,SES021572,PROD001318,3,34714,104142,Cash on Delivery,paid,2026-07-04 05:18:42
ORD-65228117C4,CUST003324,SES021580,PROD001565,1,80694,80694,Debit Card,paid,2026-07-06 12:05:33
ORD-E0E675B66D,CUST003462,SES021589,PROD001706,2,67744,135488,UPI,paid,2026-07-02 01:44:53
ORD-CE3B975F92,CUST008108,SES021591,PROD001292,3,812,2436,UPI,refunded,2026-06-29 15:41:35
ORD-00F80B6AD0,CUST004166,SES021596,PROD000419,2,89072,178144,Wallet,paid,2026-07-06 14:51:55
ORD-DF6F4E58D3,CUST008573,SES021615,PROD001287,3,75018,225054,Credit Card,paid,2026-07-09 04:19:47
ORD-E99C3D9303,CUST002112,SES021621,PROD001031,2,98285,196570,UPI,paid,2026-07-02 06:17:26
ORD-61450F965F,CUST006181,SES021622,PROD001478,3,16069,48207,Debit Card,paid,2026-07-20 12:03:13
ORD-61EDAD0981,CUST002545,SES021623,PROD000897,2,9784,19568,UPI,paid,2026-07-03 20:10:49
ORD-97F6727F71,CUST008375,SES021625,PROD001606,3,22648,67944,Wallet,paid,2026-07-25 01:12:26
ORD-7DA9F12BB1,CUST001767,SES021630,PROD001396,2,13214,26428,Cash on Delivery,cancelled,2026-07-21 03:11:46
ORD-8FB76D6758,CUST002152,SES021663,PROD001748,3,42548,127644,UPI,paid,2026-07-14 21:29:02
ORD-06105CD7E8,CUST001825,SES021664,PROD001506,1,48516,48516,Debit Card,paid,2026-07-09 05:54:52
ORD-C0FD61C25C,CUST007650,SES021681,PROD001204,2,33838,67676,Credit Card,paid,2026-07-01 19:56:36
ORD-FDF582AC4E,CUST001051,SES021689,PROD001057,3,55374,166122,Debit Card,paid,2026-07-10 04:19:21
ORD-704D0484A9,CUST008920,SES021694,PROD001069,1,21856,21856,Credit Card,paid,2026-07-24 02:36:53
ORD-25E697345B,CUST007899,SES021695,PROD001388,3,39638,118914,UPI,paid,2026-06-28 04:55:15
ORD-CF63B86C38,CUST004592,SES021697,PROD000272,1,88239,88239,Credit Card,paid,2026-07-07 19:05:19
ORD-95200B7C4A,CUST007761,SES021708,PROD000927,3,97953,293859,Credit Card,paid,2026-07-16 05:14:15
ORD-4BDD974F2F,CUST008717,SES021717,PROD001403,1,22582,22582,UPI,paid,2026-07-17 05:21:29
ORD-391C9D05B7,CUST007952,SES021726,PROD001292,2,812,1624,Credit Card,paid,2026-06-30 09:10:23
ORD-4A8C75F7B0,CUST009152,SES021727,PROD001919,1,13874,13874,Credit Card,refunded,2026-07-07 01:06:50
ORD-2DEDBEBC90,CUST007804,SES021732,PROD000960,3,56014,168042,Debit Card,refunded,2026-07-25 16:29:04
ORD-FC36F19CE5,CUST003545,SES021740,PROD000738,3,35565,106695,UPI,paid,2026-07-21 22:43:14
ORD-7E426C8459,CUST001730,SES021760,PROD001283,1,75440,75440,Debit Card,paid,2026-07-15 11:28:08
ORD-0A523BDCD9,CUST000071,SES021771,PROD001980,2,3990,7980,Debit Card,paid,2026-07-10 12:21:21
ORD-307199C986,CUST001312,SES021775,PROD001821,2,51642,103284,UPI,refunded,2026-07-14 20:38:45
ORD-A79E9FFC9F,CUST002734,SES021794,PROD000477,3,49469,148407,Cash on Delivery,paid,2026-06-29 16:13:15
ORD-03378682C5,CUST001000,SES021825,PROD001174,1,45722,45722,Wallet,paid,2026-06-30 04:25:23
ORD-75F1914EA7,CUST008209,SES021830,PROD001201,1,3716,3716,Cash on Delivery,paid,2026-07-22 14:33:39
ORD-C613204F29,CUST004435,SES021840,PROD000495,2,70479,140958,UPI,paid,2026-07-12 15:57:11
ORD-37DC185587,CUST001124,SES021843,PROD000028,2,85703,171406,Wallet,paid,2026-07-09 16:21:12
ORD-F416EAB288,CUST006129,SES021845,PROD001711,3,8715,26145,Debit Card,paid,2026-07-08 23:01:32
ORD-FFEDC5B8D0,CUST002105,SES021848,PROD000571,1,4210,4210,UPI,cancelled,2026-07-10 09:00:51
ORD-05B1CD8D08,CUST005046,SES021852,PROD001762,2,8787,17574,UPI,paid,2026-06-28 20:05:00
ORD-88506740C1,CUST006799,SES021859,PROD000233,2,71945,143890,UPI,paid,2026-07-16 02:42:14
ORD-E76E48643E,CUST002049,SES021872,PROD001306,3,97981,293943,UPI,paid,2026-07-18 03:10:46
ORD-51AC5130AE,CUST004782,SES021876,PROD001288,3,51070,153210,UPI,paid,2026-07-04 15:45:52
ORD-88C3A57158,CUST009435,SES021907,PROD001668,1,10868,10868,Credit Card,paid,2026-06-26 07:06:25
ORD-5A1CF27EEA,CUST005502,SES021912,PROD000498,2,47256,94512,UPI,paid,2026-07-20 13:13:08
ORD-D588B1318E,CUST005464,SES021924,PROD000652,2,62458,124916,Debit Card,paid,2026-07-24 04:34:49
ORD-AE5229C108,CUST007465,SES021932,PROD000811,3,81480,244440,UPI,cancelled,2026-07-12 20:10:31
ORD-1A4B69A29B,CUST000505,SES021943,PROD001591,2,99991,199982,Wallet,paid,2026-07-04 20:43:47
ORD-84E589EAEC,CUST006989,SES021951,PROD000445,2,78690,157380,Debit Card,paid,2026-06-30 00:50:27
ORD-0283CEB8CE,CUST003525,SES021953,PROD001605,2,71874,143748,Debit Card,paid,2026-07-20 14:27:54
ORD-11870C30E5,CUST004365,SES021964,PROD001977,1,80832,80832,Credit Card,paid,2026-07-19 11:58:10
ORD-E62E210254,CUST000677,SES021982,PROD000522,3,78059,234177,UPI,paid,2026-07-21 08:02:07
ORD-88F5317870,CUST009305,SES021994,PROD001901,3,16849,50547,Credit Card,paid,2026-06-29 00:47:05
ORD-93F5477D99,CUST003534,SES022012,PROD001413,2,55920,111840,Cash on Delivery,paid,2026-06-26 10:35:53
ORD-1B5026BECA,CUST001710,SES022016,PROD000596,1,85269,85269,UPI,paid,2026-07-07 13:34:26
ORD-7C6E6702AD,CUST003248,SES022029,PROD000342,1,86336,86336,UPI,refunded,2026-06-30 20:05:37
ORD-74BD720EAC,CUST002825,SES022035,PROD001514,3,78015,234045,Wallet,cancelled,2026-07-22 10:04:09
ORD-8C967E31E0,CUST008962,SES022037,PROD001972,3,49995,149985,Credit Card,paid,2026-07-01 08:58:52
ORD-53F92FE57C,CUST003386,SES022045,PROD001273,3,27186,81558,Credit Card,paid,2026-07-08 00:39:48
ORD-2464CD397E,CUST006023,SES022047,PROD001574,2,14364,28728,UPI,paid,2026-07-23 14:56:44
ORD-58A293D5FA,CUST009443,SES022048,PROD000366,2,57693,115386,Debit Card,paid,2026-07-01 15:19:38
ORD-21048D4FFA,CUST001785,SES022051,PROD001198,2,65446,130892,Debit Card,paid,2026-07-12 07:30:55
ORD-A54B478524,CUST005867,SES022053,PROD000545,1,2023,2023,Credit Card,paid,2026-07-24 22:25:25
ORD-83CEC144B3,CUST003398,SES022062,PROD001733,3,51279,153837,UPI,paid,2026-07-03 06:44:45
ORD-03F96027EE,CUST001757,SES022071,PROD000972,3,14001,42003,UPI,paid,2026-07-18 04:16:35
ORD-563AD4A50C,CUST003032,SES022077,PROD000828,3,11672,35016,Debit Card,paid,2026-06-29 02:19:32
ORD-5A45BD9C30,CUST002552,SES022079,PROD000404,2,1330,2660,Credit Card,paid,2026-07-06 15:53:10
ORD-422D3B0C35,CUST007604,SES022081,PROD000561,2,27565,55130,UPI,paid,2026-07-06 02:59:43
ORD-58A8D16AE5,CUST005859,SES022091,PROD000567,1,54699,54699,Credit Card,paid,2026-07-16 02:20:41
ORD-AF04A78FC0,CUST008044,SES022094,PROD000129,3,23845,71535,Debit Card,paid,2026-07-18 10:51:20
ORD-E81EF7103B,CUST000730,SES022108,PROD001465,2,31792,63584,Debit Card,paid,2026-07-18 10:37:38
ORD-89288E26B8,CUST004310,SES022110,PROD000945,3,71745,215235,Credit Card,paid,2026-07-09 11:57:20
ORD-2A03F03E6C,CUST005996,SES022117,PROD001368,2,56024,112048,Cash on Delivery,paid,2026-07-10 19:28:00
ORD-7E6ADF1BA0,CUST004282,SES022136,PROD001257,3,52531,157593,UPI,paid,2026-07-01 12:54:10
ORD-BD858785A8,CUST000429,SES022152,PROD001304,2,54538,109076,UPI,paid,2026-07-21 21:01:50
ORD-A2B87FFBB5,CUST003754,SES022153,PROD000665,1,89874,89874,UPI,paid,2026-07-04 20:02:44
ORD-4284827E8C,CUST004348,SES022164,PROD001789,2,98337,196674,Wallet,paid,2026-07-21 05:31:00
ORD-1FD864BF58,CUST007276,SES022165,PROD000707,2,63838,127676,UPI,paid,2026-07-24 07:01:02
ORD-E46A90D670,CUST003877,SES022186,PROD000405,3,8331,24993,Credit Card,paid,2026-07-06 21:32:35
ORD-A13966E1FF,CUST009174,SES022201,PROD001263,3,36439,109317,UPI,paid,2026-07-06 06:55:58
ORD-DFBDE92545,CUST008491,SES022207,PROD001737,3,98864,296592,UPI,paid,2026-07-14 17:31:15
ORD-3DDC243BD6,CUST007405,SES022216,PROD001461,1,17018,17018,UPI,paid,2026-07-12 22:24:29
ORD-7E30FEE1DC,CUST008394,SES022217,PROD000931,2,92376,184752,Credit Card,paid,2026-07-19 17:49:29
ORD-67A6549E5A,CUST000389,SES022232,PROD000346,3,74742,224226,UPI,paid,2026-07-01 07:16:52
ORD-43CE13E232,CUST004076,SES022239,PROD001642,2,38668,77336,UPI,paid,2026-07-20 16:35:51
ORD-5B9F23BEDE,CUST000389,SES022240,PROD000921,2,23490,46980,Debit Card,paid,2026-06-27 02:34:18
ORD-9CEF1AD77D,CUST004274,SES022250,PROD001509,2,92268,184536,UPI,paid,2026-07-03 10:11:16
ORD-22DEE8FBA3,CUST003437,SES022261,PROD000550,2,43730,87460,UPI,paid,2026-07-07 23:09:59
ORD-C95F68BBB8,CUST007864,SES022266,PROD001066,1,61725,61725,Credit Card,paid,2026-07-13 15:44:48
ORD-278D06C95F,CUST005609,SES022276,PROD001698,2,79648,159296,UPI,paid,2026-07-13 01:30:35
ORD-F500630869,CUST003415,SES022298,PROD001527,2,65251,130502,Cash on Delivery,paid,2026-07-15 19:17:59
ORD-742EAB1C57,CUST002858,SES022302,PROD000621,3,59407,178221,Debit Card,paid,2026-07-24 00:57:31
ORD-4ED9CC7316,CUST005838,SES022310,PROD000333,2,56877,113754,Credit Card,paid,2026-07-15 22:30:06
ORD-BCD1412D95,CUST002623,SES022322,PROD000836,3,45882,137646,UPI,paid,2026-06-29 03:14:58
ORD-1E8B96F62A,CUST001994,SES022341,PROD000280,3,65439,196317,Credit Card,paid,2026-07-12 08:14:19
ORD-F7960CB9C5,CUST006457,SES022358,PROD000778,2,50006,100012,Credit Card,paid,2026-06-26 15:16:10
ORD-CD3F742824,CUST000808,SES022359,PROD000010,3,94666,283998,Debit Card,paid,2026-07-11 13:24:02
ORD-197AD17FC1,CUST001061,SES022366,PROD000907,1,42782,42782,UPI,paid,2026-07-09 21:27:10
ORD-379D3F8255,CUST009328,SES022369,PROD000879,3,3827,11481,UPI,paid,2026-07-20 10:31:45
ORD-39D9350B06,CUST005734,SES022377,PROD001391,3,72006,216018,UPI,paid,2026-07-12 11:41:59
ORD-A7D53513DC,CUST003221,SES022386,PROD001689,2,84316,168632,UPI,paid,2026-06-29 07:37:09
ORD-589D86C3DB,CUST007819,SES022390,PROD000326,3,66810,200430,Wallet,paid,2026-06-27 01:53:35
ORD-1255D96EF5,CUST003157,SES022395,PROD000661,1,55394,55394,UPI,cancelled,2026-06-26 13:10:21
ORD-42A4EE0FE3,CUST009822,SES022404,PROD001274,1,17721,17721,UPI,paid,2026-07-12 03:08:40
ORD-767FFA79FB,CUST007930,SES022406,PROD001604,1,4120,4120,UPI,paid,2026-07-24 16:40:35
ORD-79F6998F8B,CUST001045,SES022423,PROD000323,3,28174,84522,UPI,paid,2026-07-25 13:14:23
ORD-7409378204,CUST002830,SES022437,PROD001035,1,76574,76574,Credit Card,paid,2026-07-19 10:40:54
ORD-0E813F44F7,CUST001245,SES022447,PROD000160,1,21040,21040,Credit Card,paid,2026-07-10 01:30:22
ORD-38D1568510,CUST005629,SES022449,PROD001169,3,45154,135462,Wallet,paid,2026-07-06 04:09:47
ORD-B644C689AC,CUST005912,SES022452,PROD001853,2,99194,198388,Credit Card,paid,2026-06-30 03:24:07
ORD-6CCCB1609E,CUST006814,SES022458,PROD000195,1,8027,8027,UPI,paid,2026-06-28 18:32:21
ORD-EC6DF7FDE0,CUST002005,SES022459,PROD001970,1,69249,69249,Credit Card,paid,2026-07-15 19:39:27
ORD-887E7AA418,CUST003936,SES022465,PROD000735,1,95281,95281,Debit Card,paid,2026-07-04 03:12:21
ORD-188E1284AF,CUST001865,SES022469,PROD000136,3,22101,66303,UPI,paid,2026-07-08 10:28:28
ORD-E2FB9E6DD8,CUST003381,SES022471,PROD001224,2,20047,40094,Wallet,paid,2026-06-26 16:11:33
ORD-84A82107A3,CUST003047,SES022476,PROD000320,1,13583,13583,Wallet,paid,2026-06-26 00:49:16
ORD-102E82CDA7,CUST005596,SES022498,PROD001979,2,33588,67176,Cash on Delivery,paid,2026-07-07 15:39:39
ORD-D1B47A774E,CUST007142,SES022506,PROD001460,2,61518,123036,UPI,paid,2026-07-07 08:04:39
ORD-1E7B3F2A7B,CUST006501,SES022534,PROD000114,3,32380,97140,Credit Card,paid,2026-07-12 21:27:39
ORD-49188E13DB,CUST004819,SES022538,PROD000246,3,18976,56928,Credit Card,refunded,2026-07-16 09:31:12
ORD-C57263F5F2,CUST009357,SES022544,PROD001071,1,20172,20172,Credit Card,paid,2026-07-15 20:30:37
ORD-DC862E160F,CUST004350,SES022558,PROD001525,3,83851,251553,UPI,paid,2026-07-01 08:08:16
ORD-A7B3C10889,CUST000352,SES022559,PROD000466,1,82110,82110,UPI,paid,2026-07-02 11:13:59
ORD-7C8DB0BDC7,CUST001109,SES022572,PROD001655,3,6787,20361,Debit Card,paid,2026-07-22 10:57:31
ORD-8B20AFB521,CUST005530,SES022584,PROD000798,1,85545,85545,Credit Card,paid,2026-07-08 23:23:06
ORD-5387AADF74,CUST007394,SES022590,PROD000459,3,68192,204576,UPI,refunded,2026-07-18 04:08:45
ORD-FB30BD8298,CUST003202,SES022598,PROD001359,1,60657,60657,UPI,paid,2026-07-08 07:02:44
ORD-99BB4C2C93,CUST009430,SES022601,PROD000499,1,67723,67723,Wallet,paid,2026-07-24 15:56:31
ORD-081B755722,CUST008006,SES022602,PROD001244,3,67028,201084,Credit Card,paid,2026-07-22 08:33:35
ORD-0701C9901B,CUST000839,SES022605,PROD001763,3,47449,142347,UPI,paid,2026-06-27 21:47:55
ORD-94EF15A742,CUST007028,SES022607,PROD000543,2,10220,20440,Credit Card,paid,2026-07-02 20:19:25
ORD-76826A72CE,CUST009352,SES022610,PROD001728,2,65933,131866,UPI,paid,2026-07-14 23:15:25
ORD-2497493BC3,CUST006605,SES022616,PROD000740,3,82359,247077,UPI,paid,2026-06-28 02:44:12
ORD-56283B794C,CUST007788,SES022621,PROD001762,3,8787,26361,UPI,paid,2026-07-07 01:57:43
ORD-7E1DAC58FA,CUST009408,SES022627,PROD001779,1,93642,93642,UPI,paid,2026-07-14 12:52:43
ORD-4ACDCA9DCF,CUST004562,SES022650,PROD000478,1,32956,32956,Credit Card,paid,2026-06-29 09:50:24
ORD-64CE27B16F,CUST000096,SES022653,PROD000929,3,47431,142293,Cash on Delivery,paid,2026-07-03 14:22:09
ORD-77317AB521,CUST005413,SES022654,PROD001569,1,33703,33703,UPI,paid,2026-06-27 05:42:24
ORD-FF36DC5CD5,CUST001217,SES022663,PROD000427,2,95402,190804,Cash on Delivery,paid,2026-07-04 21:01:41
ORD-F91EFDAEBD,CUST004413,SES022665,PROD000025,3,19763,59289,UPI,paid,2026-07-19 21:03:50
ORD-68C483E7B2,CUST006491,SES022666,PROD001516,2,28524,57048,Wallet,paid,2026-07-08 14:57:40
ORD-91851064A8,CUST005854,SES022671,PROD000036,3,72342,217026,Cash on Delivery,paid,2026-07-16 19:44:53
ORD-85400069C7,CUST004070,SES022674,PROD001935,1,6879,6879,UPI,paid,2026-07-03 10:32:51
ORD-6A5E656D44,CUST003382,SES022677,PROD001485,2,87431,174862,Cash on Delivery,paid,2026-07-02 01:54:34
ORD-9822CE68CA,CUST005494,SES022678,PROD000418,3,97354,292062,Cash on Delivery,paid,2026-07-10 14:07:57
ORD-B335E25009,CUST002179,SES022694,PROD000104,2,30282,60564,Credit Card,paid,2026-07-17 09:48:02
ORD-12282FB520,CUST002403,SES022711,PROD000680,1,86277,86277,Debit Card,paid,2026-07-09 20:30:54
ORD-8AD1341961,CUST001989,SES022712,PROD000407,3,1893,5679,UPI,paid,2026-07-23 04:31:31
ORD-1DA1CAC8D9,CUST007538,SES022713,PROD000722,2,30685,61370,Cash on Delivery,paid,2026-07-11 05:11:52
ORD-3F46FEDFC6,CUST006515,SES022717,PROD000373,2,25985,51970,UPI,paid,2026-07-03 18:08:36
ORD-242FA52528,CUST003139,SES022718,PROD000076,3,71111,213333,Credit Card,refunded,2026-07-04 00:09:35
ORD-0B91F6456C,CUST002035,SES022722,PROD000602,2,42869,85738,Credit Card,paid,2026-06-27 02:04:32
ORD-06350ECDC0,CUST004169,SES022728,PROD001121,2,89864,179728,Cash on Delivery,paid,2026-07-17 10:14:28
ORD-C697477C33,CUST001353,SES022740,PROD001334,1,24819,24819,UPI,paid,2026-07-23 12:12:05
ORD-5ECBA17DDB,CUST003702,SES022748,PROD001019,3,29386,88158,Wallet,paid,2026-07-18 11:48:59
ORD-9AF153DB39,CUST004631,SES022750,PROD000419,3,89072,267216,UPI,paid,2026-07-04 16:40:13
ORD-92DAB91E28,CUST001085,SES022755,PROD000929,1,47431,47431,Credit Card,paid,2026-07-25 05:25:59
ORD-8684AF7E02,CUST009123,SES022766,PROD001969,1,9393,9393,Credit Card,cancelled,2026-07-11 02:42:12
ORD-084DDA2316,CUST002242,SES022801,PROD000178,2,32893,65786,Cash on Delivery,paid,2026-07-20 13:33:11
ORD-FCE92266A2,CUST000844,SES022813,PROD000750,2,39883,79766,Wallet,paid,2026-07-22 14:09:03
ORD-94300E05E6,CUST009725,SES022818,PROD000632,3,60105,180315,Debit Card,paid,2026-07-22 19:10:25
ORD-3FF2386AE8,CUST008547,SES022824,PROD001968,1,16568,16568,Credit Card,paid,2026-07-17 03:56:33
ORD-210B5204F2,CUST003934,SES022826,PROD001862,1,62929,62929,UPI,paid,2026-07-15 02:35:53
ORD-F2B84635C9,CUST002102,SES022832,PROD000467,2,87919,175838,UPI,paid,2026-07-11 16:34:59
ORD-CCFA63C3CC,CUST005259,SES022838,PROD001838,2,43452,86904,Cash on Delivery,paid,2026-07-14 18:47:22
ORD-27B4828899,CUST002810,SES022841,PROD000932,3,27928,83784,Wallet,paid,2026-06-30 06:09:28
ORD-09B7C16790,CUST002004,SES022846,PROD000712,1,58936,58936,Credit Card,paid,2026-06-27 15:13:41
ORD-9F6B91C840,CUST003638,SES022876,PROD000132,3,47796,143388,UPI,paid,2026-07-22 21:17:28
ORD-6CDC90CF83,CUST000999,SES022881,PROD001593,1,59263,59263,UPI,paid,2026-06-30 03:06:43
ORD-EEDA361050,CUST001087,SES022886,PROD001008,1,75544,75544,UPI,paid,2026-06-29 20:56:43
ORD-8446906D9C,CUST002389,SES022888,PROD000084,3,18802,56406,Credit Card,paid,2026-07-11 14:14:18
ORD-1A0CDD7811,CUST002655,SES022895,PROD000215,1,86329,86329,Wallet,paid,2026-07-03 06:56:02
ORD-F076F856A2,CUST001708,SES022899,PROD001117,2,93656,187312,UPI,paid,2026-07-09 14:29:34
ORD-34CA59EFA2,CUST000020,SES022904,PROD000656,1,54377,54377,Debit Card,paid,2026-07-12 09:43:49
ORD-54E30581D4,CUST001332,SES022905,PROD001054,1,63049,63049,UPI,paid,2026-07-21 19:27:02
ORD-A12E2AFF47,CUST009871,SES022906,PROD001138,3,78924,236772,Cash on Delivery,paid,2026-06-27 03:13:36
ORD-8F30B62368,CUST003607,SES022944,PROD000994,3,9890,29670,Debit Card,paid,2026-07-08 10:30:03
ORD-9E749F0774,CUST008002,SES022950,PROD001334,1,24819,24819,UPI,paid,2026-07-01 12:43:39
ORD-ADE68D9FC1,CUST000926,SES022952,PROD000391,3,98180,294540,Credit Card,paid,2026-07-19 04:02:43
ORD-49F362ADDF,CUST002094,SES022956,PROD001242,2,27108,54216,Credit Card,paid,2026-06-26 15:09:27
ORD-DB7C63D927,CUST005194,SES022958,PROD000287,1,86316,86316,Credit Card,paid,2026-07-03 22:10:40
ORD-23FDAD1296,CUST006763,SES022959,PROD000867,2,10834,21668,UPI,paid,2026-07-09 22:00:35
ORD-E3C870F380,CUST000104,SES022961,PROD000595,2,38355,76710,Debit Card,paid,2026-06-30 00:19:12
ORD-691726527E,CUST008424,SES022977,PROD000686,2,49688,99376,UPI,paid,2026-07-01 20:20:24
ORD-B7D0647C66,CUST003913,SES022980,PROD000767,2,38258,76516,UPI,paid,2026-06-28 12:29:12
ORD-E0A2BA5116,CUST005621,SES022984,PROD000200,1,34444,34444,UPI,paid,2026-07-04 05:02:01
ORD-E65C5E95F6,CUST002773,SES022987,PROD001186,3,44529,133587,Cash on Delivery,paid,2026-07-18 08:08:45
ORD-6EDC3D1F58,CUST000646,SES022993,PROD001388,1,39638,39638,Debit Card,paid,2026-07-10 18:49:22
ORD-032710F477,CUST000902,SES022994,PROD001830,2,12500,25000,Wallet,paid,2026-07-07 05:44:39
ORD-FB0C5A3167,CUST002665,SES023007,PROD001659,1,69207,69207,Credit Card,refunded,2026-07-24 03:58:26
ORD-47AE06C1F9,CUST000989,SES023008,PROD000335,3,70457,211371,UPI,paid,2026-07-13 18:16:29
ORD-C776525283,CUST001097,SES023010,PROD000328,2,41503,83006,Credit Card,paid,2026-07-20 06:06:36
ORD-0B65DC0AE2,CUST008810,SES023015,PROD000383,3,34728,104184,Credit Card,paid,2026-07-08 06:58:07
ORD-85EFDE4777,CUST003626,SES023017,PROD001355,2,21325,42650,UPI,cancelled,2026-07-22 11:13:51
ORD-E78C4F14E8,CUST004137,SES023024,PROD001649,1,27303,27303,UPI,paid,2026-06-30 05:26:42
ORD-8646A4BDCF,CUST009210,SES023035,PROD000543,3,10220,30660,UPI,paid,2026-07-16 10:01:43
ORD-003F471C0C,CUST009322,SES023038,PROD000059,2,96326,192652,UPI,paid,2026-07-21 09:21:39
ORD-096068A97E,CUST008418,SES023042,PROD000339,3,59487,178461,Debit Card,paid,2026-07-16 13:12:43
ORD-60710BC64F,CUST003834,SES023044,PROD001268,1,45907,45907,Debit Card,paid,2026-07-14 12:29:50
ORD-78C2F3151C,CUST007360,SES023046,PROD000132,1,47796,47796,Credit Card,paid,2026-07-17 17:55:24
ORD-2F4007A756,CUST001463,SES023051,PROD001992,2,72935,145870,UPI,paid,2026-07-19 03:41:17
ORD-3E3B654345,CUST007265,SES023053,PROD001813,3,99286,297858,Credit Card,paid,2026-06-28 04:47:08
ORD-0C64B31A88,CUST005861,SES023060,PROD001595,2,99805,199610,Credit Card,paid,2026-06-27 14:48:48
ORD-29D118C560,CUST000133,SES023062,PROD001852,3,42737,128211,Wallet,paid,2026-07-08 00:04:51
ORD-2973670FCA,CUST006031,SES023068,PROD001371,1,62725,62725,Credit Card,paid,2026-07-16 07:35:28
ORD-029232C28E,CUST003993,SES023070,PROD001288,1,51070,51070,UPI,paid,2026-07-21 12:58:05
ORD-88153E3F78,CUST008887,SES023073,PROD000451,1,45128,45128,Cash on Delivery,paid,2026-07-17 10:18:16
ORD-7B5CD6C970,CUST005452,SES023079,PROD001312,3,37313,111939,Cash on Delivery,paid,2026-07-21 07:06:22
ORD-BAEF4ADE8C,CUST006658,SES023081,PROD001250,2,54906,109812,UPI,paid,2026-07-23 14:08:11
ORD-B4C07485DE,CUST005722,SES023084,PROD001450,3,80566,241698,UPI,refunded,2026-07-20 21:29:27
ORD-B65D7E3C9B,CUST002578,SES023095,PROD000489,1,64070,64070,Wallet,paid,2026-07-23 17:17:44
ORD-D1A72340B0,CUST002636,SES023099,PROD000547,1,24105,24105,UPI,paid,2026-07-05 10:55:21
ORD-C3A1D21CD4,CUST005043,SES023104,PROD000410,2,25804,51608,UPI,paid,2026-07-13 11:53:00
ORD-87072C613E,CUST006774,SES023107,PROD001037,2,39129,78258,UPI,paid,2026-07-19 05:10:26
ORD-81C8F659D6,CUST009844,SES023110,PROD001840,2,95890,191780,Debit Card,paid,2026-07-09 07:11:07
ORD-5F2B6C4DD9,CUST006777,SES023115,PROD000384,1,98945,98945,Credit Card,paid,2026-07-09 03:30:22
ORD-6766FA7481,CUST000823,SES023117,PROD000228,1,75756,75756,UPI,paid,2026-06-26 15:20:37
ORD-66C2AC0E31,CUST008859,SES023124,PROD001756,1,43799,43799,Debit Card,paid,2026-07-11 15:38:36
ORD-31A3A4A161,CUST005062,SES023136,PROD001809,3,27630,82890,UPI,paid,2026-07-11 22:46:15
ORD-CF24C526B4,CUST000081,SES023144,PROD000056,2,73344,146688,UPI,paid,2026-07-17 01:10:13
ORD-560D981E5D,CUST002806,SES023145,PROD001779,3,93642,280926,UPI,paid,2026-07-22 15:10:59
ORD-88F97A98BB,CUST004350,SES023147,PROD000228,2,75756,151512,Debit Card,paid,2026-07-06 03:36:44
ORD-89E8B6C40E,CUST004269,SES023151,PROD000179,2,30867,61734,UPI,paid,2026-07-17 01:50:11
ORD-A0CBF334A0,CUST006043,SES023156,PROD001308,3,44162,132486,UPI,paid,2026-07-21 18:22:47
ORD-685206CDBA,CUST000123,SES023157,PROD000584,1,88991,88991,UPI,cancelled,2026-07-13 20:57:33
ORD-E3194BC5A7,CUST007977,SES023177,PROD000555,3,38604,115812,UPI,paid,2026-06-26 17:29:10
ORD-D939BAD373,CUST005983,SES023191,PROD001907,1,97832,97832,UPI,paid,2026-07-07 04:53:12
ORD-B5EB1903DA,CUST008683,SES023201,PROD001692,3,73315,219945,UPI,paid,2026-07-20 00:02:47
ORD-762BD439F5,CUST009212,SES023214,PROD000977,3,1460,4380,Wallet,paid,2026-07-12 08:03:00
ORD-78B2C3B18F,CUST000314,SES023220,PROD001374,2,71733,143466,Debit Card,refunded,2026-07-08 22:33:57
ORD-B26BFD803F,CUST009271,SES023221,PROD000381,2,55596,111192,Credit Card,paid,2026-07-02 14:58:54
ORD-5E1D5A8C71,CUST006134,SES023227,PROD000894,2,91261,182522,Debit Card,paid,2026-07-19 10:35:56
ORD-7D671C488D,CUST009308,SES023235,PROD000166,1,75555,75555,UPI,paid,2026-07-17 08:20:40
ORD-4F2CE5C327,CUST006166,SES023242,PROD001505,3,28973,86919,Credit Card,cancelled,2026-06-27 09:23:18
ORD-B0F1BEA974,CUST005876,SES023247,PROD001611,1,5351,5351,UPI,paid,2026-07-10 10:42:14
ORD-19705FD08E,CUST007300,SES023251,PROD001460,2,61518,123036,Cash on Delivery,paid,2026-06-27 22:47:59
ORD-6D5B30C909,CUST008201,SES023259,PROD000222,3,21630,64890,Wallet,paid,2026-07-21 00:24:22
ORD-510A92BA0C,CUST001128,SES023260,PROD001337,3,92356,277068,Debit Card,paid,2026-07-21 14:43:08
ORD-55A301BD11,CUST009404,SES023261,PROD000408,3,6954,20862,UPI,paid,2026-07-04 07:35:13
ORD-B72EF6C38C,CUST006048,SES023283,PROD000012,3,67517,202551,Credit Card,paid,2026-06-28 19:38:28
ORD-CE49F27B37,CUST005699,SES023289,PROD000028,1,85703,85703,UPI,paid,2026-07-15 01:12:30
ORD-BCEB167119,CUST008110,SES023290,PROD001799,3,29734,89202,UPI,paid,2026-07-05 20:59:19
ORD-50C79B6C2A,CUST003295,SES023297,PROD000294,3,22551,67653,Credit Card,paid,2026-07-12 11:32:36
ORD-0C76C44BA6,CUST009078,SES023299,PROD001699,3,5109,15327,UPI,paid,2026-07-19 07:14:37
ORD-883855B221,CUST002407,SES023305,PROD001630,2,76405,152810,Wallet,paid,2026-06-29 09:19:45
ORD-7206709341,CUST003630,SES023323,PROD001439,3,83195,249585,Debit Card,paid,2026-07-09 21:47:37
ORD-70BE5F8DF5,CUST009332,SES023331,PROD001850,2,37550,75100,Credit Card,paid,2026-07-21 11:23:24
ORD-E49FB18483,CUST004545,SES023333,PROD000610,2,93134,186268,Credit Card,paid,2026-07-12 02:16:42
ORD-0DB4480B9E,CUST005720,SES023340,PROD000182,3,80396,241188,Credit Card,paid,2026-07-22 04:35:41
ORD-4F74DCE719,CUST002689,SES023352,PROD001172,2,54745,109490,Credit Card,refunded,2026-07-15 07:04:15
ORD-0A8231A377,CUST005468,SES023355,PROD000507,1,5869,5869,UPI,paid,2026-07-19 12:29:24
ORD-E683E88B50,CUST003741,SES023358,PROD000494,1,88929,88929,Credit Card,paid,2026-07-20 21:07:34
ORD-36FAEF2F8C,CUST001141,SES023360,PROD001598,2,50949,101898,Credit Card,paid,2026-07-22 08:19:25
ORD-EAE148265B,CUST004249,SES023371,PROD001448,1,26437,26437,Credit Card,paid,2026-07-25 10:08:28
ORD-20A9842AB5,CUST007305,SES023372,PROD000729,3,17328,51984,UPI,paid,2026-07-12 19:47:41
ORD-4868497C91,CUST009225,SES023374,PROD001337,1,92356,92356,UPI,paid,2026-07-02 22:09:21
ORD-0E238412DD,CUST004591,SES023386,PROD000445,1,78690,78690,UPI,paid,2026-07-18 04:53:18
ORD-D923AFD377,CUST007733,SES023393,PROD000627,3,28606,85818,UPI,refunded,2026-06-28 14:01:13
ORD-E067368DD3,CUST009017,SES023394,PROD000866,1,68889,68889,UPI,paid,2026-07-25 01:16:51
ORD-41AD2A7277,CUST009874,SES023395,PROD001535,1,96580,96580,Credit Card,paid,2026-07-07 17:41:50
ORD-488D381F24,CUST002895,SES023396,PROD000554,2,11759,23518,UPI,paid,2026-07-14 23:10:41
ORD-6DB90A18A1,CUST005943,SES023398,PROD001768,1,60253,60253,UPI,paid,2026-06-27 05:16:08
ORD-6EBA10F0AE,CUST003254,SES023399,PROD000397,1,44706,44706,Debit Card,paid,2026-06-27 09:01:52
ORD-F3D40EA939,CUST005048,SES023421,PROD000317,1,7525,7525,Wallet,paid,2026-07-05 03:56:27
ORD-2068AD81E7,CUST004251,SES023422,PROD000136,3,22101,66303,Debit Card,refunded,2026-07-09 07:02:33
ORD-0A9589EF7E,CUST005862,SES023426,PROD001358,1,59083,59083,UPI,paid,2026-07-24 01:01:20
ORD-05513E78F5,CUST002067,SES023427,PROD000779,3,5151,15453,Credit Card,paid,2026-07-25 03:12:06
ORD-3175E6F79A,CUST005161,SES023430,PROD000386,3,97374,292122,Wallet,paid,2026-07-21 03:38:04
ORD-26E9748928,CUST003110,SES023444,PROD000131,2,19013,38026,Cash on Delivery,paid,2026-07-12 11:58:23
ORD-BA689B5082,CUST009172,SES023449,PROD000297,2,66777,133554,UPI,paid,2026-07-09 06:39:55
ORD-836071ED79,CUST004736,SES023453,PROD000690,2,628,1256,UPI,paid,2026-07-21 05:54:22
ORD-1BF1576D1E,CUST004881,SES023459,PROD000860,1,59485,59485,Wallet,cancelled,2026-07-19 04:29:00
ORD-41DB977AD2,CUST000138,SES023469,PROD001321,3,25490,76470,UPI,paid,2026-06-30 23:37:59
ORD-90C8696D23,CUST009075,SES023472,PROD001696,3,35244,105732,Credit Card,paid,2026-07-15 16:09:04
ORD-947FAC5249,CUST002819,SES023486,PROD000792,1,54806,54806,Debit Card,paid,2026-07-16 04:19:00
ORD-E8D36D87D2,CUST000467,SES023488,PROD001068,3,94065,282195,Cash on Delivery,paid,2026-07-19 13:24:26
ORD-9EF50E1DB6,CUST006072,SES023491,PROD001421,3,57786,173358,UPI,paid,2026-07-03 00:49:52
ORD-3FF462B058,CUST006537,SES023492,PROD001838,2,43452,86904,UPI,paid,2026-06-29 07:57:48
ORD-C7A94437EE,CUST000815,SES023501,PROD000166,3,75555,226665,Credit Card,paid,2026-06-28 15:28:49
ORD-EE59F853D8,CUST000599,SES023519,PROD000773,3,29235,87705,UPI,paid,2026-07-10 17:44:18
ORD-35FDEB7A44,CUST001449,SES023530,PROD000223,3,58596,175788,UPI,paid,2026-07-12 23:42:25
ORD-36454202AE,CUST004834,SES023536,PROD001388,1,39638,39638,Wallet,paid,2026-07-21 11:03:43
ORD-5DAF24FCCD,CUST007067,SES023539,PROD001670,3,12377,37131,Cash on Delivery,paid,2026-07-03 01:27:58
ORD-3CD2C81663,CUST008290,SES023541,PROD001083,3,64320,192960,UPI,paid,2026-07-21 05:49:58
ORD-F776EDCAB0,CUST001870,SES023553,PROD000448,2,23986,47972,Debit Card,paid,2026-07-18 14:46:36
ORD-0FCF69F0EE,CUST009189,SES023558,PROD001815,2,67956,135912,UPI,paid,2026-07-07 18:25:27
ORD-713D8A35AF,CUST005503,SES023561,PROD000545,1,2023,2023,Credit Card,paid,2026-07-07 04:24:48
ORD-D06D5CB74D,CUST009632,SES023563,PROD001125,3,1937,5811,UPI,paid,2026-07-12 15:47:42
ORD-180683D706,CUST004323,SES023573,PROD000741,3,21879,65637,UPI,refunded,2026-07-03 06:57:27
ORD-27B02C617D,CUST006201,SES023585,PROD001369,2,50641,101282,Credit Card,paid,2026-07-20 03:25:53
ORD-F6AE58D26A,CUST001668,SES023586,PROD001356,3,79869,239607,UPI,paid,2026-07-11 02:22:24
ORD-F83666D039,CUST003646,SES023587,PROD001832,3,32923,98769,Credit Card,paid,2026-07-23 16:23:27
ORD-2874F3F459,CUST001503,SES023602,PROD001018,1,83699,83699,Credit Card,paid,2026-07-23 02:07:15
ORD-1A08DEA4DC,CUST005767,SES023617,PROD001414,2,25274,50548,UPI,paid,2026-07-05 15:28:14
ORD-4B8E76E789,CUST006544,SES023636,PROD000748,3,46948,140844,Credit Card,paid,2026-07-21 07:28:01
ORD-ACC60EAE2D,CUST009314,SES023652,PROD000610,1,93134,93134,UPI,paid,2026-07-01 02:48:51
ORD-0974CF3109,CUST000223,SES023654,PROD000634,3,17268,51804,Credit Card,paid,2026-07-11 16:13:38
ORD-86804CE2CF,CUST003544,SES023659,PROD000001,3,77313,231939,UPI,paid,2026-07-11 08:34:46
ORD-6FC74EE6B1,CUST001020,SES023663,PROD000777,2,28164,56328,Credit Card,paid,2026-06-30 19:14:01
ORD-DE7A5B59DF,CUST008444,SES023665,PROD001384,1,23438,23438,Credit Card,cancelled,2026-07-24 10:34:40
ORD-F499C00A30,CUST008033,SES023666,PROD000122,2,15498,30996,Credit Card,paid,2026-07-14 08:44:15
ORD-8B31E47295,CUST006862,SES023680,PROD000728,3,84771,254313,Credit Card,paid,2026-07-21 10:27:34
ORD-24416DC0C6,CUST002953,SES023683,PROD001166,3,61606,184818,Cash on Delivery,paid,2026-07-12 07:16:33
ORD-0FD6994184,CUST009036,SES023695,PROD001571,2,82639,165278,Credit Card,paid,2026-07-17 16:31:19
ORD-1568FBB849,CUST008115,SES023697,PROD000034,1,90741,90741,Debit Card,paid,2026-07-02 15:18:20
ORD-5359054F19,CUST007733,SES023698,PROD000751,3,27980,83940,Cash on Delivery,paid,2026-07-21 01:26:13
ORD-F22B0970A2,CUST007303,SES023725,PROD000570,3,13605,40815,UPI,paid,2026-07-22 12:49:11
ORD-62D514AB36,CUST001047,SES023728,PROD000735,2,95281,190562,Cash on Delivery,paid,2026-06-27 15:02:20
ORD-707109BB41,CUST007193,SES023730,PROD000100,1,46659,46659,UPI,paid,2026-07-14 00:19:14
ORD-85EF634770,CUST008394,SES023731,PROD000019,2,99456,198912,Debit Card,paid,2026-07-25 20:03:03
ORD-AAE5EBCF6A,CUST004539,SES023735,PROD000251,1,56487,56487,UPI,cancelled,2026-07-23 21:05:51
ORD-3E1DDAF377,CUST000933,SES023738,PROD001025,2,38169,76338,Debit Card,paid,2026-07-07 00:18:39
ORD-B379FFAAF6,CUST008492,SES023742,PROD000499,2,67723,135446,UPI,paid,2026-06-26 18:21:43
ORD-EA4B5FBFFA,CUST008952,SES023767,PROD001122,1,40374,40374,UPI,paid,2026-07-09 22:26:18
ORD-E653B5E802,CUST009191,SES023775,PROD001236,1,37665,37665,Credit Card,paid,2026-07-19 17:19:24
ORD-C1077A2DB5,CUST001564,SES023781,PROD000482,3,15959,47877,UPI,paid,2026-07-01 23:13:52
ORD-F4AA4E12F2,CUST002585,SES023795,PROD000012,3,67517,202551,Debit Card,cancelled,2026-07-20 04:46:08
ORD-5FFC795D8A,CUST000258,SES023799,PROD000387,3,74424,223272,Debit Card,paid,2026-07-08 19:43:28
ORD-41F952AA3A,CUST000144,SES023802,PROD001521,2,65548,131096,Debit Card,paid,2026-06-30 17:29:07
ORD-590761A6A3,CUST003607,SES023818,PROD000397,1,44706,44706,Credit Card,paid,2026-07-25 14:09:55
ORD-F5F9432B79,CUST003413,SES023830,PROD001083,3,64320,192960,UPI,paid,2026-07-21 01:51:20
ORD-55404299A8,CUST004108,SES023833,PROD001015,2,17075,34150,Debit Card,paid,2026-07-24 12:45:00
ORD-9B2BD7BD15,CUST004496,SES023835,PROD001501,3,5982,17946,Debit Card,paid,2026-07-12 19:41:10
ORD-4273F22D02,CUST003131,SES023849,PROD000835,1,25375,25375,Credit Card,paid,2026-07-06 16:52:24
ORD-2546FAE1D4,CUST004610,SES023853,PROD000931,1,92376,92376,UPI,paid,2026-07-17 18:18:07
ORD-EC462574EF,CUST001572,SES023857,PROD001326,2,81001,162002,UPI,paid,2026-07-02 03:28:36
ORD-0FFC4FC6F8,CUST005454,SES023861,PROD001605,3,71874,215622,UPI,paid,2026-06-29 19:52:12
ORD-FEAF634E10,CUST007730,SES023866,PROD000223,3,58596,175788,Wallet,paid,2026-07-15 23:53:29
ORD-5ACC60C495,CUST006829,SES023870,PROD001607,3,6927,20781,Wallet,paid,2026-07-07 18:11:32
ORD-E43212C24C,CUST008967,SES023887,PROD000672,1,6494,6494,Credit Card,paid,2026-07-06 20:16:08
ORD-EEB409B011,CUST001383,SES023893,PROD000353,2,12706,25412,Credit Card,paid,2026-07-12 13:01:38
ORD-3C5D2211F1,CUST007088,SES023894,PROD001802,1,19328,19328,UPI,refunded,2026-07-08 04:27:07
ORD-57A38D28EC,CUST003098,SES023898,PROD001485,1,87431,87431,UPI,paid,2026-07-20 04:27:44
ORD-F6852B5642,CUST001707,SES023899,PROD000079,3,46790,140370,UPI,paid,2026-07-11 18:44:17
ORD-2BCCF48344,CUST003880,SES023905,PROD000434,3,12598,37794,Wallet,paid,2026-07-01 17:01:51
ORD-E9EDED580B,CUST005278,SES023908,PROD000753,3,65129,195387,UPI,paid,2026-07-04 21:08:16
ORD-1A83050F59,CUST007854,SES023914,PROD001643,1,30366,30366,UPI,paid,2026-07-15 23:46:41
ORD-F22944A446,CUST006988,SES023915,PROD000064,3,93266,279798,Cash on Delivery,paid,2026-07-07 18:23:18
ORD-1C4393BFE9,CUST005154,SES023919,PROD000098,2,98871,197742,UPI,paid,2026-07-03 09:47:20
ORD-8A71B1772A,CUST009436,SES023921,PROD000580,3,30749,92247,Debit Card,paid,2026-07-25 18:40:46
ORD-602C2F646D,CUST000672,SES023930,PROD001410,3,1833,5499,UPI,paid,2026-07-13 07:31:34
ORD-C927FBA8BA,CUST001391,SES023931,PROD000259,3,80179,240537,Credit Card,paid,2026-06-28 01:48:32
ORD-62BFC6861F,CUST009842,SES023933,PROD001855,2,43341,86682,Credit Card,refunded,2026-07-10 08:26:39
ORD-4C68BF5956,CUST001719,SES023936,PROD001216,1,87664,87664,UPI,paid,2026-07-06 14:25:13
ORD-643FC763F1,CUST006083,SES023942,PROD000302,1,59368,59368,Credit Card,refunded,2026-06-26 11:47:15
ORD-5E0343D6A9,CUST002605,SES023948,PROD000173,3,52373,157119,Credit Card,paid,2026-07-20 10:25:18
ORD-528A6707AE,CUST006199,SES023952,PROD000441,3,67863,203589,Debit Card,paid,2026-07-03 20:28:15
ORD-CF33E031E7,CUST002882,SES023974,PROD001298,1,77353,77353,UPI,paid,2026-07-21 21:52:07
ORD-A3FC8FF190,CUST008478,SES023978,PROD001280,1,85340,85340,Wallet,paid,2026-07-01 03:55:12
ORD-5F046C34B3,CUST007580,SES023981,PROD001005,3,42492,127476,Credit Card,paid,2026-07-04 16:05:25
ORD-C78FE954FB,CUST006059,SES023994,PROD001113,1,21789,21789,UPI,paid,2026-07-18 04:21:38
ORD-42976A24C7,CUST001607,SES024002,PROD000805,1,82192,82192,UPI,paid,2026-07-20 06:48:24
ORD-9146AC314C,CUST000838,SES024016,PROD000707,1,63838,63838,Cash on Delivery,paid,2026-07-24 19:53:26
ORD-A288CB825F,CUST000069,SES024019,PROD001637,3,8829,26487,Debit Card,paid,2026-07-17 03:38:32
ORD-AFF4DC19E6,CUST004601,SES024020,PROD001667,3,96181,288543,Cash on Delivery,paid,2026-07-18 09:34:20
ORD-D358C747F9,CUST004620,SES024023,PROD001242,2,27108,54216,UPI,paid,2026-07-21 06:46:52
ORD-AE15652322,CUST004701,SES024026,PROD001011,3,62835,188505,Credit Card,cancelled,2026-07-11 11:08:45
ORD-6A3B82706E,CUST002219,SES024037,PROD000643,1,48117,48117,UPI,paid,2026-07-04 09:56:50
ORD-B85293E506,CUST006951,SES024057,PROD001216,1,87664,87664,UPI,paid,2026-07-06 21:20:50
ORD-69387F5130,CUST006760,SES024060,PROD000962,3,84028,252084,UPI,paid,2026-07-20 14:28:58
ORD-ED195A8B6F,CUST006664,SES024064,PROD001331,3,40788,122364,Credit Card,refunded,2026-06-29 20:42:23
ORD-1670C267B9,CUST004590,SES024065,PROD001564,2,47414,94828,Credit Card,paid,2026-07-20 10:55:15
ORD-49C464A216,CUST008937,SES024066,PROD000483,3,53567,160701,Credit Card,paid,2026-07-24 12:29:40
ORD-43091B06CB,CUST003359,SES024075,PROD001681,2,85201,170402,Credit Card,paid,2026-06-30 15:55:38
ORD-8FCBE72BCE,CUST008977,SES024089,PROD001396,2,13214,26428,Credit Card,paid,2026-07-17 11:08:20
ORD-A2A0579637,CUST004915,SES024093,PROD000679,1,37183,37183,UPI,paid,2026-07-12 08:47:08
ORD-CA8989A232,CUST004131,SES024102,PROD001757,2,15088,30176,Wallet,paid,2026-06-28 22:19:42
ORD-47C493ADD5,CUST001723,SES024108,PROD001584,3,5551,16653,UPI,paid,2026-07-11 05:52:15
ORD-C4C8FD30A3,CUST001946,SES024110,PROD001168,1,39939,39939,UPI,paid,2026-07-23 07:27:58
ORD-42832918F5,CUST001406,SES024134,PROD001115,3,1722,5166,Credit Card,paid,2026-07-03 06:19:54
ORD-600765E750,CUST007875,SES024142,PROD000463,1,69270,69270,UPI,paid,2026-07-15 04:59:55
ORD-7E5F841C38,CUST009608,SES024144,PROD000346,2,74742,149484,Credit Card,paid,2026-07-25 09:36:02
ORD-C00A04EAF5,CUST005632,SES024147,PROD000969,2,21261,42522,Credit Card,paid,2026-06-27 06:15:13
ORD-63EEA80402,CUST007231,SES024148,PROD001503,1,24949,24949,Wallet,paid,2026-07-14 23:11:06
ORD-F5AF9BC75D,CUST007501,SES024150,PROD000663,3,25326,75978,Wallet,paid,2026-07-05 00:31:58
ORD-371EB02CB5,CUST004153,SES024156,PROD001856,1,99189,99189,Cash on Delivery,paid,2026-07-06 12:18:00
ORD-A686188921,CUST003270,SES024158,PROD000309,2,32775,65550,Debit Card,paid,2026-07-01 00:03:28
ORD-6988CAA62D,CUST005179,SES024164,PROD001331,1,40788,40788,Debit Card,paid,2026-07-08 20:52:09
ORD-A267EB480C,CUST006490,SES024170,PROD001735,2,18217,36434,UPI,paid,2026-06-28 07:57:50
ORD-22A81F2950,CUST003598,SES024175,PROD000231,2,85310,170620,UPI,paid,2026-06-29 11:42:13
ORD-43B3B02B9E,CUST000135,SES024185,PROD000812,3,45788,137364,Credit Card,paid,2026-06-26 12:19:31
ORD-610C92C8BC,CUST004883,SES024187,PROD001487,1,39739,39739,Credit Card,paid,2026-07-21 10:37:36
ORD-CAECAE2EC1,CUST001067,SES024190,PROD000583,3,4763,14289,UPI,paid,2026-07-21 19:52:09
ORD-22F0DA5532,CUST005265,SES024192,PROD000313,2,25959,51918,Wallet,paid,2026-06-27 09:05:15
ORD-81737439EE,CUST005215,SES024204,PROD000346,1,74742,74742,UPI,paid,2026-07-08 13:55:59
ORD-06C2DF39B7,CUST000088,SES024206,PROD001545,1,83289,83289,UPI,paid,2026-07-11 10:19:17
ORD-F12510A061,CUST002717,SES024209,PROD000851,2,64936,129872,UPI,refunded,2026-06-30 13:03:21
ORD-79200E2461,CUST007905,SES024215,PROD000420,2,55698,111396,UPI,paid,2026-07-18 19:50:32
ORD-034D85CB6B,CUST008720,SES024225,PROD001275,1,91500,91500,Wallet,paid,2026-07-25 14:16:25
ORD-1A5723EE75,CUST008802,SES024233,PROD000599,3,79872,239616,UPI,paid,2026-07-04 01:05:06
ORD-001598B70D,CUST008139,SES024237,PROD000105,2,13268,26536,Wallet,paid,2026-07-15 04:47:01
ORD-C15B4C944D,CUST002197,SES024251,PROD001884,3,68633,205899,UPI,paid,2026-07-20 08:36:20
ORD-E353D28EAD,CUST009533,SES024260,PROD000430,3,36611,109833,UPI,paid,2026-07-07 02:23:34
ORD-454124DF63,CUST007762,SES024263,PROD000825,2,87226,174452,Debit Card,paid,2026-07-21 18:36:06
ORD-0F6C8ECAB4,CUST006448,SES024267,PROD000560,2,81912,163824,Debit Card,refunded,2026-07-10 09:22:45
ORD-449389F437,CUST007916,SES024269,PROD001200,1,26862,26862,Debit Card,paid,2026-06-27 04:15:30
ORD-D714342897,CUST004564,SES024277,PROD000557,2,61359,122718,Debit Card,refunded,2026-06-28 09:47:35
ORD-709D6A1031,CUST006709,SES024281,PROD001362,2,64530,129060,Debit Card,paid,2026-07-13 23:23:49
ORD-442455DABE,CUST001824,SES024283,PROD001729,1,94424,94424,Cash on Delivery,paid,2026-07-10 09:56:12
ORD-F46A18FE2B,CUST004958,SES024284,PROD000750,2,39883,79766,UPI,cancelled,2026-06-29 00:22:55
ORD-41358E7CC5,CUST003362,SES024286,PROD000720,3,89269,267807,UPI,paid,2026-07-10 11:51:10
ORD-E6536C295C,CUST000546,SES024289,PROD001786,2,16361,32722,UPI,paid,2026-07-09 15:19:54
ORD-0B797532B1,CUST006431,SES024292,PROD001008,1,75544,75544,UPI,paid,2026-07-16 20:43:41
ORD-60D2BB7AE8,CUST007391,SES024298,PROD000954,2,58010,116020,Debit Card,paid,2026-07-13 23:11:48
ORD-EBC926DFFE,CUST005611,SES024301,PROD000003,1,11404,11404,Debit Card,paid,2026-07-03 23:48:59
ORD-98BD12DC5A,CUST004181,SES024303,PROD001045,2,71029,142058,Credit Card,paid,2026-07-04 03:41:38
ORD-FB99EE450C,CUST003788,SES024311,PROD000317,2,7525,15050,Debit Card,paid,2026-07-13 19:08:28
ORD-5EDD20C6E4,CUST001816,SES024313,PROD001086,1,29868,29868,Credit Card,paid,2026-07-23 12:22:43
ORD-FF1BD133E7,CUST004942,SES024316,PROD001569,2,33703,67406,Credit Card,paid,2026-06-26 07:09:58
ORD-61DA438DDA,CUST000306,SES024319,PROD000909,3,70797,212391,Credit Card,paid,2026-07-13 07:48:02
ORD-CE0CEE6474,CUST003421,SES024336,PROD000048,2,80112,160224,UPI,paid,2026-07-01 20:40:11
ORD-4D65353B29,CUST003077,SES024337,PROD000656,2,54377,108754,UPI,refunded,2026-07-17 11:03:18
ORD-97BE7BC80D,CUST001459,SES024352,PROD001061,2,29316,58632,Credit Card,paid,2026-06-27 00:18:59
ORD-A86DA15B26,CUST006211,SES024360,PROD001960,3,11769,35307,UPI,paid,2026-07-19 06:34:20
ORD-0E03F862B6,CUST006673,SES024365,PROD001738,3,45384,136152,UPI,paid,2026-07-13 14:22:52
ORD-5371DE595A,CUST009386,SES024379,PROD000923,1,88374,88374,UPI,paid,2026-07-20 07:40:42
ORD-CD9F00C48E,CUST001253,SES024389,PROD000468,2,92394,184788,Wallet,paid,2026-07-07 06:44:49
ORD-C3A284A794,CUST003313,SES024402,PROD000659,1,85888,85888,UPI,paid,2026-07-09 21:38:44
ORD-1DB61FF4C1,CUST007875,SES024409,PROD000042,2,70810,141620,Debit Card,paid,2026-07-04 13:44:23
ORD-014DCAF08D,CUST009440,SES024418,PROD000105,3,13268,39804,UPI,paid,2026-07-20 21:04:45
ORD-27D446518D,CUST001556,SES024431,PROD000872,1,16859,16859,UPI,paid,2026-06-30 22:20:37
ORD-C37FFA72AA,CUST006905,SES024437,PROD000155,3,50465,151395,Credit Card,paid,2026-06-30 17:43:18
ORD-B39E14BD61,CUST007307,SES024451,PROD000058,1,15023,15023,Credit Card,paid,2026-07-08 11:29:35
ORD-35A0F3F56F,CUST003361,SES024455,PROD001241,2,33908,67816,UPI,cancelled,2026-06-27 15:14:22
ORD-458539DF0F,CUST005424,SES024457,PROD000187,2,9357,18714,UPI,refunded,2026-06-27 16:01:29
ORD-74B4B37E28,CUST003105,SES024460,PROD000863,2,465,930,Credit Card,paid,2026-06-29 12:41:10
ORD-A72D81025C,CUST008996,SES024466,PROD001500,1,23639,23639,UPI,paid,2026-07-03 11:53:03
ORD-1DEAE0F86B,CUST005097,SES024469,PROD001221,2,17098,34196,UPI,paid,2026-07-25 05:42:23
ORD-ACCE66A602,CUST000213,SES024473,PROD001903,2,85079,170158,UPI,cancelled,2026-07-04 22:45:56
ORD-858662B782,CUST007911,SES024474,PROD000643,2,48117,96234,Credit Card,paid,2026-06-28 12:58:55
ORD-FE0D9E2349,CUST008484,SES024478,PROD001648,2,32625,65250,UPI,paid,2026-07-12 11:57:16
ORD-A1005C65B9,CUST004496,SES024493,PROD001729,3,94424,283272,Credit Card,paid,2026-07-06 17:29:28
ORD-7CACA2DD26,CUST003278,SES024495,PROD000923,1,88374,88374,UPI,refunded,2026-07-24 17:14:11
ORD-7A46F4AFDC,CUST001374,SES024504,PROD000534,1,99398,99398,UPI,paid,2026-07-12 23:57:00
ORD-E059125C18,CUST009623,SES024506,PROD001181,2,47783,95566,Credit Card,paid,2026-07-07 18:52:38
ORD-1D018D7239,CUST007099,SES024514,PROD001580,2,17134,34268,Cash on Delivery,paid,2026-07-12 01:23:24
ORD-32689B6A4D,CUST002009,SES024525,PROD000720,3,89269,267807,Debit Card,refunded,2026-07-11 16:41:31
ORD-CBD83746DF,CUST004447,SES024526,PROD001250,1,54906,54906,Debit Card,paid,2026-07-19 06:39:22
ORD-59C0CCFEEE,CUST007600,SES024533,PROD001124,3,53823,161469,UPI,paid,2026-07-08 09:59:28
ORD-71605CEE73,CUST007862,SES024537,PROD001125,1,1937,1937,UPI,refunded,2026-07-19 19:37:26
ORD-F114C1FFA2,CUST002952,SES024539,PROD001945,2,30389,60778,Credit Card,paid,2026-07-24 21:00:16
ORD-A756F4B1DA,CUST008911,SES024552,PROD000780,2,87612,175224,Credit Card,paid,2026-07-08 04:20:38
ORD-489209A8B0,CUST003828,SES024565,PROD001587,1,47538,47538,UPI,paid,2026-06-26 13:35:10
ORD-ABFFD5FFDC,CUST007207,SES024569,PROD000643,1,48117,48117,UPI,paid,2026-07-20 03:35:31
ORD-73EC4DFCA8,CUST005306,SES024577,PROD000695,1,69027,69027,Debit Card,cancelled,2026-07-01 15:41:27
ORD-2171103F4B,CUST003280,SES024581,PROD001058,3,14540,43620,UPI,paid,2026-07-17 23:43:42
ORD-201A9EFCF2,CUST005384,SES024586,PROD001058,1,14540,14540,UPI,paid,2026-07-13 20:48:10
ORD-294F2877E2,CUST008754,SES024588,PROD001449,2,16104,32208,Debit Card,paid,2026-07-25 16:20:25
ORD-DE8A4CC38B,CUST000730,SES024593,PROD000087,2,42350,84700,UPI,paid,2026-07-25 13:22:59
ORD-CE02DD016F,CUST008304,SES024595,PROD000281,1,5195,5195,UPI,paid,2026-07-11 18:44:11
ORD-AD8284F096,CUST003097,SES024601,PROD000213,3,35623,106869,UPI,paid,2026-07-07 03:42:55
ORD-B1C4E43647,CUST007588,SES024602,PROD000881,1,75805,75805,Wallet,paid,2026-06-27 21:07:37
ORD-6D14E9CE5A,CUST000143,SES024603,PROD001704,1,54673,54673,UPI,paid,2026-07-17 09:45:31
ORD-728F6D13E6,CUST001372,SES024619,PROD000604,2,37721,75442,Credit Card,paid,2026-07-02 23:19:25
ORD-2B55750D33,CUST009648,SES024621,PROD000042,2,70810,141620,UPI,paid,2026-07-02 19:55:32
ORD-EF8487EF25,CUST007027,SES024622,PROD001966,2,61160,122320,UPI,paid,2026-07-21 17:33:31
ORD-4D0509DF60,CUST001927,SES024636,PROD001135,3,27107,81321,UPI,paid,2026-07-17 12:19:17
ORD-648E70D882,CUST002977,SES024640,PROD000050,3,34754,104262,Cash on Delivery,paid,2026-07-03 01:43:11
ORD-A07B73B2FD,CUST000610,SES024642,PROD000071,1,53835,53835,UPI,paid,2026-07-25 18:30:07
ORD-1AE0C578B4,CUST007625,SES024651,PROD001935,3,6879,20637,Wallet,paid,2026-07-01 17:34:30
ORD-643436ADCD,CUST006238,SES024676,PROD001358,3,59083,177249,Debit Card,paid,2026-07-20 14:51:47
ORD-6094A8673B,CUST001619,SES024677,PROD001048,1,25239,25239,UPI,refunded,2026-07-07 01:23:16
ORD-CC269C86B5,CUST007477,SES024689,PROD001104,1,27036,27036,Credit Card,paid,2026-06-27 22:15:24
ORD-3BF96C6F22,CUST008958,SES024692,PROD000525,2,58851,117702,UPI,paid,2026-07-22 17:09:58
ORD-97DE4586BE,CUST003873,SES024703,PROD000352,3,64877,194631,UPI,paid,2026-06-29 18:30:39
ORD-409B4B99F5,CUST000907,SES024710,PROD001884,3,68633,205899,Credit Card,paid,2026-07-11 21:33:23
ORD-6A6AB573FF,CUST008052,SES024715,PROD001392,1,67945,67945,Wallet,paid,2026-07-21 15:12:29
ORD-4F064103E4,CUST003981,SES024724,PROD001353,1,59241,59241,UPI,cancelled,2026-07-19 05:40:54
ORD-BD57704828,CUST001127,SES024733,PROD000789,3,66834,200502,UPI,paid,2026-07-13 21:44:50
ORD-261A8B84BC,CUST008440,SES024735,PROD000374,2,60323,120646,UPI,paid,2026-06-28 03:53:42
ORD-1626350CB3,CUST003445,SES024738,PROD000328,2,41503,83006,UPI,paid,2026-07-15 08:45:48
ORD-BB7F6A4653,CUST001906,SES024742,PROD001308,3,44162,132486,Debit Card,paid,2026-07-13 07:43:11
ORD-C5CE4AD0CC,CUST006850,SES024749,PROD001895,2,47379,94758,UPI,paid,2026-07-03 18:32:15
ORD-8B67BF00EC,CUST003148,SES024751,PROD000586,3,27052,81156,Wallet,paid,2026-06-27 19:49:56
ORD-7E5B09D14F,CUST006015,SES024752,PROD001122,2,40374,80748,UPI,paid,2026-07-19 10:23:48
ORD-59C8C45D6D,CUST002773,SES024769,PROD001515,1,45939,45939,UPI,paid,2026-07-19 09:49:32
ORD-5D6528DF5B,CUST001937,SES024776,PROD000505,3,16673,50019,UPI,paid,2026-07-06 10:25:47
ORD-E37D824599,CUST005826,SES024784,PROD000616,1,69001,69001,UPI,paid,2026-07-13 07:46:50
ORD-69888AC110,CUST003953,SES024786,PROD000704,1,61762,61762,Credit Card,paid,2026-07-01 16:14:39
ORD-AB5C0FBD57,CUST001955,SES024792,PROD001329,1,17187,17187,Debit Card,paid,2026-07-03 05:06:34
ORD-DCF644B157,CUST004930,SES024793,PROD000257,2,11438,22876,Cash on Delivery,paid,2026-07-09 17:39:17
ORD-79B416B6B6,CUST001463,SES024802,PROD001707,1,58200,58200,UPI,paid,2026-07-08 08:05:38
ORD-2DD9BC979E,CUST006834,SES024803,PROD001462,1,5389,5389,Wallet,paid,2026-07-24 10:26:44
ORD-2FCBCF95D0,CUST009077,SES024804,PROD001607,2,6927,13854,Credit Card,paid,2026-07-22 03:20:35
ORD-1210DB3453,CUST007694,SES024811,PROD000259,2,80179,160358,Credit Card,paid,2026-07-10 11:37:19
ORD-1B8C3CD989,CUST000087,SES024829,PROD000279,2,94243,188486,Cash on Delivery,paid,2026-06-26 09:43:56
ORD-97F8E58D74,CUST002618,SES024831,PROD001249,3,73145,219435,Cash on Delivery,paid,2026-07-15 06:09:00
ORD-82E77077AA,CUST004463,SES024846,PROD001344,3,96810,290430,Credit Card,paid,2026-07-23 06:46:11
ORD-6D9D720E6E,CUST004525,SES024851,PROD000639,3,89175,267525,UPI,paid,2026-07-04 10:51:50
ORD-218BE74FF3,CUST005942,SES024859,PROD001996,2,27538,55076,UPI,cancelled,2026-07-19 19:26:39
ORD-8979BBD92D,CUST002759,SES024863,PROD001426,2,86142,172284,UPI,paid,2026-06-27 01:12:05
ORD-D5FA6B0A18,CUST008975,SES024874,PROD001816,1,56164,56164,Wallet,paid,2026-06-26 00:51:44
ORD-0F28F57E1F,CUST008280,SES024889,PROD001579,2,73401,146802,UPI,paid,2026-07-18 03:31:18
ORD-81A289D050,CUST007746,SES024904,PROD000541,2,81586,163172,Cash on Delivery,paid,2026-07-06 10:18:52
ORD-6F5B12FEB3,CUST003332,SES024909,PROD000182,3,80396,241188,Cash on Delivery,refunded,2026-06-29 17:40:30
ORD-8B13A9AF1A,CUST007337,SES024910,PROD001405,2,93282,186564,Debit Card,paid,2026-07-02 13:25:53
ORD-D064D8E476,CUST008968,SES024916,PROD001618,3,50210,150630,Debit Card,paid,2026-07-19 02:58:42
ORD-DA78323E72,CUST005524,SES024926,PROD000393,1,24683,24683,Debit Card,paid,2026-07-01 12:53:50
ORD-625D7084CE,CUST005344,SES024927,PROD001274,1,17721,17721,UPI,paid,2026-07-20 20:10:26
ORD-1C41D575B4,CUST002583,SES024928,PROD001428,3,5201,15603,UPI,paid,2026-07-18 09:33:07
ORD-14E4036EFF,CUST004845,SES024931,PROD000582,3,85280,255840,UPI,paid,2026-07-18 18:16:19
ORD-FD52232300,CUST001570,SES024937,PROD000648,3,97994,293982,UPI,paid,2026-06-28 02:24:14
ORD-925C9E2979,CUST008474,SES024939,PROD000524,3,48579,145737,UPI,refunded,2026-07-23 23:58:47
ORD-FD3F36EF02,CUST005995,SES024946,PROD000167,3,67161,201483,UPI,paid,2026-07-09 14:32:40
ORD-67089C8B99,CUST000974,SES024948,PROD001621,1,56556,56556,UPI,paid,2026-07-08 16:50:31
ORD-2D38835DA4,CUST005607,SES024951,PROD000066,2,67809,135618,Debit Card,refunded,2026-07-16 23:12:33
ORD-319947A407,CUST000468,SES024955,PROD001398,1,3458,3458,UPI,cancelled,2026-07-25 05:31:58
ORD-8F896B5061,CUST008580,SES024956,PROD000867,1,10834,10834,Debit Card,paid,2026-07-09 11:43:10
ORD-7FEE71BE46,CUST006511,SES024962,PROD001235,2,63410,126820,UPI,paid,2026-07-05 01:35:21
ORD-25E4C514FC,CUST009122,SES024968,PROD001431,2,30510,61020,UPI,paid,2026-07-01 04:44:58
ORD-F0654BC10E,CUST001139,SES024969,PROD001123,2,78107,156214,UPI,paid,2026-07-24 04:22:04
ORD-AC253B6CCD,CUST000721,SES024988,PROD001948,2,53537,107074,UPI,refunded,2026-06-26 17:29:57
ORD-A11C6C0D7D,CUST008253,SES024992,PROD000891,2,56508,113016,Credit Card,paid,2026-06-29 07:41:18
ORD-3390F467B8,CUST009733,SES024997,PROD000285,3,74483,223449,Wallet,refunded,2026-07-03 20:53:10
ORD-204C487EFD,CUST000678,SES025008,PROD000211,1,67036,67036,Debit Card,paid,2026-07-12 02:02:33
ORD-D19F3632D9,CUST005966,SES025009,PROD001184,2,52092,104184,UPI,paid,2026-07-09 16:06:43
ORD-AA45940A6C,CUST003453,SES025010,PROD001071,1,20172,20172,Cash on Delivery,paid,2026-06-30 16:01:53
ORD-5D5B001FE5,CUST008940,SES025011,PROD001912,1,23793,23793,UPI,paid,2026-07-04 06:45:30
ORD-CA32B30092,CUST003771,SES025012,PROD001819,2,21053,42106,Wallet,paid,2026-06-26 12:07:25
ORD-39595B422E,CUST007091,SES025015,PROD000388,2,61199,122398,Credit Card,paid,2026-07-07 06:47:40
ORD-03906672E0,CUST006304,SES025017,PROD000836,2,45882,91764,UPI,paid,2026-06-26 11:04:18
ORD-C2576D6229,CUST002497,SES025024,PROD000845,2,72092,144184,Credit Card,paid,2026-07-16 09:59:14
ORD-B564040F10,CUST009737,SES025026,PROD001155,1,18785,18785,Credit Card,paid,2026-07-02 10:39:06
ORD-37EF1C09DE,CUST000189,SES025027,PROD001358,2,59083,118166,UPI,paid,2026-07-11 16:01:35
ORD-CA197C4576,CUST006693,SES025035,PROD001700,3,77309,231927,Credit Card,paid,2026-07-07 20:18:08
ORD-A4DEC6DF27,CUST002474,SES025036,PROD000875,3,72912,218736,Debit Card,paid,2026-07-13 01:48:47
ORD-F194BF0BD6,CUST000841,SES025050,PROD001722,1,24382,24382,UPI,paid,2026-07-07 09:34:19
ORD-03EAEAB992,CUST001535,SES025052,PROD001103,3,19738,59214,Debit Card,cancelled,2026-07-03 03:46:48
ORD-F240B15FD8,CUST003504,SES025053,PROD001137,2,55991,111982,Debit Card,paid,2026-07-23 14:05:20
ORD-F988B9EF8D,CUST006376,SES025062,PROD000814,1,78886,78886,UPI,paid,2026-07-15 18:47:45
ORD-EE7BB58DD7,CUST005969,SES025066,PROD000093,1,18500,18500,UPI,paid,2026-07-09 15:13:37
ORD-AD5FE296A4,CUST002975,SES025081,PROD000576,2,21353,42706,Credit Card,paid,2026-06-29 21:04:30
ORD-0238CF006E,CUST003060,SES025084,PROD000344,1,16335,16335,UPI,paid,2026-07-14 00:28:27
ORD-5A37D8C248,CUST003398,SES025096,PROD001789,1,98337,98337,Credit Card,paid,2026-07-23 23:32:24
ORD-194918CEC4,CUST000398,SES025102,PROD001587,1,47538,47538,Credit Card,paid,2026-07-21 06:11:48
ORD-6512D8B39A,CUST004003,SES025116,PROD001401,3,53703,161109,UPI,paid,2026-07-23 07:33:09
ORD-6B81461356,CUST007757,SES025123,PROD000010,1,94666,94666,UPI,paid,2026-07-25 20:18:31
ORD-80C262D9DE,CUST007476,SES025124,PROD001370,2,90304,180608,Wallet,paid,2026-07-12 15:30:48
ORD-A794604157,CUST001688,SES025126,PROD001306,2,97981,195962,Debit Card,paid,2026-07-14 12:35:21
ORD-22465EE898,CUST009493,SES025127,PROD000824,1,71811,71811,Wallet,paid,2026-07-16 20:21:40
ORD-004C83AFFB,CUST006653,SES025139,PROD000560,3,81912,245736,UPI,refunded,2026-07-03 15:58:36
ORD-8F1EEAF1A8,CUST007869,SES025141,PROD001650,3,15942,47826,Credit Card,paid,2026-07-10 23:45:55
ORD-01D761F60E,CUST007752,SES025145,PROD001533,3,47075,141225,UPI,paid,2026-07-25 02:17:18
ORD-F9AA5D412C,CUST001971,SES025146,PROD001775,1,42251,42251,Debit Card,paid,2026-06-27 03:58:49
ORD-4DEB83AF62,CUST001819,SES025148,PROD001013,2,21947,43894,Credit Card,paid,2026-07-21 03:46:13
ORD-3085CC03B7,CUST007371,SES025157,PROD001579,1,73401,73401,Wallet,paid,2026-06-30 02:09:49
ORD-A0328E0023,CUST001018,SES025167,PROD001083,3,64320,192960,UPI,paid,2026-07-07 15:40:08
ORD-FC195562EE,CUST008095,SES025196,PROD001301,2,50249,100498,Credit Card,paid,2026-07-14 04:59:14
ORD-507EA582ED,CUST001757,SES025218,PROD000197,2,97393,194786,Debit Card,paid,2026-07-23 10:48:41
ORD-9D08E7FF69,CUST004616,SES025228,PROD000432,2,61341,122682,UPI,paid,2026-07-12 08:46:10
ORD-03C881DBB0,CUST005372,SES025234,PROD001900,2,48207,96414,Debit Card,refunded,2026-07-14 14:17:08
ORD-F182F3E3C8,CUST002903,SES025239,PROD000246,3,18976,56928,UPI,cancelled,2026-07-21 11:54:30
ORD-6301DFCE58,CUST009876,SES025242,PROD001839,2,70893,141786,Credit Card,paid,2026-07-24 05:17:35
ORD-7730196937,CUST005333,SES025254,PROD001449,3,16104,48312,Wallet,paid,2026-06-29 22:19:28
ORD-EB24E4DCF4,CUST004202,SES025255,PROD000252,3,3331,9993,Credit Card,paid,2026-07-02 22:03:59
ORD-BE1390E80C,CUST009338,SES025257,PROD001558,2,99590,199180,Cash on Delivery,paid,2026-07-21 19:37:12
ORD-0062B26545,CUST007104,SES025297,PROD001360,2,52895,105790,UPI,paid,2026-07-06 10:33:52
ORD-22D5FFAEE6,CUST000632,SES025304,PROD001986,3,91993,275979,UPI,paid,2026-07-19 03:26:33
ORD-A1953CA402,CUST004812,SES025308,PROD000209,3,81226,243678,Wallet,cancelled,2026-07-01 01:39:47
ORD-321179E147,CUST003632,SES025309,PROD000113,2,49173,98346,Debit Card,paid,2026-07-02 08:53:30
ORD-CD683E461E,CUST005307,SES025323,PROD000169,3,60303,180909,UPI,cancelled,2026-07-14 08:19:14
ORD-B18F60D1F6,CUST006526,SES025326,PROD001306,3,97981,293943,UPI,paid,2026-07-11 00:25:17
ORD-06CD00E66F,CUST008498,SES025336,PROD000078,3,27288,81864,Wallet,paid,2026-07-21 20:34:53
ORD-23A0688C89,CUST005716,SES025337,PROD000099,1,11043,11043,UPI,paid,2026-07-20 13:27:57
ORD-D8A6D19596,CUST005536,SES025342,PROD001533,1,47075,47075,UPI,paid,2026-07-22 04:47:43
ORD-C89FEDF908,CUST008388,SES025348,PROD001535,2,96580,193160,Credit Card,cancelled,2026-07-13 06:27:16
ORD-0C862F0471,CUST001298,SES025351,PROD001391,1,72006,72006,UPI,paid,2026-06-27 20:33:25
ORD-D94140363E,CUST002090,SES025356,PROD000719,2,41815,83630,UPI,paid,2026-07-03 10:18:37
ORD-E021F3AD41,CUST009123,SES025361,PROD001918,3,17647,52941,UPI,paid,2026-07-18 14:03:43
ORD-A5A9C010DD,CUST004723,SES025365,PROD000764,3,74926,224778,UPI,paid,2026-07-16 04:41:56
ORD-2DF95E0729,CUST007779,SES025372,PROD000569,2,38000,76000,UPI,paid,2026-07-22 14:31:15
ORD-D3C25C5F18,CUST003564,SES025374,PROD000761,3,14326,42978,Debit Card,cancelled,2026-07-14 16:26:52
ORD-1B151D9BF5,CUST001136,SES025375,PROD000624,1,38373,38373,Wallet,paid,2026-07-17 06:23:20
ORD-C75A49BCE5,CUST007790,SES025379,PROD001190,3,25218,75654,UPI,refunded,2026-07-13 05:21:52
ORD-EFAA3FE58B,CUST007131,SES025390,PROD001666,1,93682,93682,Credit Card,paid,2026-06-30 16:55:20
ORD-762997FD1F,CUST002542,SES025392,PROD001388,2,39638,79276,Debit Card,refunded,2026-07-05 13:34:22
ORD-B2D9E3487B,CUST000436,SES025394,PROD001199,1,97680,97680,Credit Card,refunded,2026-07-13 05:12:22
ORD-1084A5C887,CUST009467,SES025397,PROD001558,2,99590,199180,Wallet,paid,2026-07-22 12:39:07
ORD-83CA803B00,CUST005186,SES025411,PROD001111,3,72856,218568,UPI,paid,2026-06-29 07:26:57
ORD-9898D984CE,CUST005285,SES025425,PROD000503,3,25563,76689,UPI,paid,2026-07-05 16:18:45
ORD-91EA596FB7,CUST007719,SES025434,PROD000696,2,952,1904,UPI,paid,2026-07-22 17:50:45
ORD-AC48C6EC69,CUST001226,SES025439,PROD001240,2,83929,167858,Debit Card,cancelled,2026-06-26 02:26:13
ORD-80A40CBD53,CUST001100,SES025456,PROD000291,1,67899,67899,UPI,paid,2026-07-17 22:39:37
ORD-CCCC5BC340,CUST004000,SES025471,PROD001576,2,37291,74582,Cash on Delivery,paid,2026-07-06 22:20:17
ORD-04FDAE909B,CUST004524,SES025481,PROD001510,1,95788,95788,Credit Card,paid,2026-07-15 13:26:53
ORD-2DECED8368,CUST007253,SES025487,PROD001967,3,21299,63897,Cash on Delivery,paid,2026-07-15 04:01:24
ORD-685A7203B8,CUST004099,SES025493,PROD001188,2,48438,96876,UPI,paid,2026-07-14 17:48:19
ORD-77EF786F0E,CUST005237,SES025494,PROD000061,3,79494,238482,Wallet,paid,2026-06-26 19:39:24
ORD-C29A7E65C5,CUST001984,SES025497,PROD001571,3,82639,247917,Debit Card,paid,2026-07-02 06:17:31
ORD-07995078ED,CUST000792,SES025523,PROD001733,3,51279,153837,Credit Card,paid,2026-07-10 22:18:08
ORD-1BEAE852E5,CUST009307,SES025525,PROD001425,1,60408,60408,UPI,paid,2026-07-16 09:18:35
ORD-50903C576F,CUST000777,SES025541,PROD000005,1,21202,21202,UPI,paid,2026-07-19 11:20:16
ORD-8BC1D81DF7,CUST006010,SES025550,PROD000746,2,83584,167168,Credit Card,paid,2026-07-01 08:44:03
ORD-DF2D04B9B9,CUST005995,SES025573,PROD000518,1,66393,66393,Cash on Delivery,paid,2026-07-20 05:57:52
ORD-5EEE3418CA,CUST001934,SES025575,PROD000789,2,66834,133668,Wallet,paid,2026-07-10 18:28:18
ORD-30960E3EAD,CUST004562,SES025577,PROD001058,2,14540,29080,Credit Card,paid,2026-07-25 09:13:03
ORD-BF6974C20C,CUST000197,SES025582,PROD001340,1,33682,33682,Debit Card,paid,2026-07-17 11:05:38
ORD-F47EA9AC6B,CUST005268,SES025595,PROD000211,1,67036,67036,Cash on Delivery,paid,2026-07-08 04:46:58
ORD-9880FBF0C9,CUST007508,SES025598,PROD000512,2,5255,10510,Cash on Delivery,cancelled,2026-07-18 01:40:32
ORD-3D4A06DA0C,CUST003154,SES025603,PROD000340,2,86397,172794,Debit Card,paid,2026-06-25 22:42:04
ORD-72294DA2A5,CUST000852,SES025606,PROD000017,3,83718,251154,Credit Card,paid,2026-07-16 22:56:13
ORD-F32E890005,CUST000442,SES025607,PROD000033,3,13055,39165,UPI,paid,2026-07-01 13:09:23
ORD-11DE9D2DAD,CUST005406,SES025610,PROD001648,3,32625,97875,UPI,paid,2026-06-26 07:17:06
ORD-FC93CB785A,CUST009128,SES025612,PROD001000,2,57900,115800,UPI,paid,2026-07-13 01:07:05
ORD-D288281CD2,CUST006841,SES025627,PROD000843,1,13501,13501,Cash on Delivery,paid,2026-07-06 18:19:50
ORD-CFBD980DD4,CUST006439,SES025641,PROD001221,1,17098,17098,Credit Card,paid,2026-07-22 04:34:43
ORD-DD2C49F5FD,CUST003487,SES025642,PROD001009,2,30188,60376,Wallet,paid,2026-07-15 17:17:54
ORD-9774715144,CUST003163,SES025644,PROD000661,2,55394,110788,Debit Card,paid,2026-07-18 08:04:01
ORD-80994AAF9F,CUST009548,SES025646,PROD001466,3,90751,272253,Cash on Delivery,paid,2026-07-12 14:25:27
ORD-CD887B133C,CUST000757,SES025649,PROD001236,2,37665,75330,Wallet,paid,2026-06-27 00:12:26
ORD-49600BE8EA,CUST005190,SES025650,PROD000236,1,98031,98031,Debit Card,paid,2026-07-20 04:54:45
ORD-806F7673D3,CUST001006,SES025653,PROD000847,2,25126,50252,Credit Card,refunded,2026-07-09 15:49:10
ORD-950EC9A20E,CUST006533,SES025655,PROD001256,1,9305,9305,Credit Card,paid,2026-07-17 23:25:02
ORD-04F9A05595,CUST002249,SES025658,PROD000888,3,73881,221643,UPI,paid,2026-06-26 18:23:59
ORD-734E658DBE,CUST005871,SES025667,PROD000447,1,41345,41345,UPI,paid,2026-07-20 06:04:47
ORD-731C771DED,CUST004752,SES025671,PROD000089,3,34149,102447,Debit Card,paid,2026-07-12 00:29:18
ORD-BE9037B349,CUST009450,SES025674,PROD001484,3,16303,48909,Credit Card,paid,2026-07-24 08:13:15
ORD-A4573788EB,CUST002879,SES025675,PROD000555,2,38604,77208,Credit Card,paid,2026-07-23 10:08:17
ORD-E3E68D4F12,CUST004885,SES025678,PROD001978,1,49741,49741,UPI,paid,2026-07-14 01:20:59
ORD-6B4B64A4DC,CUST009125,SES025697,PROD000081,3,20031,60093,Credit Card,paid,2026-07-25 01:45:02
ORD-6BA20675E2,CUST001679,SES025708,PROD001430,3,7319,21957,Debit Card,paid,2026-07-04 11:32:14
ORD-6BAF08CD4D,CUST009166,SES025714,PROD000644,3,2310,6930,Cash on Delivery,paid,2026-06-27 05:38:49
ORD-F63C849B37,CUST001813,SES025719,PROD000082,1,89402,89402,Credit Card,paid,2026-07-01 21:43:28
ORD-6A65C0F313,CUST001701,SES025722,PROD000829,2,72277,144554,Credit Card,paid,2026-07-16 08:06:02
ORD-15B2D009D0,CUST003527,SES025725,PROD000316,1,24126,24126,Cash on Delivery,paid,2026-07-06 18:20:30
ORD-2C21348D73,CUST004516,SES025729,PROD001295,3,716,2148,Credit Card,paid,2026-07-07 16:57:08
ORD-C752AA79BB,CUST008088,SES025742,PROD000702,1,30578,30578,UPI,paid,2026-07-07 12:37:38
ORD-7E28C9F7A3,CUST009297,SES025755,PROD000402,2,34517,69034,Credit Card,paid,2026-07-23 18:06:44
ORD-C285E277A8,CUST000777,SES025756,PROD000892,2,4648,9296,UPI,paid,2026-07-09 02:36:36
ORD-336FCA7969,CUST000303,SES025757,PROD001022,3,41924,125772,UPI,paid,2026-06-27 11:45:16
ORD-ECF5C95D2B,CUST007196,SES025763,PROD001233,2,86530,173060,UPI,paid,2026-07-16 10:06:54
ORD-E9CC4BA03E,CUST004212,SES025764,PROD001390,1,74835,74835,Credit Card,refunded,2026-07-05 03:07:27
ORD-ACDAF1A481,CUST003366,SES025765,PROD000351,1,69235,69235,Wallet,paid,2026-07-08 19:39:51
ORD-36FF09B8E6,CUST003377,SES025777,PROD001441,3,40107,120321,UPI,paid,2026-06-27 05:56:57
ORD-18B235DD55,CUST008840,SES025778,PROD001744,3,49352,148056,UPI,paid,2026-07-01 12:37:50
ORD-653F20DD48,CUST002937,SES025792,PROD001932,3,15533,46599,UPI,paid,2026-07-16 23:15:47
ORD-E6C52A3AC9,CUST001720,SES025795,PROD000009,1,7559,7559,UPI,paid,2026-07-11 03:51:54
ORD-AD14BB6ECA,CUST006570,SES025832,PROD000584,3,88991,266973,Credit Card,paid,2026-06-26 19:08:59
ORD-905019A023,CUST009656,SES025837,PROD000792,3,54806,164418,Credit Card,paid,2026-07-14 20:59:49
ORD-A3E8571EF0,CUST005659,SES025852,PROD001507,2,87446,174892,Credit Card,paid,2026-07-22 07:51:29
ORD-CCEF2B540C,CUST007636,SES025874,PROD001771,2,55614,111228,UPI,paid,2026-07-19 16:42:01
ORD-A84AA4A552,CUST000194,SES025879,PROD000849,3,43546,130638,Cash on Delivery,paid,2026-06-26 22:18:35
ORD-194EF30049,CUST008606,SES025906,PROD001166,2,61606,123212,UPI,paid,2026-06-27 19:56:18
ORD-EA987897BD,CUST002739,SES025926,PROD001597,1,83259,83259,Debit Card,paid,2026-07-16 19:18:42
ORD-A54448DEE4,CUST000026,SES025930,PROD001259,1,63780,63780,Credit Card,paid,2026-07-21 16:36:28
ORD-D4A3E8098E,CUST003659,SES025935,PROD001967,3,21299,63897,UPI,paid,2026-07-24 10:37:07
ORD-6766959CA2,CUST008653,SES025937,PROD000668,1,3256,3256,Debit Card,paid,2026-07-07 20:14:10
ORD-0ECF945AAA,CUST001814,SES025946,PROD001804,1,7156,7156,Credit Card,paid,2026-06-26 07:36:13
ORD-B278B4FA46,CUST000845,SES025950,PROD001384,1,23438,23438,UPI,paid,2026-07-23 22:15:14
ORD-96CEF19F0F,CUST002339,SES025959,PROD001058,2,14540,29080,UPI,paid,2026-06-30 03:20:22
ORD-42AEF0AF46,CUST002219,SES025963,PROD001496,1,95775,95775,UPI,paid,2026-07-11 10:28:32
ORD-02A3F0C5C5,CUST006063,SES025980,PROD000269,2,90128,180256,UPI,paid,2026-07-15 03:05:50
ORD-5DA93B98BE,CUST003143,SES025985,PROD001500,1,23639,23639,Credit Card,paid,2026-07-09 21:10:48
ORD-1D4B9C10FA,CUST000241,SES025990,PROD000783,1,18430,18430,Credit Card,paid,2026-07-04 16:20:49
ORD-6A44C85921,CUST006758,SES025991,PROD001239,2,8000,16000,Debit Card,paid,2026-06-30 23:28:57
ORD-AD16475B1D,CUST006818,SES025992,PROD000639,2,89175,178350,Credit Card,paid,2026-07-24 01:32:53
ORD-E6C7257D77,CUST006744,SES025997,PROD001359,3,60657,181971,UPI,paid,2026-07-08 17:28:33
ORD-579E7DFCC7,CUST001366,SES025999,PROD001254,2,39489,78978,UPI,paid,2026-07-21 00:36:16
ORD-ED4DCC5949,CUST005723,SES026001,PROD000013,1,6207,6207,Wallet,paid,2026-07-06 07:48:08
ORD-70FBD1A024,CUST004446,SES026022,PROD001700,1,77309,77309,Credit Card,paid,2026-06-28 13:37:06
ORD-F8B9956D07,CUST006719,SES026030,PROD001284,1,57552,57552,UPI,paid,2026-07-18 09:11:56
ORD-87ABF87645,CUST000679,SES026031,PROD001212,1,98640,98640,UPI,paid,2026-07-01 14:30:41
ORD-4E214F068A,CUST001919,SES026037,PROD001653,2,93568,187136,UPI,paid,2026-07-18 07:23:42
ORD-DB441CC15D,CUST005943,SES026040,PROD001842,3,53825,161475,UPI,paid,2026-06-26 11:21:42
ORD-E5DC475B4B,CUST009932,SES026043,PROD000124,3,22860,68580,Wallet,paid,2026-07-09 13:51:26
ORD-46B250D219,CUST006771,SES026054,PROD001052,3,19792,59376,UPI,paid,2026-06-27 16:26:40
ORD-3C339F51ED,CUST004873,SES026059,PROD000812,3,45788,137364,UPI,paid,2026-07-24 16:28:25
ORD-8C91913B31,CUST009603,SES026068,PROD000332,3,37410,112230,UPI,paid,2026-06-26 21:01:20
ORD-8F227066BE,CUST007406,SES026076,PROD001367,3,17095,51285,Credit Card,paid,2026-07-06 01:15:40
ORD-AAE9787CB8,CUST006083,SES026077,PROD000406,1,56577,56577,Wallet,paid,2026-07-05 21:34:04
ORD-17AD6DBF52,CUST006455,SES026082,PROD001242,3,27108,81324,Wallet,paid,2026-07-12 09:47:43
ORD-80505B66F7,CUST008665,SES026084,PROD001000,1,57900,57900,UPI,paid,2026-07-05 17:46:08
ORD-30808D84A0,CUST007491,SES026095,PROD000708,1,22376,22376,UPI,paid,2026-07-06 11:50:11
ORD-9B336951DB,CUST007639,SES026107,PROD000900,3,81425,244275,Credit Card,paid,2026-07-14 15:44:15
ORD-F31FDBA39C,CUST000751,SES026108,PROD001721,1,58075,58075,UPI,paid,2026-07-24 17:50:45
ORD-90C8507996,CUST000630,SES026112,PROD000930,2,51191,102382,Wallet,paid,2026-07-08 02:08:56
ORD-1213D90D19,CUST006496,SES026117,PROD001146,1,32681,32681,UPI,paid,2026-07-04 21:23:06
ORD-04CE9A8196,CUST007641,SES026128,PROD000818,1,3761,3761,Debit Card,paid,2026-07-13 00:54:14
ORD-250185C00C,CUST004371,SES026130,PROD001682,3,61113,183339,UPI,paid,2026-07-14 17:30:37
ORD-79E75322DE,CUST004306,SES026137,PROD000807,3,33286,99858,Debit Card,paid,2026-07-21 22:29:15
ORD-CA1246BFF0,CUST005433,SES026150,PROD000028,2,85703,171406,Debit Card,paid,2026-06-29 15:22:57
ORD-04F29B430A,CUST005126,SES026153,PROD000195,2,8027,16054,Debit Card,paid,2026-06-29 01:58:13
ORD-BF5FA71EEB,CUST003858,SES026155,PROD000976,1,24129,24129,Credit Card,paid,2026-07-19 04:51:17
ORD-3C838B3346,CUST009189,SES026168,PROD001667,2,96181,192362,Credit Card,paid,2026-06-29 11:43:28
ORD-8C0B806027,CUST003599,SES026171,PROD000242,3,33277,99831,Debit Card,paid,2026-07-24 12:05:34
ORD-6493D03D52,CUST006942,SES026175,PROD000653,1,70419,70419,UPI,paid,2026-07-15 10:37:42
ORD-03A4515715,CUST005173,SES026201,PROD001427,1,91308,91308,Debit Card,paid,2026-07-06 10:31:22
ORD-5ACFB621A1,CUST002378,SES026210,PROD000422,1,78921,78921,Wallet,paid,2026-07-17 14:36:18
ORD-FBDA7E9F64,CUST007237,SES026212,PROD000191,3,55494,166482,Debit Card,paid,2026-07-12 17:51:19
ORD-8218066CF7,CUST007527,SES026217,PROD001221,3,17098,51294,Cash on Delivery,paid,2026-07-20 09:46:45
ORD-F855E3F627,CUST002828,SES026219,PROD001200,3,26862,80586,Credit Card,paid,2026-07-25 12:50:12
ORD-FA014DE424,CUST004935,SES026224,PROD000107,2,19335,38670,UPI,paid,2026-07-13 01:30:08
ORD-170E3DCB58,CUST003360,SES026225,PROD000156,2,58277,116554,Credit Card,paid,2026-07-24 10:01:06
ORD-22035C0456,CUST002830,SES026232,PROD001499,1,40148,40148,UPI,paid,2026-07-24 15:34:09
ORD-A1F4CC43E1,CUST009897,SES026258,PROD000714,2,37942,75884,Debit Card,paid,2026-06-27 07:53:31
ORD-59F8634830,CUST009977,SES026263,PROD000249,1,90746,90746,Cash on Delivery,paid,2026-07-24 21:19:53
ORD-0A2230BEF7,CUST001100,SES026288,PROD000838,3,51031,153093,Credit Card,paid,2026-07-10 06:35:17
ORD-DAFAC198A9,CUST001387,SES026289,PROD001175,2,8306,16612,UPI,paid,2026-07-11 02:28:41
ORD-38E225D55A,CUST006791,SES026295,PROD001254,1,39489,39489,UPI,paid,2026-06-26 09:37:46
ORD-FFB5355F08,CUST000381,SES026298,PROD000193,1,94527,94527,UPI,paid,2026-07-15 09:47:32
ORD-20F3E6F463,CUST008351,SES026299,PROD001991,3,56677,170031,UPI,paid,2026-06-29 15:14:21
ORD-7895AC0EF8,CUST005934,SES026314,PROD000055,2,21498,42996,UPI,paid,2026-07-13 22:13:59
ORD-1185BAE215,CUST003647,SES026319,PROD001027,1,7548,7548,UPI,paid,2026-06-27 14:18:44
ORD-4203D6FBB2,CUST004791,SES026330,PROD000618,3,48908,146724,UPI,paid,2026-07-14 23:08:38
ORD-54E5DA3F68,CUST003980,SES026333,PROD000890,3,94566,283698,Wallet,paid,2026-07-23 22:53:02
ORD-8D84726656,CUST002001,SES026353,PROD001062,1,66447,66447,Credit Card,paid,2026-07-06 01:50:32
ORD-33859BEC19,CUST006710,SES026356,PROD001875,2,48977,97954,UPI,paid,2026-07-13 08:06:58
ORD-FD9E714CD3,CUST000382,SES026387,PROD001383,2,72881,145762,UPI,paid,2026-07-20 00:29:29
ORD-D9EBE2BE63,CUST002635,SES026391,PROD001128,2,94174,188348,Wallet,paid,2026-07-18 02:27:13
ORD-9943D4A336,CUST000454,SES026392,PROD000795,3,46177,138531,UPI,refunded,2026-07-18 10:38:11
ORD-918B802544,CUST003098,SES026399,PROD001927,1,13436,13436,UPI,paid,2026-07-04 04:33:06
ORD-F984BB8F7E,CUST006477,SES026417,PROD000545,2,2023,4046,UPI,paid,2026-07-17 15:47:43
ORD-E4CCE3316F,CUST009238,SES026419,PROD001670,3,12377,37131,Credit Card,paid,2026-07-10 18:21:31
ORD-3EE9D9D07D,CUST004357,SES026423,PROD001713,2,76281,152562,Credit Card,paid,2026-07-16 20:34:29
ORD-24CF9A1443,CUST004553,SES026428,PROD000438,1,39358,39358,UPI,paid,2026-07-02 11:41:28
ORD-2DB9F9C7A5,CUST001598,SES026442,PROD000205,2,19053,38106,Cash on Delivery,paid,2026-06-30 14:01:54
ORD-8C58EB1822,CUST002977,SES026445,PROD001440,3,41094,123282,Credit Card,paid,2026-07-11 11:00:39
ORD-B8372CB751,CUST009433,SES026449,PROD000712,2,58936,117872,UPI,cancelled,2026-07-16 18:25:45
ORD-7F164E4155,CUST001598,SES026451,PROD001408,3,17380,52140,Wallet,paid,2026-07-14 09:26:47
ORD-66F70650F6,CUST008176,SES026461,PROD001807,2,52277,104554,UPI,paid,2026-07-02 13:47:16
ORD-CE9E3B2DF5,CUST004625,SES026475,PROD000570,2,13605,27210,Debit Card,paid,2026-07-05 17:41:03
ORD-5F9F817E8F,CUST004852,SES026480,PROD001316,2,79905,159810,UPI,paid,2026-06-30 23:01:44
ORD-7A9771EAEC,CUST004120,SES026502,PROD000643,2,48117,96234,Debit Card,paid,2026-07-04 08:38:26
ORD-F0BC7C121C,CUST004261,SES026504,PROD000700,3,96165,288495,UPI,paid,2026-07-11 17:47:20
ORD-E732E02B40,CUST009334,SES026505,PROD001344,1,96810,96810,Credit Card,paid,2026-07-05 23:46:10
ORD-CC0752858F,CUST005638,SES026506,PROD000189,1,2445,2445,UPI,paid,2026-07-11 17:58:31
ORD-D4AC4C221D,CUST001544,SES026513,PROD000898,2,17378,34756,UPI,paid,2026-07-05 02:22:54
ORD-5D9B7D8FFA,CUST008412,SES026568,PROD001886,2,50748,101496,Credit Card,paid,2026-07-05 12:35:30
ORD-2C01EB9278,CUST000706,SES026575,PROD001492,1,85151,85151,UPI,paid,2026-07-20 17:37:24
ORD-281297682E,CUST002368,SES026576,PROD001309,2,14162,28324,Credit Card,paid,2026-07-24 21:20:18
ORD-6D6BE55B6B,CUST003732,SES026594,PROD001137,2,55991,111982,UPI,paid,2026-07-21 14:57:39
ORD-EB018B29AD,CUST004906,SES026595,PROD001769,2,49349,98698,Debit Card,paid,2026-06-28 20:58:21
ORD-E05BA44722,CUST002761,SES026599,PROD000542,2,32558,65116,UPI,paid,2026-07-10 10:00:59
ORD-C7EADFCF7D,CUST006710,SES026604,PROD001992,3,72935,218805,Cash on Delivery,paid,2026-06-26 07:47:44
ORD-063BD7FFF6,CUST000300,SES026606,PROD001635,2,11600,23200,UPI,paid,2026-07-09 07:55:41
ORD-26F56A6736,CUST004055,SES026615,PROD000041,2,82071,164142,Credit Card,paid,2026-07-25 11:48:20
ORD-CF35DE8920,CUST009278,SES026616,PROD001176,1,79437,79437,Debit Card,paid,2026-07-16 03:19:43
ORD-687C13F5CD,CUST005039,SES026621,PROD000914,3,21498,64494,UPI,paid,2026-07-01 00:26:26
ORD-4B7F494A14,CUST001904,SES026626,PROD001119,3,85278,255834,UPI,paid,2026-07-11 13:33:33
ORD-A2B991E801,CUST000440,SES026630,PROD000112,1,45523,45523,UPI,paid,2026-06-26 12:02:26
ORD-A3CA9D2D2C,CUST008470,SES026652,PROD001713,2,76281,152562,Wallet,paid,2026-07-16 23:18:38
ORD-06C766BEC4,CUST009674,SES026662,PROD001848,3,39551,118653,UPI,paid,2026-07-04 14:47:57
ORD-5DC79F01CE,CUST000367,SES026673,PROD000985,1,75130,75130,UPI,paid,2026-07-13 20:45:54
ORD-88840B847F,CUST008769,SES026679,PROD001613,3,54604,163812,UPI,paid,2026-07-20 07:38:07
ORD-E3EEAE9ADB,CUST008279,SES026682,PROD001316,3,79905,239715,Debit Card,paid,2026-07-23 11:25:00
ORD-2C08E86345,CUST007333,SES026699,PROD000686,1,49688,49688,Wallet,refunded,2026-07-06 19:39:21
ORD-EA8A1AA3B8,CUST007182,SES026701,PROD001289,3,77925,233775,Cash on Delivery,paid,2026-07-07 03:13:48
ORD-B79BD9873F,CUST004375,SES026705,PROD000795,3,46177,138531,UPI,paid,2026-07-07 12:37:01
ORD-F89248036E,CUST005502,SES026713,PROD001193,1,84422,84422,UPI,paid,2026-07-25 14:57:09
ORD-3C650CF806,CUST006850,SES026719,PROD000766,2,32109,64218,Credit Card,paid,2026-07-21 14:57:14
ORD-6CFCF45A7C,CUST004338,SES026724,PROD000051,3,22874,68622,Credit Card,paid,2026-07-22 18:03:48
ORD-487F9036AB,CUST005001,SES026734,PROD000981,3,19544,58632,Cash on Delivery,paid,2026-07-15 22:52:49
ORD-A534AE21AF,CUST000238,SES026739,PROD001524,2,74274,148548,UPI,paid,2026-07-06 02:39:14
ORD-0EFBB93B4D,CUST008482,SES026741,PROD001932,1,15533,15533,Credit Card,paid,2026-07-09 06:42:54
ORD-B0AD994B5B,CUST001998,SES026767,PROD000422,3,78921,236763,Credit Card,paid,2026-07-04 16:04:53
ORD-9317FD70A1,CUST003436,SES026775,PROD001087,2,5987,11974,Credit Card,paid,2026-07-12 07:46:40
ORD-DD01EB8A91,CUST009381,SES026778,PROD001673,1,14013,14013,Debit Card,paid,2026-07-06 09:06:38
ORD-CB1B4AB26F,CUST001457,SES026787,PROD001257,2,52531,105062,UPI,paid,2026-07-15 00:15:18
ORD-B6541463FC,CUST008627,SES026804,PROD001830,1,12500,12500,Cash on Delivery,paid,2026-07-20 13:09:02
ORD-D9C6E81AED,CUST007120,SES026806,PROD000343,2,25634,51268,UPI,paid,2026-06-26 09:13:33
ORD-22A60F8A6A,CUST003506,SES026816,PROD000671,3,43350,130050,UPI,paid,2026-07-01 01:26:52
ORD-6010E37611,CUST004284,SES026821,PROD000552,1,21816,21816,Debit Card,paid,2026-07-10 01:33:45
ORD-43D23E5FFB,CUST009786,SES026826,PROD000914,3,21498,64494,Wallet,paid,2026-07-17 15:51:16
ORD-985EB36F85,CUST000307,SES026848,PROD001252,2,95474,190948,UPI,paid,2026-07-18 09:25:05
ORD-94BA2131A4,CUST008512,SES026858,PROD001161,1,20429,20429,UPI,paid,2026-07-07 23:16:45
ORD-D6C402B334,CUST001639,SES026860,PROD001902,1,20377,20377,Debit Card,paid,2026-07-01 02:20:05
ORD-3F413C1C09,CUST002320,SES026864,PROD000357,3,52758,158274,UPI,paid,2026-07-21 14:10:07
ORD-FB0D9B2E5B,CUST001182,SES026876,PROD000320,2,13583,27166,Credit Card,paid,2026-07-16 13:18:07
ORD-041768C85C,CUST006948,SES026877,PROD000497,1,81712,81712,Credit Card,paid,2026-07-21 20:09:54
ORD-2C1FE90884,CUST007253,SES026878,PROD001084,1,4758,4758,Debit Card,paid,2026-07-19 10:17:40
ORD-384D058F7E,CUST009731,SES026880,PROD001364,3,54232,162696,UPI,paid,2026-06-26 19:02:25
ORD-BF4DBD01B9,CUST009386,SES026892,PROD001744,2,49352,98704,UPI,paid,2026-07-20 22:41:06
ORD-9766DF6A8F,CUST001742,SES026898,PROD000596,3,85269,255807,UPI,paid,2026-07-01 07:57:26
ORD-CF9E1E42DF,CUST003870,SES026900,PROD000345,3,96403,289209,Cash on Delivery,paid,2026-07-25 19:08:00
ORD-E14D4B4514,CUST007786,SES026917,PROD000176,3,77394,232182,UPI,refunded,2026-07-21 18:33:50
ORD-A01DB8644A,CUST003407,SES026941,PROD001136,2,6282,12564,Credit Card,paid,2026-06-29 00:56:00
ORD-A5D446E9F1,CUST005442,SES026943,PROD000552,2,21816,43632,UPI,paid,2026-07-21 07:53:14
ORD-D6CE76094C,CUST008266,SES026947,PROD001651,2,26984,53968,Debit Card,paid,2026-07-11 09:45:51
ORD-9FDC6984ED,CUST008836,SES026949,PROD000357,1,52758,52758,UPI,paid,2026-07-02 15:17:08
ORD-64FAAFF519,CUST006696,SES026950,PROD001223,1,24326,24326,Credit Card,paid,2026-06-27 19:26:17
ORD-3559816ED5,CUST009865,SES026956,PROD001346,1,59838,59838,UPI,paid,2026-06-29 02:44:15
ORD-D1FC20BBA4,CUST006477,SES026963,PROD000202,3,96306,288918,Cash on Delivery,paid,2026-07-18 21:02:56
ORD-34263E0487,CUST001100,SES026971,PROD000203,2,31109,62218,UPI,paid,2026-07-20 10:27:23
ORD-B1F71FB6F9,CUST005167,SES026972,PROD001443,1,51570,51570,Cash on Delivery,paid,2026-07-23 04:13:26
ORD-BDD49C9ADC,CUST003313,SES026977,PROD001622,3,46507,139521,UPI,paid,2026-07-11 06:20:19
ORD-539480D7DA,CUST008589,SES026983,PROD001014,2,20264,40528,Wallet,paid,2026-07-05 00:06:48
ORD-3A094D6989,CUST008540,SES026994,PROD001257,3,52531,157593,UPI,paid,2026-06-26 20:40:40
ORD-51E5AD3C76,CUST005470,SES026995,PROD000541,2,81586,163172,Credit Card,paid,2026-07-25 19:04:31
ORD-8098C2DFC6,CUST004132,SES027008,PROD000634,2,17268,34536,UPI,paid,2026-07-04 08:05:15
ORD-9066CDF2CC,CUST009715,SES027013,PROD001422,3,44581,133743,Wallet,paid,2026-06-29 12:10:06
ORD-86FAA9190D,CUST003268,SES027015,PROD001096,3,68771,206313,UPI,paid,2026-07-03 19:50:05
ORD-E56CB5E65F,CUST008077,SES027023,PROD000076,3,71111,213333,Credit Card,paid,2026-07-15 17:26:28
ORD-4F8B3D0AE7,CUST009202,SES027031,PROD001724,1,94535,94535,UPI,paid,2026-07-21 22:44:42
ORD-694AF7A010,CUST008522,SES027032,PROD000715,3,43934,131802,Credit Card,paid,2026-06-30 16:43:36
ORD-AD799029E6,CUST009170,SES027033,PROD000683,1,24482,24482,Credit Card,paid,2026-06-27 07:35:59
ORD-A438BFD5F6,CUST005835,SES027034,PROD000574,1,6945,6945,Debit Card,paid,2026-07-07 09:24:25
ORD-9199A8306E,CUST002106,SES027036,PROD001217,1,34588,34588,UPI,paid,2026-07-13 06:14:38
ORD-83755649B0,CUST008171,SES027048,PROD000880,3,66225,198675,UPI,paid,2026-07-11 21:30:53
ORD-A86BDEF46B,CUST004873,SES027051,PROD001046,2,39150,78300,Credit Card,refunded,2026-06-30 17:39:04
ORD-FCFC74D732,CUST006297,SES027055,PROD001114,1,65857,65857,Credit Card,paid,2026-07-13 00:32:54
ORD-6315E11C8A,CUST001962,SES027067,PROD001605,2,71874,143748,Debit Card,paid,2026-07-05 21:00:00
ORD-C66FAC7963,CUST000381,SES027070,PROD000131,3,19013,57039,Credit Card,paid,2026-07-03 18:32:39
ORD-21AAA89EF6,CUST001472,SES027071,PROD000422,2,78921,157842,Wallet,paid,2026-07-01 16:14:27
ORD-DD184EB4D3,CUST001652,SES027072,PROD001385,3,71796,215388,Debit Card,paid,2026-06-28 17:14:16
ORD-9FE3A4974F,CUST001504,SES027073,PROD001629,3,26789,80367,Wallet,paid,2026-07-14 14:06:06
ORD-35C8F1D850,CUST000775,SES027099,PROD001869,3,40452,121356,UPI,paid,2026-07-07 13:07:29
ORD-47C5898D30,CUST004691,SES027101,PROD001688,1,52765,52765,Wallet,paid,2026-07-11 01:10:29
ORD-431AB0FE62,CUST008533,SES027105,PROD001529,1,76915,76915,Credit Card,paid,2026-07-07 02:43:02
ORD-4668989A7C,CUST005779,SES027125,PROD000721,3,92385,277155,UPI,paid,2026-07-15 19:28:49
ORD-F4A9562D30,CUST008859,SES027130,PROD000310,3,84695,254085,UPI,paid,2026-07-24 06:10:04
ORD-5207166984,CUST003793,SES027132,PROD001065,1,21372,21372,UPI,paid,2026-07-23 02:01:51
ORD-0E8FD585A4,CUST000563,SES027133,PROD001096,1,68771,68771,Wallet,paid,2026-07-08 15:03:38
ORD-39BA7F84F3,CUST008715,SES027134,PROD001745,2,20213,40426,Wallet,paid,2026-06-28 21:38:52
ORD-47FDC6A1D1,CUST003538,SES027138,PROD000602,3,42869,128607,UPI,paid,2026-07-05 02:02:37
ORD-C4B38A4442,CUST009320,SES027155,PROD001618,3,50210,150630,Cash on Delivery,paid,2026-07-05 03:47:22
ORD-B4BAD622EA,CUST000148,SES027158,PROD000235,3,37004,111012,UPI,paid,2026-07-22 20:40:35
ORD-746960F0BC,CUST007101,SES027167,PROD000038,2,69715,139430,UPI,paid,2026-07-04 03:36:02
ORD-135AF561FD,CUST005122,SES027186,PROD000135,1,48612,48612,Credit Card,paid,2026-07-11 03:55:12
ORD-06E37E03AE,CUST007705,SES027193,PROD000267,2,83589,167178,Debit Card,paid,2026-07-15 15:15:09
ORD-5E798AE890,CUST007690,SES027194,PROD001287,3,75018,225054,Wallet,paid,2026-06-27 21:52:50
ORD-F40FE48958,CUST003198,SES027204,PROD000673,2,41456,82912,UPI,paid,2026-07-05 18:49:36
ORD-DAE6531BEE,CUST006531,SES027213,PROD000400,2,82633,165266,UPI,paid,2026-06-27 01:49:25
ORD-25087C1C8A,CUST007364,SES027216,PROD001944,1,96029,96029,UPI,paid,2026-07-12 12:13:22
ORD-09E9BEC511,CUST006837,SES027220,PROD001845,2,28043,56086,Wallet,paid,2026-07-08 11:03:52
ORD-F769C03B80,CUST009184,SES027228,PROD000323,1,28174,28174,Credit Card,refunded,2026-06-29 01:53:20
ORD-86F205B31E,CUST000712,SES027233,PROD000236,1,98031,98031,Debit Card,paid,2026-07-05 15:46:48
ORD-ED65EFCD0B,CUST009674,SES027235,PROD000442,3,78710,236130,Credit Card,paid,2026-07-17 00:53:10
ORD-E50CD5F07C,CUST003459,SES027239,PROD001909,3,50234,150702,Credit Card,paid,2026-07-22 00:50:57
ORD-1ECCF7CE5E,CUST004593,SES027241,PROD000064,3,93266,279798,UPI,paid,2026-07-13 16:08:54
ORD-C9FA03C008,CUST003598,SES027250,PROD001661,2,11211,22422,Debit Card,paid,2026-07-21 12:53:00
ORD-0186E99245,CUST004379,SES027266,PROD001973,3,96984,290952,Credit Card,paid,2026-07-05 13:27:23
ORD-58C909285D,CUST002885,SES027280,PROD001866,2,55062,110124,UPI,paid,2026-06-28 01:02:30
ORD-9B45BAB6CD,CUST005048,SES027281,PROD000584,1,88991,88991,Credit Card,paid,2026-07-22 05:43:04
ORD-1B04989B72,CUST006290,SES027283,PROD001503,1,24949,24949,Debit Card,paid,2026-07-23 21:05:06
ORD-DB766D135C,CUST000875,SES027287,PROD000677,3,74107,222321,UPI,paid,2026-07-20 06:19:13
ORD-E4D562870C,CUST006419,SES027293,PROD001891,1,1629,1629,Credit Card,paid,2026-07-08 04:03:14
ORD-AF2FFC1502,CUST000518,SES027301,PROD000467,1,87919,87919,Debit Card,paid,2026-07-16 17:18:10
ORD-F30F0C05D0,CUST007600,SES027307,PROD000825,3,87226,261678,Debit Card,cancelled,2026-06-26 13:54:16
ORD-685BB672BD,CUST003720,SES027311,PROD001609,2,54045,108090,Credit Card,cancelled,2026-07-04 16:30:56
ORD-5CE8D9CF6C,CUST009641,SES027312,PROD001638,1,59167,59167,Wallet,paid,2026-07-21 03:15:42
ORD-CAA8634DFE,CUST001544,SES027316,PROD001776,2,27264,54528,Debit Card,cancelled,2026-07-23 12:18:21
ORD-8389A3590B,CUST006629,SES027318,PROD000796,3,80703,242109,Credit Card,paid,2026-07-02 01:36:58
ORD-DFD018888E,CUST001393,SES027324,PROD001767,2,14727,29454,UPI,paid,2026-07-17 15:37:03
ORD-FBEB4DD958,CUST003607,SES027328,PROD000248,2,22492,44984,UPI,paid,2026-07-06 20:53:49
ORD-E80047D512,CUST004183,SES027336,PROD000171,2,73153,146306,Debit Card,paid,2026-06-29 01:15:30
ORD-72B91DEB76,CUST005408,SES027338,PROD001214,1,85799,85799,UPI,paid,2026-06-27 12:42:38
ORD-B24BBD1559,CUST004311,SES027339,PROD000734,3,51413,154239,Debit Card,paid,2026-07-01 09:11:44
ORD-5AE10554F1,CUST003717,SES027344,PROD000873,3,84333,252999,Credit Card,paid,2026-07-11 17:35:23
ORD-ED5A5E80F7,CUST004046,SES027355,PROD001028,3,76740,230220,UPI,paid,2026-06-28 07:16:54
ORD-BA49BAF137,CUST004588,SES027364,PROD001086,1,29868,29868,UPI,paid,2026-07-23 16:36:21
ORD-5C05DDDD24,CUST008249,SES027369,PROD000192,1,84558,84558,UPI,paid,2026-07-03 02:43:48
ORD-4D2D7CB564,CUST003360,SES027371,PROD001541,1,97458,97458,Cash on Delivery,refunded,2026-06-26 19:22:11
ORD-03B5EDC8E6,CUST008041,SES027378,PROD000777,1,28164,28164,UPI,paid,2026-07-06 00:19:03
ORD-F25EFDA85C,CUST001216,SES027385,PROD000116,1,75761,75761,Credit Card,paid,2026-07-01 19:06:46
ORD-02A1546DA3,CUST002482,SES027398,PROD000097,3,90208,270624,UPI,paid,2026-07-19 00:21:15
ORD-BCE6DBF4CB,CUST007340,SES027399,PROD000527,2,82037,164074,UPI,paid,2026-07-22 23:53:59
ORD-4B58FB3AE4,CUST001522,SES027418,PROD001403,2,22582,45164,UPI,paid,2026-07-04 17:27:28
ORD-8A9F70F7FD,CUST000511,SES027429,PROD000808,2,51285,102570,UPI,paid,2026-07-23 06:20:13
ORD-45F4E67458,CUST004878,SES027441,PROD000244,2,77866,155732,Credit Card,paid,2026-07-07 05:07:41
ORD-B89DC282E0,CUST007757,SES027446,PROD000731,3,69370,208110,UPI,paid,2026-07-05 21:44:15
ORD-C1CD10F449,CUST009544,SES027450,PROD001748,1,42548,42548,UPI,paid,2026-06-30 06:35:28
ORD-E19572FE81,CUST006208,SES027454,PROD001193,1,84422,84422,UPI,paid,2026-07-20 04:58:00
ORD-127FB8D2D4,CUST001642,SES027457,PROD000092,3,16003,48009,Wallet,paid,2026-06-29 20:38:21
ORD-0F03F48D4B,CUST005130,SES027458,PROD001987,1,37147,37147,Debit Card,paid,2026-07-06 16:49:27
ORD-B99A15D394,CUST008419,SES027469,PROD001740,2,77831,155662,UPI,paid,2026-06-29 19:24:19
ORD-3EDF2D28DC,CUST002285,SES027472,PROD001010,2,69165,138330,Cash on Delivery,refunded,2026-07-21 07:34:54
ORD-2E959EFA5C,CUST005029,SES027477,PROD000075,3,22058,66174,Credit Card,paid,2026-07-17 04:51:56
ORD-E0EF199D15,CUST000702,SES027492,PROD001787,1,46555,46555,UPI,paid,2026-07-10 00:13:08
ORD-B69A7F6851,CUST002970,SES027497,PROD000670,2,44429,88858,UPI,paid,2026-07-07 01:01:33
ORD-420D859B24,CUST009968,SES027510,PROD000415,3,51566,154698,Credit Card,paid,2026-07-10 04:38:47
ORD-4D0ACC4BB3,CUST001440,SES027512,PROD001072,2,42656,85312,Debit Card,paid,2026-07-14 01:04:46
ORD-2CC1AEDF68,CUST005877,SES027516,PROD000710,1,86839,86839,UPI,paid,2026-07-05 00:44:12
ORD-6FD2AE969B,CUST007739,SES027519,PROD000931,3,92376,277128,Credit Card,paid,2026-07-06 16:26:54
ORD-FBBE71A30B,CUST004196,SES027531,PROD001230,1,73664,73664,UPI,paid,2026-07-04 05:45:35
ORD-DCE6B34DA7,CUST004550,SES027532,PROD000811,2,81480,162960,Debit Card,paid,2026-07-20 08:51:31
ORD-9DB98E2F41,CUST000658,SES027552,PROD000407,2,1893,3786,Debit Card,paid,2026-07-03 13:02:35
ORD-297C299A78,CUST005566,SES027555,PROD000665,2,89874,179748,UPI,paid,2026-07-02 23:14:18
ORD-A40B591982,CUST000890,SES027569,PROD001909,2,50234,100468,UPI,paid,2026-07-04 00:25:38
ORD-B999551348,CUST007146,SES027590,PROD001575,2,79752,159504,Credit Card,paid,2026-07-16 08:50:46
ORD-B2658E5FBB,CUST008640,SES027598,PROD001186,2,44529,89058,UPI,paid,2026-07-12 06:51:52
ORD-DC44D3ABB3,CUST003423,SES027599,PROD001218,1,34546,34546,UPI,paid,2026-07-06 10:12:59
ORD-77F40EF1EE,CUST006932,SES027605,PROD000060,2,61141,122282,UPI,cancelled,2026-07-15 09:26:32
ORD-E8F565FDA1,CUST001112,SES027612,PROD001203,2,4494,8988,Credit Card,refunded,2026-06-29 10:51:20
ORD-D35D12480A,CUST006033,SES027614,PROD000396,2,43706,87412,UPI,paid,2026-06-29 04:15:01
ORD-69B3273F97,CUST006209,SES027636,PROD000897,2,9784,19568,UPI,paid,2026-07-21 06:00:05
ORD-9E57ABA3F9,CUST005275,SES027637,PROD000692,2,73910,147820,Credit Card,paid,2026-06-25 23:37:54
ORD-339F8535C3,CUST007604,SES027639,PROD001959,3,23868,71604,UPI,paid,2026-07-16 06:25:20
ORD-9BAD0AF664,CUST001362,SES027643,PROD000376,2,58823,117646,UPI,paid,2026-07-20 05:52:55
ORD-0A2D0EC4D0,CUST000126,SES027650,PROD000103,1,75362,75362,UPI,paid,2026-07-08 19:40:46
ORD-D6CFE2BF65,CUST001140,SES027656,PROD000407,3,1893,5679,UPI,paid,2026-07-10 18:30:41
ORD-227425C0CC,CUST004423,SES027665,PROD001272,2,24663,49326,Credit Card,paid,2026-07-06 03:00:06
ORD-442789AA7F,CUST008686,SES027666,PROD001276,2,73025,146050,Wallet,paid,2026-06-28 20:55:48
ORD-2360F7E71D,CUST004709,SES027669,PROD000818,1,3761,3761,Credit Card,paid,2026-07-24 07:57:00
ORD-5BD847F1C1,CUST005659,SES027671,PROD001255,3,49084,147252,UPI,paid,2026-07-03 07:08:42
ORD-F407077658,CUST002781,SES027672,PROD001192,3,18725,56175,UPI,paid,2026-07-05 12:08:45
ORD-EF5B25385D,CUST004501,SES027681,PROD001096,3,68771,206313,Cash on Delivery,paid,2026-07-02 23:09:19
ORD-DE73905974,CUST001795,SES027685,PROD000129,3,23845,71535,UPI,paid,2026-06-28 17:39:15
ORD-B16CDF3A53,CUST004062,SES027687,PROD001850,2,37550,75100,UPI,paid,2026-07-16 14:33:38
ORD-BEEB7C8D03,CUST006458,SES027694,PROD001985,3,85406,256218,UPI,paid,2026-07-17 03:52:39
ORD-E30CC7D4F1,CUST009075,SES027696,PROD001783,2,4724,9448,Debit Card,paid,2026-07-09 13:14:45
ORD-278B1EF81D,CUST008143,SES027702,PROD001906,1,21258,21258,UPI,paid,2026-07-23 18:06:30
ORD-D5E6F77832,CUST009225,SES027708,PROD000120,2,21748,43496,UPI,paid,2026-07-14 16:59:45
ORD-9149808157,CUST001958,SES027709,PROD000428,2,61373,122746,UPI,refunded,2026-07-19 03:47:57
ORD-0F62BAD289,CUST001860,SES027712,PROD000293,2,12479,24958,Debit Card,paid,2026-07-25 08:49:09
ORD-68B4ECE700,CUST002038,SES027713,PROD000799,2,61429,122858,UPI,paid,2026-06-28 16:21:06
ORD-C42F1DB6D8,CUST003019,SES027718,PROD001253,2,58539,117078,UPI,paid,2026-07-12 11:44:18
ORD-B5D7D98394,CUST007071,SES027725,PROD001185,2,60063,120126,Cash on Delivery,paid,2026-06-27 14:32:47
ORD-0550A603E5,CUST003717,SES027745,PROD001373,2,91836,183672,Cash on Delivery,paid,2026-07-23 16:43:04
ORD-7B6B21F050,CUST006849,SES027746,PROD001074,3,91186,273558,UPI,paid,2026-07-21 17:43:30
ORD-4B14A234F2,CUST004652,SES027757,PROD001292,1,812,812,Debit Card,paid,2026-07-02 22:55:15
ORD-DA39BC36E8,CUST009941,SES027758,PROD001815,1,67956,67956,Debit Card,paid,2026-06-29 22:41:49
ORD-8091501BAB,CUST005701,SES027762,PROD000830,1,58722,58722,UPI,paid,2026-07-11 00:53:29
ORD-7AA9F33B7D,CUST004770,SES027768,PROD000976,1,24129,24129,UPI,cancelled,2026-07-18 13:12:37
ORD-F7B83A0ECF,CUST002606,SES027771,PROD001227,2,84363,168726,Credit Card,paid,2026-06-26 19:39:57
ORD-8EE1070D68,CUST007291,SES027778,PROD000227,2,37500,75000,UPI,paid,2026-07-19 05:26:08
ORD-D5C5F26BF1,CUST001092,SES027786,PROD000695,3,69027,207081,UPI,paid,2026-07-17 21:03:27
ORD-CF2BCD4260,CUST001488,SES027794,PROD001017,2,70162,140324,Debit Card,paid,2026-07-08 10:03:35
ORD-DC485D4636,CUST000827,SES027802,PROD001634,3,5655,16965,Cash on Delivery,refunded,2026-07-07 07:43:30
ORD-C53CA0B511,CUST000014,SES027803,PROD000500,3,18086,54258,Credit Card,paid,2026-06-26 01:04:51
ORD-84B2DB1673,CUST006877,SES027804,PROD001220,1,64426,64426,UPI,paid,2026-07-10 11:12:35
ORD-E92302C6D8,CUST009984,SES027806,PROD000641,2,70459,140918,Wallet,paid,2026-07-07 04:33:52
ORD-76C94C1537,CUST005546,SES027807,PROD001587,2,47538,95076,UPI,paid,2026-07-07 03:51:18
ORD-5B21A0872F,CUST005013,SES027822,PROD000594,1,1381,1381,UPI,paid,2026-07-15 00:45:27
ORD-985E294FEE,CUST009158,SES027824,PROD000655,1,87475,87475,Debit Card,paid,2026-07-18 04:12:26
ORD-25D958B818,CUST001192,SES027837,PROD000532,2,20013,40026,UPI,cancelled,2026-07-23 13:43:26
ORD-4A44E73973,CUST007488,SES027841,PROD000180,2,90639,181278,Debit Card,paid,2026-07-16 01:31:20
ORD-A9703AF968,CUST009251,SES027854,PROD000714,3,37942,113826,UPI,paid,2026-07-17 01:43:24
ORD-B1F4711744,CUST008757,SES027858,PROD001379,1,61384,61384,UPI,paid,2026-07-23 08:52:36
ORD-C39B100277,CUST009325,SES027872,PROD001055,2,25123,50246,Cash on Delivery,paid,2026-06-30 12:14:19
ORD-9AEC1D2FD9,CUST005381,SES027883,PROD000258,3,73203,219609,UPI,paid,2026-07-02 08:25:28
ORD-C804A17A38,CUST001752,SES027884,PROD000642,1,16328,16328,Debit Card,paid,2026-07-16 22:47:29
ORD-B5DB743797,CUST001981,SES027886,PROD000457,2,29740,59480,Wallet,paid,2026-07-10 00:27:47
ORD-A81E3FB70F,CUST008108,SES027888,PROD000032,2,46008,92016,Credit Card,paid,2026-07-03 22:24:46
ORD-068EC68D2C,CUST008979,SES027894,PROD000335,2,70457,140914,UPI,paid,2026-07-09 10:26:53
ORD-3438D52550,CUST003881,SES027901,PROD001351,2,96459,192918,UPI,paid,2026-07-07 22:53:53
ORD-87E80D2CBE,CUST006247,SES027919,PROD001056,2,35438,70876,UPI,paid,2026-07-14 20:25:51
ORD-10588EDF2C,CUST000429,SES027921,PROD001671,3,71521,214563,UPI,paid,2026-07-02 17:43:15
ORD-7A5428B296,CUST000547,SES027922,PROD000466,1,82110,82110,Cash on Delivery,paid,2026-07-23 17:56:42
ORD-471A3C6F6E,CUST007019,SES027923,PROD000089,2,34149,68298,UPI,paid,2026-06-30 03:09:26
ORD-712287E9DE,CUST004515,SES027927,PROD001717,1,86101,86101,Debit Card,paid,2026-07-18 16:52:11
ORD-7E9E5A227A,CUST006209,SES027933,PROD000430,2,36611,73222,UPI,paid,2026-07-08 12:43:13
ORD-A99033137E,CUST007368,SES027934,PROD000873,1,84333,84333,UPI,paid,2026-06-26 18:36:40
ORD-42949FD9B5,CUST002355,SES027937,PROD000595,1,38355,38355,UPI,paid,2026-07-24 01:06:59
ORD-9DA5C5772C,CUST005410,SES027938,PROD001348,1,56152,56152,Debit Card,paid,2026-07-14 22:14:58
ORD-F77F4DB5E1,CUST008558,SES027961,PROD000253,1,93426,93426,Credit Card,paid,2026-07-13 13:46:22
ORD-69DBE5E807,CUST009670,SES027969,PROD000050,3,34754,104262,Debit Card,paid,2026-07-08 01:45:43
ORD-E56B91277D,CUST001316,SES027972,PROD000112,3,45523,136569,UPI,paid,2026-07-23 06:09:05
ORD-61AF3F36C8,CUST006819,SES027978,PROD001658,1,520,520,Cash on Delivery,paid,2026-07-05 21:44:45
ORD-4FC38A1414,CUST009942,SES027987,PROD000073,2,54841,109682,Credit Card,paid,2026-07-01 14:33:24
ORD-1E00BC50AD,CUST008742,SES027997,PROD000158,3,14385,43155,UPI,paid,2026-06-30 17:40:17
ORD-C09373836A,CUST005601,SES027999,PROD001460,2,61518,123036,Wallet,paid,2026-07-09 18:19:32
ORD-62308B2AB1,CUST000340,SES028020,PROD001491,2,37742,75484,UPI,paid,2026-06-28 05:09:28
ORD-0E6C2F4361,CUST000347,SES028022,PROD000070,2,77745,155490,UPI,paid,2026-07-20 23:11:19
ORD-8ECA73D219,CUST005471,SES028028,PROD000076,3,71111,213333,Wallet,paid,2026-07-11 04:42:06
ORD-6CC6FE9F67,CUST004629,SES028033,PROD000499,1,67723,67723,Credit Card,paid,2026-06-26 20:08:16
ORD-DC0A65E8D8,CUST002150,SES028035,PROD000009,1,7559,7559,UPI,paid,2026-07-01 17:34:28
ORD-0B1DFDC746,CUST007083,SES028051,PROD000809,2,21304,42608,Cash on Delivery,paid,2026-07-04 00:11:10
ORD-6D7A0B3800,CUST005533,SES028054,PROD001647,2,95631,191262,Wallet,paid,2026-06-27 21:25:32
ORD-77FA283483,CUST005679,SES028057,PROD001874,3,54190,162570,UPI,paid,2026-07-22 08:25:25
ORD-68D48056A5,CUST007666,SES028064,PROD001198,3,65446,196338,Credit Card,paid,2026-07-01 12:13:44
ORD-A141F18C37,CUST005804,SES028066,PROD001833,3,6864,20592,Cash on Delivery,paid,2026-07-21 18:39:10
ORD-622E9832F2,CUST000448,SES028068,PROD001050,3,10965,32895,UPI,paid,2026-07-02 19:41:40
ORD-890F46EEB9,CUST009475,SES028078,PROD001833,2,6864,13728,UPI,paid,2026-07-22 02:40:10
ORD-7F6A7E703A,CUST002614,SES028079,PROD001482,2,51079,102158,Credit Card,paid,2026-07-14 09:03:21
ORD-544DC8F77D,CUST000678,SES028081,PROD001223,2,24326,48652,UPI,paid,2026-07-01 09:02:19
ORD-580D029806,CUST007363,SES028093,PROD001878,3,89920,269760,UPI,paid,2026-07-13 06:23:22
ORD-6FDFA07F45,CUST002621,SES028101,PROD000312,2,81882,163764,Debit Card,refunded,2026-06-30 02:26:46
ORD-27CAA211BF,CUST005250,SES028104,PROD000072,3,19496,58488,Wallet,paid,2026-07-14 09:10:57
ORD-B52C432718,CUST007976,SES028114,PROD000767,2,38258,76516,UPI,paid,2026-07-08 20:09:14
ORD-47EBA7A2BC,CUST007563,SES028120,PROD001201,2,3716,7432,UPI,paid,2026-06-26 02:39:12
ORD-8B16A7D7D1,CUST004823,SES028123,PROD000108,2,92982,185964,UPI,paid,2026-06-29 00:00:57
ORD-C96A039149,CUST001135,SES028139,PROD001043,2,46501,93002,Credit Card,paid,2026-07-02 18:38:44
ORD-C91A10F44A,CUST000871,SES028142,PROD001014,2,20264,40528,UPI,paid,2026-07-05 05:59:21
ORD-05872BD096,CUST006541,SES028143,PROD001083,1,64320,64320,UPI,paid,2026-07-23 05:34:44
ORD-5124578E65,CUST002588,SES028147,PROD000269,1,90128,90128,Debit Card,paid,2026-07-09 16:49:18
ORD-09931FBCDF,CUST000385,SES028148,PROD000203,1,31109,31109,UPI,paid,2026-07-24 01:16:39
ORD-4D91E1ED8B,CUST004748,SES028149,PROD001980,3,3990,11970,UPI,paid,2026-07-04 04:00:25
ORD-FAEFF940FD,CUST007916,SES028154,PROD000504,3,29988,89964,UPI,paid,2026-07-03 10:35:37
ORD-0FFEF454A8,CUST004702,SES028160,PROD001995,1,17397,17397,UPI,paid,2026-07-17 21:22:07
ORD-2640F5D0F7,CUST009388,SES028162,PROD000655,3,87475,262425,UPI,paid,2026-07-18 00:07:52
ORD-E6CAAA936F,CUST008263,SES028169,PROD000711,3,52325,156975,UPI,paid,2026-07-23 13:57:23
ORD-DE2E83B46A,CUST004573,SES028175,PROD001723,3,99872,299616,UPI,paid,2026-07-19 05:50:58
ORD-124EF1666D,CUST002317,SES028177,PROD001585,2,15709,31418,UPI,paid,2026-07-14 12:00:13
ORD-DB7864E00B,CUST007999,SES028181,PROD001656,1,51606,51606,Wallet,paid,2026-07-02 01:10:39
ORD-C898133E43,CUST004662,SES028183,PROD001641,1,84331,84331,Debit Card,paid,2026-07-05 04:50:33
ORD-B592B81F2C,CUST008626,SES028195,PROD001414,2,25274,50548,Credit Card,paid,2026-07-23 14:06:09
ORD-63885622FB,CUST001723,SES028198,PROD001759,1,67019,67019,Credit Card,paid,2026-07-19 02:25:43
ORD-A0450089EF,CUST000983,SES028200,PROD001211,3,22624,67872,Cash on Delivery,cancelled,2026-07-14 23:03:39
ORD-3C78572FB4,CUST001662,SES028207,PROD000677,1,74107,74107,Debit Card,paid,2026-07-03 01:40:53
ORD-49A209AD37,CUST003354,SES028210,PROD001794,3,58239,174717,UPI,paid,2026-07-05 03:43:42
ORD-505DF75294,CUST002037,SES028225,PROD000981,1,19544,19544,UPI,paid,2026-06-28 04:48:20
ORD-887E562E6F,CUST004651,SES028227,PROD001111,3,72856,218568,Debit Card,paid,2026-06-26 07:44:53
ORD-A1F5094A99,CUST002989,SES028234,PROD001758,2,57936,115872,Credit Card,paid,2026-07-04 08:55:00
ORD-03F59EDB75,CUST000877,SES028243,PROD001455,2,76729,153458,UPI,paid,2026-07-15 12:15:15
ORD-0BC52BB346,CUST007808,SES028245,PROD001531,1,68350,68350,Debit Card,paid,2026-07-24 14:57:52
ORD-FC3EB383CB,CUST000821,SES028247,PROD000038,3,69715,209145,Debit Card,paid,2026-07-23 18:40:06
ORD-F582E0E24A,CUST009977,SES028258,PROD000684,2,19764,39528,Debit Card,paid,2026-07-15 15:37:16
ORD-E8F1F1AB20,CUST002436,SES028272,PROD001923,1,93343,93343,UPI,paid,2026-07-09 18:13:00
ORD-015F20F679,CUST009327,SES028283,PROD000476,3,11761,35283,Debit Card,paid,2026-07-11 07:09:54
ORD-8E9338A038,CUST000686,SES028289,PROD000497,2,81712,163424,Debit Card,paid,2026-07-12 16:22:45
ORD-D83260004D,CUST003872,SES028291,PROD000772,3,57305,171915,UPI,paid,2026-07-16 14:20:04
ORD-C27060CCFE,CUST001440,SES028303,PROD001409,2,5532,11064,UPI,paid,2026-07-09 00:21:17
ORD-2856A5DD07,CUST001372,SES028304,PROD000306,2,60015,120030,UPI,paid,2026-07-19 20:02:16
ORD-D63EA75E2A,CUST003338,SES028305,PROD001705,2,61919,123838,Wallet,paid,2026-06-26 02:58:58
ORD-D1E8BC67CD,CUST006492,SES028306,PROD000674,3,12888,38664,Debit Card,paid,2026-07-17 20:36:18
ORD-D01FBCE17D,CUST004013,SES028307,PROD001928,2,73665,147330,UPI,paid,2026-07-21 03:52:36
ORD-99BE2EE9B6,CUST002922,SES028311,PROD001189,2,51673,103346,Wallet,paid,2026-07-05 12:02:35
ORD-597D106236,CUST000623,SES028324,PROD000562,3,36198,108594,Cash on Delivery,paid,2026-07-10 13:20:53
ORD-0F470E2D25,CUST002822,SES028329,PROD001800,1,74153,74153,Debit Card,paid,2026-07-01 16:31:16
ORD-4634FCA930,CUST003697,SES028330,PROD000212,2,16369,32738,UPI,paid,2026-07-07 12:24:30
ORD-54087DF497,CUST006804,SES028331,PROD001103,3,19738,59214,UPI,paid,2026-07-23 12:09:43
ORD-893CFD3837,CUST008848,SES028333,PROD001990,3,77087,231261,Wallet,paid,2026-07-20 04:40:11
ORD-1E4349D7AC,CUST004232,SES028342,PROD001775,1,42251,42251,UPI,paid,2026-07-01 15:09:36
ORD-3B99E9F2C2,CUST009108,SES028349,PROD000102,1,67426,67426,UPI,paid,2026-06-30 00:21:51
ORD-94540B288C,CUST000045,SES028350,PROD000194,3,31470,94410,UPI,paid,2026-07-22 06:16:07
ORD-C94A7F2451,CUST003030,SES028364,PROD001303,3,3361,10083,UPI,paid,2026-07-07 01:19:48
ORD-1795B53B39,CUST004245,SES028375,PROD001870,1,11406,11406,Debit Card,paid,2026-07-22 12:01:35
ORD-71F2C9BC1B,CUST009248,SES028383,PROD001429,3,58885,176655,UPI,paid,2026-07-17 23:15:58
ORD-9C1202F43B,CUST005768,SES028385,PROD000754,2,18536,37072,UPI,paid,2026-07-10 12:30:11
ORD-11FE2D1C57,CUST002244,SES028389,PROD000915,3,89498,268494,Credit Card,paid,2026-07-02 09:25:18
ORD-5BE2DE26A7,CUST004824,SES028395,PROD000885,3,28720,86160,Wallet,paid,2026-07-23 00:30:37
ORD-2013EBD960,CUST008914,SES028401,PROD001924,2,89298,178596,Cash on Delivery,paid,2026-07-21 21:14:36
ORD-BF71E4C405,CUST000606,SES028408,PROD001559,3,94445,283335,UPI,paid,2026-07-10 12:16:35
ORD-DA950C6375,CUST008012,SES028413,PROD001418,2,44669,89338,Credit Card,paid,2026-07-02 06:37:15
ORD-EE412FCB4E,CUST000177,SES028417,PROD001513,3,30783,92349,Wallet,paid,2026-07-14 17:36:05
ORD-93B49AA5D7,CUST000309,SES028418,PROD000929,2,47431,94862,Cash on Delivery,paid,2026-07-07 14:37:22
ORD-102F4A3006,CUST005861,SES028419,PROD001543,2,61159,122318,Cash on Delivery,paid,2026-07-12 18:42:46
ORD-1B02026EEA,CUST002752,SES028426,PROD000408,3,6954,20862,Debit Card,paid,2026-07-10 19:09:33
ORD-CA9902BD41,CUST008555,SES028428,PROD000440,3,52828,158484,Credit Card,paid,2026-07-06 12:10:16
ORD-1FC03BAD99,CUST009913,SES028433,PROD001245,3,56795,170385,UPI,paid,2026-07-21 05:56:20
ORD-1CA5C1D989,CUST000414,SES028438,PROD001947,1,60537,60537,Wallet,paid,2026-07-21 06:43:23
ORD-D749017D8E,CUST002986,SES028445,PROD000165,1,19791,19791,Debit Card,paid,2026-07-24 05:23:21
ORD-621D59E70B,CUST008133,SES028453,PROD000724,2,84534,169068,Credit Card,paid,2026-07-22 11:51:41
ORD-61B7F963DA,CUST008632,SES028464,PROD001465,2,31792,63584,Cash on Delivery,paid,2026-07-23 12:30:13
ORD-336104B2D2,CUST008410,SES028465,PROD001388,2,39638,79276,UPI,paid,2026-07-23 11:09:29
ORD-7549C8197F,CUST005148,SES028469,PROD000164,1,80831,80831,UPI,paid,2026-06-26 02:06:54
ORD-B2E4FD42AE,CUST003558,SES028471,PROD001966,2,61160,122320,Wallet,paid,2026-06-26 21:25:08
ORD-ADF3B532E9,CUST009050,SES028473,PROD001598,2,50949,101898,Credit Card,paid,2026-07-12 20:33:48
ORD-AD3DE0B79A,CUST000213,SES028485,PROD000604,3,37721,113163,Wallet,paid,2026-07-24 18:11:50
ORD-A61184BF8B,CUST002733,SES028498,PROD000333,1,56877,56877,Cash on Delivery,cancelled,2026-07-01 08:11:49
ORD-C727F3F1E9,CUST003623,SES028514,PROD000203,3,31109,93327,UPI,paid,2026-07-06 11:48:51
ORD-BD16F51F5A,CUST003533,SES028515,PROD001753,2,48150,96300,Debit Card,paid,2026-07-23 17:09:00
ORD-0AE1206AF7,CUST001828,SES028516,PROD001539,2,81084,162168,UPI,paid,2026-07-16 22:28:53
ORD-3231B09549,CUST004131,SES028519,PROD000992,3,98174,294522,UPI,paid,2026-07-05 22:33:02
ORD-6B8A48F274,CUST003556,SES028526,PROD001842,2,53825,107650,UPI,paid,2026-07-14 04:35:42
ORD-BE987C33A4,CUST001059,SES028531,PROD001712,1,99469,99469,Cash on Delivery,refunded,2026-07-09 03:23:33
ORD-F2E2C5B15E,CUST009578,SES028539,PROD001474,1,96987,96987,Debit Card,paid,2026-07-14 03:07:26
ORD-A895B351BF,CUST004700,SES028540,PROD000999,2,27229,54458,Credit Card,paid,2026-07-20 06:26:25
ORD-758FC4FF54,CUST005255,SES028543,PROD000233,1,71945,71945,UPI,paid,2026-07-25 00:55:12
ORD-B6ADBDC8F3,CUST008712,SES028545,PROD000331,2,37184,74368,Wallet,paid,2026-07-10 00:28:58
ORD-6517288A8F,CUST001426,SES028548,PROD001039,1,54016,54016,Credit Card,paid,2026-07-15 15:25:36
ORD-01B9A515B7,CUST008630,SES028557,PROD001324,3,97048,291144,Debit Card,paid,2026-07-14 00:17:40
ORD-D21D9AE593,CUST007938,SES028565,PROD000124,2,22860,45720,Credit Card,refunded,2026-07-09 04:49:44
ORD-AC63B62D36,CUST005726,SES028567,PROD001401,2,53703,107406,UPI,refunded,2026-07-20 05:51:37
ORD-AD2A29E8B6,CUST000886,SES028568,PROD000550,1,43730,43730,UPI,paid,2026-07-20 14:41:35
ORD-B35D61D307,CUST006815,SES028575,PROD001071,1,20172,20172,UPI,paid,2026-07-17 01:34:57
ORD-856D054DE9,CUST002545,SES028576,PROD000339,3,59487,178461,Credit Card,paid,2026-07-20 12:55:53
ORD-2BB717F018,CUST007613,SES028583,PROD001084,2,4758,9516,UPI,paid,2026-07-22 18:10:31
ORD-6ADA8FE17B,CUST005864,SES028601,PROD000712,2,58936,117872,UPI,paid,2026-07-03 06:48:24
ORD-D2C435AE05,CUST002110,SES028604,PROD001275,1,91500,91500,UPI,paid,2026-06-29 04:08:41
ORD-C2D84B9B18,CUST007031,SES028607,PROD000206,2,78821,157642,UPI,paid,2026-07-16 05:07:00
ORD-10211A33EE,CUST000313,SES028610,PROD000644,2,2310,4620,UPI,paid,2026-07-02 23:38:06
ORD-8F2C89B248,CUST002788,SES028613,PROD000997,3,89649,268947,UPI,paid,2026-07-18 01:39:15
ORD-B6719AF81E,CUST008464,SES028615,PROD001500,3,23639,70917,Credit Card,paid,2026-07-11 19:33:23
ORD-D5C5EF2B6A,CUST005990,SES028619,PROD001601,3,58442,175326,Debit Card,paid,2026-07-12 00:44:15
ORD-9ACD5CC89A,CUST003724,SES028642,PROD001962,3,55568,166704,Credit Card,refunded,2026-06-26 13:05:35
ORD-115033255D,CUST009743,SES028646,PROD000648,3,97994,293982,UPI,paid,2026-07-12 16:54:01
ORD-FCD84BEC6F,CUST003381,SES028663,PROD000492,1,58685,58685,Credit Card,paid,2026-07-07 09:40:06
ORD-400C0C74A1,CUST000558,SES028666,PROD001414,1,25274,25274,Cash on Delivery,paid,2026-07-06 21:46:29
ORD-3EB9C90B10,CUST008967,SES028672,PROD001166,3,61606,184818,UPI,refunded,2026-07-24 04:46:59
ORD-48E43D632C,CUST008143,SES028680,PROD001134,3,36903,110709,Cash on Delivery,paid,2026-07-16 07:27:44
ORD-DDD29C0D6F,CUST007508,SES028686,PROD000009,3,7559,22677,UPI,paid,2026-07-07 22:33:53
ORD-0976896D15,CUST000992,SES028698,PROD001300,2,39036,78072,Credit Card,paid,2026-07-01 04:49:07
ORD-771E5C66CC,CUST009762,SES028710,PROD001749,3,44325,132975,Wallet,paid,2026-07-07 14:48:44
ORD-EBB5B8E1C2,CUST000049,SES028720,PROD001786,2,16361,32722,Credit Card,paid,2026-07-11 18:40:19
ORD-53E8D3A15C,CUST009024,SES028721,PROD000432,2,61341,122682,UPI,refunded,2026-07-23 03:46:46
ORD-4FCC7D166A,CUST005887,SES028728,PROD001877,2,20003,40006,UPI,paid,2026-07-24 01:40:36
ORD-F343623479,CUST007844,SES028738,PROD001831,2,91696,183392,Credit Card,cancelled,2026-07-10 12:18:20
ORD-53A13EBBA8,CUST002986,SES028746,PROD001903,1,85079,85079,UPI,paid,2026-07-24 08:04:32
ORD-5854594930,CUST008641,SES028748,PROD001707,2,58200,116400,UPI,paid,2026-07-05 15:54:13
ORD-F93C726153,CUST002656,SES028751,PROD001106,3,49590,148770,UPI,paid,2026-07-11 16:34:20
ORD-3D6636E9AC,CUST000592,SES028754,PROD001631,2,33464,66928,UPI,paid,2026-06-30 11:16:45
ORD-B3DA871B5D,CUST006205,SES028763,PROD001580,3,17134,51402,Credit Card,paid,2026-07-13 09:01:59
ORD-6071FD66B1,CUST002324,SES028776,PROD001716,3,2935,8805,UPI,paid,2026-06-30 09:16:16
ORD-75C02EDD53,CUST003718,SES028778,PROD001714,1,42703,42703,Wallet,paid,2026-07-11 18:20:56
ORD-E36A015DF1,CUST001346,SES028785,PROD000959,3,70498,211494,Debit Card,paid,2026-07-13 13:16:10
ORD-7679CAA2CF,CUST000019,SES028796,PROD000147,1,78600,78600,Credit Card,paid,2026-07-23 03:30:09
ORD-AC443ADEA1,CUST006846,SES028800,PROD000657,1,95720,95720,Debit Card,paid,2026-07-15 00:25:44
ORD-A4E7F7CF96,CUST006746,SES028805,PROD001792,1,65177,65177,UPI,paid,2026-07-17 10:46:34
ORD-4A59CC41F4,CUST000600,SES028809,PROD001708,3,41678,125034,Debit Card,paid,2026-07-06 04:49:01
ORD-64788C4C63,CUST005948,SES028814,PROD000675,2,44956,89912,Cash on Delivery,paid,2026-07-01 23:49:58
ORD-99AD9046C8,CUST003460,SES028827,PROD001164,3,21277,63831,UPI,paid,2026-07-24 09:29:13
ORD-4E82BDF906,CUST000549,SES028835,PROD001929,1,62325,62325,UPI,paid,2026-07-11 10:12:16
ORD-D59BA2501A,CUST002821,SES028836,PROD000402,1,34517,34517,Debit Card,paid,2026-07-10 08:43:14
ORD-CF232DA5B1,CUST006232,SES028844,PROD000799,2,61429,122858,Cash on Delivery,paid,2026-07-17 10:42:27
ORD-5280CC9F2D,CUST006880,SES028845,PROD001678,2,42040,84080,Debit Card,paid,2026-06-26 20:56:55
ORD-EDDD78E5DD,CUST007990,SES028847,PROD001932,1,15533,15533,UPI,paid,2026-07-08 08:19:43
ORD-B5D2091F10,CUST008273,SES028866,PROD000058,3,15023,45069,Debit Card,paid,2026-07-01 19:11:11
ORD-E8352B7CA9,CUST002117,SES028898,PROD000287,1,86316,86316,Cash on Delivery,paid,2026-07-13 13:34:20
ORD-C8D7BD49F2,CUST007798,SES028900,PROD000630,3,47102,141306,UPI,paid,2026-07-23 00:58:04
ORD-72CF8435D4,CUST008470,SES028920,PROD001436,3,69474,208422,Debit Card,paid,2026-07-10 23:59:38
ORD-2F7C31882F,CUST003130,SES028936,PROD000848,3,95093,285279,UPI,paid,2026-07-22 08:32:23
ORD-E67B44FBDD,CUST001594,SES028961,PROD001224,3,20047,60141,Debit Card,paid,2026-07-18 21:45:59
ORD-D7CD754C65,CUST002991,SES028964,PROD000887,1,71443,71443,Cash on Delivery,paid,2026-07-05 05:16:35
ORD-36E669EE75,CUST002832,SES028966,PROD000179,3,30867,92601,UPI,cancelled,2026-07-13 21:20:45
ORD-0BF6D76876,CUST004554,SES028969,PROD000121,3,80507,241521,Wallet,paid,2026-07-02 02:28:49
ORD-76C5E31AFD,CUST009553,SES028974,PROD001606,1,22648,22648,Debit Card,paid,2026-07-19 22:59:50
ORD-A90B0F34C2,CUST003798,SES028975,PROD001126,1,32986,32986,Debit Card,paid,2026-07-07 13:29:37
ORD-8624E4E4DC,CUST001557,SES028982,PROD000560,1,81912,81912,UPI,paid,2026-07-08 03:57:23
ORD-EBB4B1FD7B,CUST008539,SES028996,PROD001223,1,24326,24326,Debit Card,cancelled,2026-06-27 10:44:26
ORD-701C1B1B6A,CUST006936,SES029001,PROD000520,1,37962,37962,UPI,paid,2026-07-25 16:45:43
ORD-9F179A2D21,CUST008341,SES029018,PROD001778,3,98669,296007,Credit Card,paid,2026-07-25 01:12:34
ORD-BD56026B40,CUST000178,SES029020,PROD001205,3,47158,141474,UPI,paid,2026-07-03 05:10:11
ORD-3B89E3FAE4,CUST009361,SES029021,PROD001910,2,44497,88994,Debit Card,paid,2026-07-20 02:33:17
ORD-95D7C3284F,CUST008553,SES029031,PROD000402,3,34517,103551,Debit Card,refunded,2026-07-09 14:33:41
ORD-CB4E76D2F1,CUST003028,SES029050,PROD001357,1,99642,99642,UPI,cancelled,2026-07-18 10:59:39
ORD-97570E291D,CUST009245,SES029066,PROD001087,1,5987,5987,Credit Card,paid,2026-07-06 16:52:37
ORD-5CE5D95BC7,CUST006385,SES029071,PROD001022,3,41924,125772,Cash on Delivery,paid,2026-07-17 20:24:39
ORD-72319365F4,CUST002198,SES029091,PROD001036,2,2181,4362,UPI,paid,2026-06-30 02:07:00
ORD-D08E728202,CUST004883,SES029094,PROD001098,3,96984,290952,Credit Card,paid,2026-06-28 16:29:26
ORD-013FC73313,CUST007374,SES029095,PROD000539,3,18699,56097,UPI,paid,2026-07-09 18:42:40
ORD-FEC4D690E2,CUST009197,SES029099,PROD000435,2,38383,76766,UPI,refunded,2026-07-19 19:12:01
ORD-54C20A0D13,CUST009117,SES029114,PROD001360,3,52895,158685,Credit Card,paid,2026-06-26 16:34:36
ORD-7636F00E1C,CUST003633,SES029124,PROD001781,2,65781,131562,Debit Card,paid,2026-07-11 22:06:23
ORD-7B5B4B2DB0,CUST001248,SES029127,PROD001052,3,19792,59376,Credit Card,paid,2026-07-16 17:43:05
ORD-D85E91E807,CUST001119,SES029137,PROD001012,1,45642,45642,Credit Card,paid,2026-07-20 18:04:22
ORD-9DC03E2D98,CUST008797,SES029140,PROD000800,3,61627,184881,UPI,paid,2026-07-12 21:40:13
ORD-B64E0C41A4,CUST005255,SES029145,PROD000373,2,25985,51970,Credit Card,paid,2026-07-20 19:25:57
ORD-C90F9DCFEA,CUST000601,SES029153,PROD000519,3,22623,67869,UPI,cancelled,2026-06-30 04:43:11
ORD-BA742CCA2F,CUST007513,SES029160,PROD000842,3,91414,274242,Credit Card,paid,2026-07-22 11:15:39
ORD-8CA4F79812,CUST002776,SES029168,PROD000154,3,60309,180927,Debit Card,paid,2026-06-26 14:18:18
ORD-7E2016C53A,CUST003868,SES029177,PROD000303,3,29198,87594,UPI,paid,2026-06-29 18:53:51
ORD-6C4DEE7FB3,CUST000602,SES029182,PROD001419,2,94399,188798,UPI,paid,2026-07-11 09:40:25
ORD-F9486381F0,CUST005480,SES029184,PROD001696,2,35244,70488,Credit Card,paid,2026-07-03 16:48:49
ORD-08DA5D2B22,CUST003675,SES029193,PROD001591,2,99991,199982,Wallet,paid,2026-07-17 17:40:09
ORD-9EB5897966,CUST005340,SES029197,PROD000222,3,21630,64890,UPI,paid,2026-07-18 08:53:44
ORD-C0460E4E50,CUST001259,SES029218,PROD001636,3,59321,177963,Debit Card,paid,2026-07-18 02:16:34
ORD-2AABCB9A0D,CUST008345,SES029241,PROD001027,3,7548,22644,UPI,paid,2026-07-19 11:10:35
ORD-FAC686237E,CUST007573,SES029246,PROD001021,2,92787,185574,UPI,paid,2026-07-09 05:57:59
ORD-A2E7BA0636,CUST008414,SES029248,PROD000203,1,31109,31109,UPI,paid,2026-07-07 04:11:29
ORD-55916C88B0,CUST006880,SES029250,PROD000101,2,97005,194010,Cash on Delivery,paid,2026-07-13 08:59:00
ORD-295D98702A,CUST007711,SES029256,PROD000432,2,61341,122682,UPI,paid,2026-06-26 00:27:19
ORD-D01DFE41E6,CUST008106,SES029258,PROD000092,2,16003,32006,UPI,paid,2026-07-22 01:25:37
ORD-9DB911CCA8,CUST009321,SES029261,PROD001809,2,27630,55260,Cash on Delivery,paid,2026-06-28 18:54:37
ORD-45151461F7,CUST004080,SES029283,PROD000272,3,88239,264717,Debit Card,paid,2026-07-03 14:11:25
ORD-B37AFC54E0,CUST007806,SES029286,PROD001701,1,38036,38036,Cash on Delivery,paid,2026-07-16 12:29:33
ORD-8AB9AC81BC,CUST003139,SES029313,PROD001710,1,38572,38572,Cash on Delivery,paid,2026-07-17 10:06:17
ORD-13B75027C2,CUST000299,SES029319,PROD000281,2,5195,10390,UPI,paid,2026-07-04 13:23:57
ORD-5DD03FD19A,CUST001368,SES029322,PROD001343,1,60663,60663,UPI,paid,2026-07-25 04:38:16
ORD-70C969F300,CUST002595,SES029325,PROD000965,1,35407,35407,Wallet,cancelled,2026-07-23 19:18:33
ORD-C4773CDD58,CUST008757,SES029330,PROD000302,1,59368,59368,Credit Card,paid,2026-07-19 06:42:51
ORD-9EB30E0C4E,CUST008917,SES029339,PROD001747,3,19953,59859,UPI,paid,2026-07-04 19:27:44
ORD-0BFA0B5D70,CUST009601,SES029343,PROD000649,3,99649,298947,UPI,paid,2026-07-25 07:21:13
ORD-407B32B240,CUST004510,SES029344,PROD001345,3,6413,19239,UPI,paid,2026-07-04 09:17:02
ORD-11F10A9B83,CUST005894,SES029347,PROD001234,2,29350,58700,Debit Card,cancelled,2026-07-17 17:16:33
ORD-85B3535264,CUST000020,SES029351,PROD001428,2,5201,10402,Cash on Delivery,paid,2026-07-17 13:34:43
ORD-A4E1DA8442,CUST009533,SES029365,PROD000632,1,60105,60105,Debit Card,paid,2026-07-15 14:35:48
ORD-842E072730,CUST008835,SES029378,PROD000433,1,15634,15634,Credit Card,paid,2026-07-03 15:23:16
ORD-38A0E36512,CUST003866,SES029382,PROD000831,2,47178,94356,UPI,paid,2026-07-23 15:40:10
ORD-AD7495785E,CUST000111,SES029383,PROD000410,3,25804,77412,Cash on Delivery,paid,2026-07-11 02:57:50
ORD-19E50CCB2C,CUST001047,SES029387,PROD000074,1,51456,51456,UPI,paid,2026-07-05 01:05:42
ORD-8B4F075A69,CUST009587,SES029401,PROD001348,1,56152,56152,UPI,paid,2026-07-16 02:04:41
ORD-5AEA6E0F60,CUST009136,SES029407,PROD000857,1,13481,13481,Debit Card,paid,2026-07-05 06:55:38
ORD-59C9684FEF,CUST004773,SES029412,PROD000792,1,54806,54806,UPI,paid,2026-07-11 17:35:08
ORD-8C62EF6D48,CUST000655,SES029416,PROD000793,3,19659,58977,Cash on Delivery,paid,2026-07-19 18:01:25
ORD-BF5A08FB03,CUST006181,SES029426,PROD001789,1,98337,98337,Debit Card,paid,2026-07-21 04:48:30
ORD-A794CE1FA9,CUST007720,SES029427,PROD001238,3,32748,98244,UPI,refunded,2026-07-06 19:57:14
ORD-421C823214,CUST006770,SES029439,PROD000040,1,90584,90584,Credit Card,paid,2026-07-05 06:04:41
ORD-54A0C0DA62,CUST000765,SES029443,PROD000672,2,6494,12988,Debit Card,paid,2026-07-06 17:51:58
ORD-24CCB3AEEF,CUST008664,SES029445,PROD000499,1,67723,67723,Debit Card,paid,2026-07-04 10:15:59
ORD-4F762CA881,CUST006476,SES029448,PROD001166,2,61606,123212,UPI,paid,2026-06-26 06:06:38
ORD-25F62325C6,CUST003211,SES029451,PROD001143,2,81164,162328,Debit Card,paid,2026-07-13 12:10:39
ORD-EBF4CDDC0D,CUST009129,SES029453,PROD000331,2,37184,74368,UPI,paid,2026-07-08 23:20:18
ORD-51EED8829A,CUST003489,SES029454,PROD000610,1,93134,93134,Credit Card,paid,2026-07-22 08:41:34
ORD-9CF6120048,CUST005492,SES029461,PROD000195,3,8027,24081,UPI,refunded,2026-07-10 16:29:58
ORD-BB853CA513,CUST009496,SES029474,PROD000447,1,41345,41345,Credit Card,paid,2026-07-23 21:59:17
ORD-F056F9AEC2,CUST005893,SES029475,PROD001177,2,12414,24828,Credit Card,paid,2026-07-25 20:16:39
ORD-6600C89E0E,CUST004326,SES029481,PROD000341,3,53517,160551,UPI,paid,2026-07-09 19:06:33
ORD-0C089D06B9,CUST000452,SES029490,PROD001414,1,25274,25274,Credit Card,paid,2026-07-01 17:05:06
ORD-521C1CFEF4,CUST001434,SES029491,PROD001284,1,57552,57552,Cash on Delivery,paid,2026-07-17 16:38:59
ORD-60171F10F9,CUST002853,SES029502,PROD000027,1,89875,89875,UPI,paid,2026-07-16 18:37:37
ORD-D43C74DA85,CUST009061,SES029513,PROD000946,3,47035,141105,Credit Card,paid,2026-06-30 03:50:33
ORD-481A6A0856,CUST003163,SES029520,PROD000931,1,92376,92376,Debit Card,paid,2026-07-10 13:48:53
ORD-BE2AF918AE,CUST004310,SES029523,PROD000060,1,61141,61141,Credit Card,paid,2026-07-01 18:42:31
ORD-71B0B6407A,CUST007820,SES029530,PROD001573,1,62867,62867,Credit Card,paid,2026-06-25 21:40:23
ORD-326CAC1F98,CUST005123,SES029542,PROD001520,2,83136,166272,Credit Card,paid,2026-07-23 08:19:52
ORD-4687E879A5,CUST006142,SES029545,PROD001100,2,26916,53832,Credit Card,paid,2026-07-07 16:22:45
ORD-577BFDD181,CUST000023,SES029547,PROD000469,3,27217,81651,Debit Card,paid,2026-06-26 05:46:06
ORD-220A395F3A,CUST007607,SES029576,PROD001965,2,20391,40782,UPI,paid,2026-07-07 20:46:27
ORD-E457444590,CUST009173,SES029578,PROD000569,2,38000,76000,UPI,paid,2026-07-02 23:07:39
ORD-286A4DF5A4,CUST004941,SES029581,PROD000442,3,78710,236130,UPI,paid,2026-07-11 14:32:57
ORD-98085EB619,CUST002842,SES029582,PROD000204,1,12628,12628,Cash on Delivery,paid,2026-07-16 12:36:27
ORD-D9A9B1785A,CUST005526,SES029583,PROD000769,3,39705,119115,Credit Card,paid,2026-07-17 06:13:13
ORD-6E31D7BF55,CUST000992,SES029597,PROD000839,3,97181,291543,Debit Card,paid,2026-07-16 01:18:55
ORD-54048227AA,CUST006701,SES029601,PROD000002,2,12061,24122,UPI,paid,2026-07-13 17:26:05
ORD-B8A8A8C6AF,CUST002889,SES029603,PROD000908,3,99661,298983,UPI,paid,2026-07-17 17:32:41
ORD-074EEEF50C,CUST004526,SES029606,PROD001795,3,91571,274713,Credit Card,paid,2026-06-26 20:55:12
ORD-D421124E25,CUST009506,SES029609,PROD000610,3,93134,279402,Credit Card,paid,2026-07-01 20:22:45
ORD-653AE517D7,CUST003617,SES029618,PROD000290,2,11784,23568,UPI,paid,2026-07-11 00:11:30
ORD-95B7419070,CUST007662,SES029619,PROD001821,2,51642,103284,UPI,paid,2026-07-25 00:59:59
ORD-851B248A7C,CUST009752,SES029622,PROD000838,2,51031,102062,UPI,paid,2026-07-25 13:24:08
ORD-EC4D25A482,CUST003273,SES029623,PROD001168,3,39939,119817,UPI,paid,2026-07-16 12:31:50
ORD-D0C51A466C,CUST001480,SES029630,PROD000713,3,15808,47424,Credit Card,paid,2026-07-24 23:40:19
ORD-B569EFB027,CUST006670,SES029636,PROD000584,1,88991,88991,UPI,paid,2026-06-29 17:08:14
ORD-9D2649A33F,CUST004004,SES029641,PROD001209,2,62756,125512,Debit Card,paid,2026-07-15 22:50:31
ORD-53FE0FFEB5,CUST003641,SES029645,PROD001962,1,55568,55568,UPI,paid,2026-07-12 00:36:06
ORD-0864FC9B5B,CUST005546,SES029654,PROD001417,3,4001,12003,Credit Card,paid,2026-07-05 23:28:42
ORD-1BEFDB7652,CUST005834,SES029657,PROD000290,2,11784,23568,UPI,paid,2026-07-01 06:27:40
ORD-5841C2BCF3,CUST008724,SES029658,PROD001410,3,1833,5499,Credit Card,paid,2026-07-04 04:43:14
ORD-980DCCDB0B,CUST004585,SES029667,PROD000201,3,78588,235764,UPI,paid,2026-07-19 09:05:16
ORD-5784CB5776,CUST002345,SES029676,PROD001645,3,13666,40998,UPI,paid,2026-07-05 02:17:57
ORD-5A0D5DA3AB,CUST005500,SES029682,PROD001955,2,28450,56900,UPI,paid,2026-07-06 02:37:33
ORD-8D8DFE74A1,CUST007910,SES029685,PROD001388,3,39638,118914,UPI,paid,2026-07-23 02:39:03
ORD-782CDA5B47,CUST008522,SES029698,PROD000903,3,16945,50835,Debit Card,paid,2026-07-09 18:29:57
ORD-8733A2CBD0,CUST005292,SES029701,PROD000024,2,54839,109678,Credit Card,paid,2026-07-24 20:32:26
ORD-324694A678,CUST000669,SES029702,PROD001363,1,95982,95982,UPI,paid,2026-07-18 12:26:23
ORD-76C72E4568,CUST005806,SES029710,PROD000591,1,74868,74868,UPI,paid,2026-07-05 03:04:57
ORD-AF684F0E57,CUST001829,SES029721,PROD001883,2,96544,193088,Wallet,cancelled,2026-07-25 10:26:49
ORD-5099D9F71B,CUST000966,SES029731,PROD001868,1,81181,81181,Credit Card,paid,2026-07-20 08:18:51
ORD-717779A549,CUST002450,SES029741,PROD000022,2,35884,71768,Debit Card,refunded,2026-07-05 07:05:09
ORD-5BCE20B5D5,CUST005621,SES029743,PROD001282,2,48652,97304,UPI,paid,2026-07-08 08:13:53
ORD-EE7F77833F,CUST002112,SES029745,PROD001816,1,56164,56164,UPI,paid,2026-07-16 18:00:36
ORD-B35C0CBE59,CUST003740,SES029760,PROD001483,1,97026,97026,UPI,paid,2026-07-14 00:38:48
ORD-59EAD71246,CUST007110,SES029763,PROD000191,2,55494,110988,UPI,paid,2026-07-23 20:58:07
ORD-3CA1EBC5DF,CUST001794,SES029768,PROD001919,1,13874,13874,UPI,paid,2026-07-07 23:52:06
ORD-75741157EE,CUST009174,SES029777,PROD001065,2,21372,42744,UPI,paid,2026-07-11 16:28:46
ORD-8D8072DE13,CUST000080,SES029785,PROD000003,2,11404,22808,UPI,paid,2026-07-02 02:04:57
ORD-C510F353F1,CUST007453,SES029794,PROD000771,1,66289,66289,UPI,paid,2026-07-02 14:50:58
ORD-8B97D074C0,CUST002058,SES029801,PROD000877,3,70656,211968,UPI,paid,2026-07-09 13:03:37
ORD-94CFB9EB77,CUST004861,SES029802,PROD000479,3,57095,171285,UPI,paid,2026-07-08 13:07:16
ORD-EB67FDBC9F,CUST005010,SES029809,PROD001719,2,63252,126504,UPI,paid,2026-07-20 09:33:39
ORD-B5DF51EADB,CUST006508,SES029816,PROD001020,2,32946,65892,Wallet,refunded,2026-06-27 14:08:54
ORD-C8C017B624,CUST006179,SES029831,PROD001926,2,66420,132840,Wallet,paid,2026-07-22 19:42:26
ORD-19438D3546,CUST006806,SES029838,PROD001242,3,27108,81324,UPI,paid,2026-07-15 23:59:45
ORD-0567CBA676,CUST008191,SES029850,PROD001851,3,86021,258063,UPI,paid,2026-07-11 00:31:35
ORD-31B2CF54CD,CUST007581,SES029852,PROD001877,3,20003,60009,UPI,paid,2026-07-21 12:11:24
ORD-89A7106CF3,CUST007252,SES029857,PROD001388,1,39638,39638,UPI,paid,2026-07-16 01:49:15
ORD-B4C1ED622B,CUST002196,SES029866,PROD000388,2,61199,122398,Credit Card,paid,2026-07-13 18:22:37
ORD-20C8FBC304,CUST003913,SES029876,PROD001972,2,49995,99990,Wallet,cancelled,2026-06-30 15:14:08
ORD-DCD466E291,CUST000662,SES029900,PROD001497,2,2965,5930,UPI,paid,2026-07-01 03:09:25
ORD-D75473824F,CUST008830,SES029910,PROD001550,3,14396,43188,UPI,paid,2026-07-16 01:09:35
ORD-36700F12F3,CUST008516,SES029913,PROD000277,2,17637,35274,Credit Card,paid,2026-06-30 09:40:21
ORD-299D41EC01,CUST004000,SES029914,PROD000549,1,29300,29300,UPI,paid,2026-07-02 07:29:48
ORD-A1020E333C,CUST003520,SES029916,PROD000305,1,18176,18176,UPI,paid,2026-07-25 09:44:49
ORD-53D0C5C089,CUST008273,SES029932,PROD000328,2,41503,83006,Debit Card,paid,2026-07-14 23:07:33
ORD-73C916A617,CUST008675,SES029941,PROD001410,3,1833,5499,Debit Card,paid,2026-06-28 01:06:22
ORD-BDB71EAEFA,CUST001092,SES029944,PROD000770,1,73378,73378,Credit Card,paid,2026-06-27 18:28:44
ORD-18C4DD91C4,CUST001848,SES029952,PROD000640,1,69205,69205,Debit Card,paid,2026-06-30 18:56:18
ORD-A97624B475,CUST007718,SES029961,PROD000938,2,47848,95696,UPI,paid,2026-07-05 19:22:53
ORD-C02009360E,CUST001370,SES029975,PROD001736,2,2551,5102,Credit Card,paid,2026-07-01 14:07:09
ORD-2F2B6AE0C8,CUST006126,SES029980,PROD001348,2,56152,112304,UPI,paid,2026-07-22 05:52:07
ORD-1973EFA453,CUST006082,SES029982,PROD000790,1,6966,6966,Debit Card,paid,2026-07-04 12:51:00
ORD-24B9F745F1,CUST008918,SES029988,PROD001667,1,96181,96181,UPI,cancelled,2026-07-04 23:20:40
ORD-795949C9CA,CUST003921,SES029989,PROD000033,3,13055,39165,Debit Card,paid,2026-07-25 07:22:36
ORD-CAE5200F8D,CUST006122,SES030002,PROD000552,2,21816,43632,Credit Card,paid,2026-07-20 08:45:02
ORD-BC79069F67,CUST004799,SES030008,PROD001953,3,63556,190668,Credit Card,paid,2026-07-18 06:06:09
ORD-8544E78027,CUST007828,SES030010,PROD000432,2,61341,122682,UPI,paid,2026-06-28 22:27:40
ORD-30CBF1210F,CUST009338,SES030019,PROD001746,2,86503,173006,UPI,paid,2026-06-26 20:05:17
ORD-769DDF8530,CUST004743,SES030021,PROD001633,1,62825,62825,Wallet,paid,2026-07-18 00:58:24
ORD-A0868CC756,CUST003469,SES030028,PROD000122,3,15498,46494,Debit Card,refunded,2026-07-07 11:50:48
ORD-D5DA45D181,CUST006996,SES030030,PROD000289,1,18956,18956,Credit Card,paid,2026-07-12 10:42:37
ORD-22AB269EA3,CUST006282,SES030031,PROD001720,3,77552,232656,UPI,paid,2026-06-26 09:06:19
ORD-EE577108A0,CUST001176,SES030032,PROD001557,1,69770,69770,Debit Card,paid,2026-07-22 23:52:59
ORD-D10179D360,CUST000636,SES030035,PROD000541,2,81586,163172,Credit Card,paid,2026-07-09 20:01:21
ORD-ECFD2642DC,CUST007342,SES030045,PROD001891,1,1629,1629,UPI,paid,2026-07-16 15:21:25
ORD-7AF181EA2D,CUST009407,SES030054,PROD000020,1,49257,49257,Debit Card,paid,2026-06-28 02:53:45
ORD-6BC0C158CD,CUST004068,SES030056,PROD000182,3,80396,241188,Credit Card,paid,2026-07-09 12:26:48
ORD-3A6695A65A,CUST006260,SES030061,PROD001686,2,58241,116482,Credit Card,paid,2026-07-25 11:27:36
ORD-E76FB285C0,CUST003879,SES030063,PROD000541,3,81586,244758,UPI,cancelled,2026-07-10 12:14:13
ORD-C874896C19,CUST009853,SES030078,PROD001147,2,97367,194734,Debit Card,paid,2026-06-30 06:15:01
ORD-E907CC28D9,CUST001620,SES030079,PROD001340,2,33682,67364,Cash on Delivery,paid,2026-07-05 04:24:43
ORD-463A873F65,CUST009214,SES030080,PROD001175,2,8306,16612,Credit Card,paid,2026-07-06 12:18:50
ORD-1123EF4281,CUST006377,SES030081,PROD000048,1,80112,80112,Debit Card,paid,2026-06-26 01:46:28
ORD-0E2D4C1D96,CUST000684,SES030085,PROD000382,3,68070,204210,Wallet,paid,2026-06-27 08:43:20
ORD-7732B449C2,CUST005804,SES030095,PROD000325,3,71470,214410,Debit Card,paid,2026-07-10 13:20:47
ORD-9AEDD5A5C7,CUST007042,SES030100,PROD001345,2,6413,12826,UPI,paid,2026-07-25 18:06:41
ORD-19DD2F467E,CUST007994,SES030103,PROD000999,3,27229,81687,Debit Card,paid,2026-07-15 12:53:06
ORD-863FB46296,CUST008983,SES030115,PROD001290,1,5476,5476,UPI,paid,2026-07-15 16:32:52
ORD-D77FC3CD7A,CUST002162,SES030124,PROD000276,1,98538,98538,UPI,paid,2026-07-02 20:58:27
ORD-4FC5CDEDF5,CUST002880,SES030126,PROD000609,2,53657,107314,Debit Card,paid,2026-07-04 10:55:01
ORD-9195201955,CUST003073,SES030139,PROD001162,3,20140,60420,Cash on Delivery,paid,2026-06-30 20:59:35
ORD-37CB682AA1,CUST008429,SES030140,PROD000698,3,21440,64320,UPI,paid,2026-07-08 06:11:20
ORD-1B1BE327E3,CUST006925,SES030149,PROD001417,2,4001,8002,UPI,paid,2026-06-26 19:40:54
ORD-D05CC8401B,CUST005597,SES030153,PROD000556,2,30617,61234,Credit Card,paid,2026-07-21 07:42:48
ORD-FE88E56CED,CUST000411,SES030159,PROD000311,2,62377,124754,UPI,cancelled,2026-07-04 09:58:56
ORD-F800118A5F,CUST003069,SES030171,PROD000629,2,40086,80172,UPI,paid,2026-06-28 20:16:18
ORD-319E2F9E40,CUST009957,SES030172,PROD000895,1,8940,8940,UPI,paid,2026-07-01 17:57:41
ORD-F4BFA14AA5,CUST008921,SES030176,PROD000567,1,54699,54699,UPI,refunded,2026-07-02 04:07:05
ORD-3A2996559A,CUST007746,SES030178,PROD001720,2,77552,155104,UPI,paid,2026-07-08 03:01:53
ORD-F3B6B05B9E,CUST001052,SES030183,PROD000339,2,59487,118974,Debit Card,paid,2026-07-24 18:08:00
ORD-CAFCBE4257,CUST005481,SES030187,PROD001132,2,27431,54862,Credit Card,refunded,2026-06-27 01:15:44
ORD-11A54D85BC,CUST001080,SES030193,PROD001363,2,95982,191964,UPI,paid,2026-07-03 05:31:33
ORD-8E3DB58393,CUST005715,SES030195,PROD001761,3,60261,180783,UPI,paid,2026-07-06 15:32:16
ORD-8EBE083776,CUST006839,SES030209,PROD000163,3,81195,243585,UPI,paid,2026-07-07 23:49:19
ORD-F00B594DF9,CUST002446,SES030211,PROD001506,3,48516,145548,Debit Card,paid,2026-07-16 19:22:25
ORD-F5B959C695,CUST000072,SES030215,PROD000806,1,10819,10819,UPI,paid,2026-07-03 07:26:43
ORD-C09F57BACA,CUST001862,SES030217,PROD000852,1,93287,93287,Credit Card,paid,2026-07-06 12:32:21
ORD-E48D66618D,CUST008226,SES030233,PROD001254,3,39489,118467,Wallet,paid,2026-06-27 19:51:24
ORD-EEDB3587B3,CUST009010,SES030238,PROD000029,3,88967,266901,UPI,paid,2026-07-17 15:15:57
ORD-F2353E52A6,CUST003021,SES030244,PROD001997,3,91510,274530,UPI,paid,2026-07-02 13:54:53
ORD-0A8D52CB12,CUST000999,SES030255,PROD001435,3,93335,280005,Debit Card,paid,2026-07-12 19:49:41
ORD-275D9F3446,CUST006459,SES030266,PROD001788,2,84610,169220,UPI,paid,2026-07-03 15:13:06
ORD-DE63C95664,CUST003583,SES030268,PROD000706,2,53147,106294,Debit Card,paid,2026-07-25 18:17:47
ORD-EE251609FB,CUST002751,SES030269,PROD001367,2,17095,34190,UPI,paid,2026-07-10 08:22:46
ORD-E286F1FB0B,CUST007436,SES030276,PROD001794,1,58239,58239,UPI,paid,2026-06-26 06:47:00
ORD-8B801E87BB,CUST009442,SES030278,PROD000143,2,83593,167186,UPI,paid,2026-07-21 13:40:14
ORD-CF643C249D,CUST008602,SES030300,PROD001226,2,35761,71522,UPI,paid,2026-06-28 04:27:24
ORD-E60B2DDA54,CUST005165,SES030301,PROD001078,2,26872,53744,UPI,paid,2026-07-21 04:37:31
ORD-390258633B,CUST005519,SES030306,PROD000985,3,75130,225390,Cash on Delivery,paid,2026-07-25 12:05:46
ORD-D6E63D34E1,CUST006716,SES030308,PROD000847,1,25126,25126,Cash on Delivery,paid,2026-07-22 01:16:20
ORD-5675FAC0D4,CUST000408,SES030310,PROD000471,2,95040,190080,UPI,paid,2026-07-24 07:55:23
ORD-D5C9F04C43,CUST001996,SES030313,PROD001503,3,24949,74847,UPI,paid,2026-07-25 17:34:50
ORD-F061E9E888,CUST004546,SES030318,PROD000805,3,82192,246576,Debit Card,paid,2026-07-01 04:18:52
ORD-8E3033E930,CUST008002,SES030326,PROD000746,3,83584,250752,Credit Card,paid,2026-07-08 07:16:07
ORD-72AF0622C9,CUST008974,SES030333,PROD000920,2,53817,107634,UPI,paid,2026-07-14 19:52:04
ORD-266F8092D0,CUST004253,SES030344,PROD000764,1,74926,74926,Debit Card,paid,2026-07-08 04:19:06
ORD-4BEE5F3608,CUST005276,SES030346,PROD001373,3,91836,275508,UPI,paid,2026-07-16 10:15:26
ORD-6340D4179E,CUST009328,SES030353,PROD001347,2,7160,14320,UPI,paid,2026-07-08 12:59:07
ORD-66423A7144,CUST007797,SES030365,PROD000322,2,83631,167262,UPI,paid,2026-06-30 14:10:40
ORD-6B4F8E9CC7,CUST003908,SES030374,PROD000994,2,9890,19780,Wallet,paid,2026-07-04 07:24:08
ORD-60EE929FA5,CUST005001,SES030377,PROD001399,1,86380,86380,Credit Card,paid,2026-07-22 03:47:39
ORD-A306BB34D2,CUST000531,SES030378,PROD000377,1,55755,55755,Cash on Delivery,paid,2026-07-20 00:37:11
ORD-97340E162F,CUST003212,SES030380,PROD001726,2,72168,144336,UPI,paid,2026-07-14 03:23:42
ORD-D11AFE06D3,CUST003447,SES030390,PROD000626,2,40827,81654,UPI,paid,2026-07-14 04:26:59
ORD-FBE44A15EB,CUST001014,SES030404,PROD000692,2,73910,147820,Credit Card,paid,2026-07-03 11:05:51
ORD-86B69EF0C0,CUST002142,SES030407,PROD001638,3,59167,177501,Cash on Delivery,paid,2026-06-27 16:35:54
ORD-3632C119E0,CUST005704,SES030417,PROD000613,3,94147,282441,Debit Card,paid,2026-07-03 01:10:04
ORD-E1021CF9F1,CUST004943,SES030423,PROD000463,3,69270,207810,UPI,paid,2026-07-25 04:46:03
ORD-66C0BE25A4,CUST000707,SES030436,PROD000003,3,11404,34212,Debit Card,paid,2026-07-13 10:10:12
ORD-0410F866FC,CUST006871,SES030443,PROD000449,2,49957,99914,Debit Card,paid,2026-06-25 21:05:15
ORD-49133DD04E,CUST003353,SES030444,PROD000704,3,61762,185286,Credit Card,paid,2026-06-26 01:32:19
ORD-B36C6FEB58,CUST005863,SES030455,PROD001121,3,89864,269592,Debit Card,paid,2026-06-28 20:04:25
ORD-E5EB9EF06B,CUST007121,SES030463,PROD000536,3,670,2010,UPI,paid,2026-07-10 09:41:15
ORD-3205629565,CUST006353,SES030472,PROD001368,2,56024,112048,UPI,paid,2026-07-16 17:20:46
ORD-FD5218AAB0,CUST002375,SES030474,PROD001732,3,33332,99996,UPI,paid,2026-07-09 04:41:46
ORD-4D2DC86EA5,CUST009443,SES030476,PROD000911,3,93687,281061,UPI,paid,2026-07-15 08:52:56
ORD-45B2FC92CA,CUST004443,SES030483,PROD001676,1,66683,66683,UPI,paid,2026-07-15 11:44:04
ORD-6751CD0AEE,CUST000815,SES030487,PROD000443,2,18661,37322,Credit Card,paid,2026-07-21 15:10:54
ORD-F8C58B176A,CUST008482,SES030488,PROD001286,1,93558,93558,Credit Card,paid,2026-07-12 19:15:49
ORD-DA7176959F,CUST007283,SES030496,PROD000081,3,20031,60093,Cash on Delivery,paid,2026-06-30 22:10:24
ORD-4BAAD040B9,CUST005364,SES030499,PROD000360,2,77623,155246,UPI,paid,2026-07-10 10:24:52
ORD-CFBF84B1FA,CUST001961,SES030506,PROD000986,3,5072,15216,Debit Card,refunded,2026-07-08 05:19:45
ORD-DA8B1EE4DC,CUST005986,SES030520,PROD001498,3,29091,87273,UPI,paid,2026-07-17 19:38:19
ORD-E7B300C861,CUST003879,SES030523,PROD000166,2,75555,151110,UPI,paid,2026-07-06 06:16:07
ORD-FCC3373689,CUST005467,SES030530,PROD001120,2,94075,188150,UPI,paid,2026-07-09 10:33:41
ORD-504AB4F684,CUST002760,SES030532,PROD001814,1,58815,58815,Credit Card,paid,2026-07-05 05:56:56
ORD-5643EC55DD,CUST004488,SES030533,PROD000353,1,12706,12706,UPI,paid,2026-06-30 23:32:06
ORD-AF1DC16D1A,CUST003125,SES030538,PROD000466,1,82110,82110,Credit Card,paid,2026-07-09 01:36:30
ORD-6C47D176AE,CUST006003,SES030544,PROD001398,3,3458,10374,Cash on Delivery,paid,2026-07-02 06:26:00
ORD-565D5CAB84,CUST005449,SES030546,PROD001869,1,40452,40452,Credit Card,paid,2026-07-02 11:53:02
ORD-A7C0DEF05E,CUST002800,SES030552,PROD001581,3,45430,136290,Debit Card,paid,2026-07-02 05:28:09
ORD-712FD73B3D,CUST002490,SES030553,PROD000695,1,69027,69027,Credit Card,paid,2026-07-08 10:03:28
ORD-BCBA058E70,CUST005740,SES030554,PROD001839,3,70893,212679,Cash on Delivery,paid,2026-07-17 19:03:17
ORD-64F6370B46,CUST001762,SES030561,PROD001755,2,44355,88710,Credit Card,paid,2026-07-08 05:26:26
ORD-A62C34249E,CUST009912,SES030567,PROD000932,3,27928,83784,Credit Card,paid,2026-07-09 20:37:21
ORD-CF9E1899F6,CUST004006,SES030580,PROD001971,3,69347,208041,Debit Card,refunded,2026-07-15 05:21:41
ORD-19EBF9521E,CUST007414,SES030581,PROD001892,1,95159,95159,Credit Card,paid,2026-07-02 03:51:59
ORD-F097DDE123,CUST002755,SES030597,PROD001701,1,38036,38036,Credit Card,paid,2026-07-05 10:44:52
ORD-4C3F15102E,CUST002573,SES030608,PROD001259,2,63780,127560,Cash on Delivery,paid,2026-07-18 18:52:21
ORD-5A38B74D07,CUST002504,SES030614,PROD001814,3,58815,176445,UPI,paid,2026-07-23 03:49:55
ORD-95952A7ECD,CUST005940,SES030616,PROD001212,3,98640,295920,Debit Card,paid,2026-06-30 16:53:37
ORD-FC2E3C0CE3,CUST004064,SES030625,PROD001909,1,50234,50234,UPI,paid,2026-07-15 22:56:44
ORD-083017C29D,CUST009187,SES030628,PROD001883,2,96544,193088,Credit Card,refunded,2026-07-04 07:02:47
ORD-391A76DD43,CUST007255,SES030632,PROD001760,2,21195,42390,Wallet,refunded,2026-07-04 05:52:23
ORD-337E9BAA9D,CUST000582,SES030640,PROD000340,1,86397,86397,Wallet,cancelled,2026-07-16 13:34:27
ORD-0319DF7677,CUST002270,SES030653,PROD001951,2,64978,129956,UPI,paid,2026-07-09 15:14:17
ORD-AC7962BAFF,CUST008343,SES030654,PROD001758,2,57936,115872,UPI,paid,2026-07-06 12:40:59
ORD-F6B2E72F29,CUST009892,SES030655,PROD001958,2,7001,14002,Debit Card,paid,2026-07-24 20:13:58
ORD-3DB9C483C0,CUST004886,SES030662,PROD001350,2,40907,81814,Wallet,paid,2026-07-06 07:13:40
ORD-A20B2EB3E6,CUST005011,SES030663,PROD001893,2,32723,65446,Cash on Delivery,paid,2026-07-18 05:50:54
ORD-757C5A4E7E,CUST009296,SES030695,PROD000308,3,47429,142287,UPI,paid,2026-07-12 22:07:17
ORD-319857A653,CUST008385,SES030703,PROD001865,1,9507,9507,Cash on Delivery,paid,2026-07-15 03:47:29
ORD-A927204CFE,CUST004224,SES030713,PROD001672,1,84500,84500,UPI,paid,2026-07-10 10:51:47
ORD-67495C135B,CUST005242,SES030717,PROD000949,3,75140,225420,UPI,paid,2026-07-11 03:00:29
ORD-1AAAA1F8C5,CUST004071,SES030731,PROD000669,1,89211,89211,Credit Card,paid,2026-07-20 07:29:06
ORD-A2896B1EE3,CUST009440,SES030740,PROD001808,2,3129,6258,Wallet,paid,2026-06-30 03:29:29
ORD-DC459AE56B,CUST009865,SES030762,PROD001779,2,93642,187284,Debit Card,paid,2026-06-26 06:03:30
ORD-7769EE2D85,CUST006567,SES030766,PROD001799,3,29734,89202,Wallet,paid,2026-07-05 07:52:15
ORD-F352FE5B1A,CUST007293,SES030776,PROD001715,1,95531,95531,Wallet,paid,2026-07-05 05:53:49
ORD-BB92AF3E74,CUST001622,SES030781,PROD001906,3,21258,63774,Credit Card,paid,2026-07-06 07:57:04
ORD-293815088D,CUST007783,SES030800,PROD000073,3,54841,164523,Debit Card,paid,2026-07-24 17:33:31
ORD-BA5489EE3C,CUST006582,SES030814,PROD000262,3,27474,82422,Cash on Delivery,paid,2026-07-11 11:15:08
ORD-481B85523F,CUST009528,SES030819,PROD001312,3,37313,111939,Cash on Delivery,paid,2026-07-04 14:46:20
ORD-7A21EE657A,CUST002638,SES030820,PROD001515,1,45939,45939,Credit Card,paid,2026-07-06 06:04:50
ORD-989C01D68C,CUST000438,SES030822,PROD001344,3,96810,290430,UPI,paid,2026-07-10 22:15:36
ORD-C9B99CB224,CUST005236,SES030833,PROD001174,3,45722,137166,Debit Card,paid,2026-07-21 19:11:35
ORD-3174381E9B,CUST003077,SES030845,PROD001204,2,33838,67676,UPI,paid,2026-07-25 08:43:05
ORD-07F4FF212E,CUST000510,SES030850,PROD000453,3,45939,137817,Credit Card,paid,2026-06-29 07:09:47
ORD-31B4057E3F,CUST003093,SES030853,PROD001541,3,97458,292374,Wallet,paid,2026-07-24 04:35:38
ORD-2645B948EF,CUST008776,SES030854,PROD001696,1,35244,35244,UPI,paid,2026-07-02 03:54:38
ORD-48B7E07294,CUST005261,SES030875,PROD001611,3,5351,16053,UPI,paid,2026-07-09 07:10:28
ORD-619DFA6E88,CUST003805,SES030880,PROD001258,3,14576,43728,Cash on Delivery,cancelled,2026-06-29 09:36:04
ORD-27E54BECEE,CUST000204,SES030891,PROD001551,1,37934,37934,UPI,paid,2026-07-13 07:26:11
ORD-B805D3D04C,CUST002144,SES030899,PROD001822,3,35945,107835,Credit Card,paid,2026-07-21 09:33:25
ORD-0D1E23BA78,CUST005688,SES030927,PROD000431,2,58402,116804,UPI,paid,2026-06-30 16:11:11
ORD-B3486C349D,CUST009767,SES030929,PROD001921,1,19477,19477,Credit Card,paid,2026-07-07 18:29:18
ORD-0C72710F03,CUST006831,SES030932,PROD000922,3,56298,168894,UPI,paid,2026-07-06 01:36:06
ORD-9FDB292F88,CUST000628,SES030939,PROD001060,3,93313,279939,Cash on Delivery,paid,2026-06-30 14:13:06
ORD-99052CEBF7,CUST008363,SES030941,PROD000859,2,69942,139884,UPI,refunded,2026-07-19 23:03:58
ORD-B8A6E99729,CUST008229,SES030944,PROD001369,2,50641,101282,Credit Card,cancelled,2026-07-10 13:13:59
ORD-9CBC667A83,CUST001618,SES030952,PROD001150,2,81079,162158,Cash on Delivery,paid,2026-07-22 01:52:14
ORD-732B0612F6,CUST000327,SES030954,PROD000701,3,78526,235578,UPI,paid,2026-06-26 11:07:15
ORD-F2B91B6477,CUST006261,SES030958,PROD001897,3,93367,280101,Credit Card,paid,2026-06-26 20:10:39
ORD-9F086DF466,CUST004758,SES030960,PROD001038,2,48944,97888,Wallet,refunded,2026-07-06 14:34:52
ORD-C5E1BCF84D,CUST008732,SES030984,PROD001619,3,13051,39153,UPI,paid,2026-07-16 03:04:10
ORD-D0098BA279,CUST000058,SES030994,PROD001851,2,86021,172042,Cash on Delivery,paid,2026-07-19 03:11:40
ORD-9F967B2C44,CUST006862,SES030997,PROD000466,3,82110,246330,UPI,paid,2026-07-04 09:32:39
ORD-A48A1C372C,CUST008246,SES031001,PROD000404,1,1330,1330,UPI,paid,2026-07-01 00:17:15
ORD-75FFF9148C,CUST006404,SES031004,PROD000222,2,21630,43260,Cash on Delivery,paid,2026-07-21 11:58:59
ORD-10AF4FC91F,CUST003945,SES031012,PROD000134,2,67021,134042,UPI,paid,2026-07-09 21:00:46
ORD-1977650F69,CUST004256,SES031013,PROD001683,2,60719,121438,UPI,paid,2026-07-22 19:02:18
ORD-156E8CDECD,CUST002955,SES031017,PROD001387,1,9244,9244,UPI,paid,2026-07-04 18:03:39
ORD-C5538B2537,CUST006372,SES031019,PROD001710,1,38572,38572,Wallet,paid,2026-07-24 23:01:52
ORD-323A1847B9,CUST006718,SES031024,PROD001697,2,80882,161764,UPI,paid,2026-07-05 03:01:06
ORD-A9A63DD5F1,CUST001088,SES031040,PROD001994,2,16433,32866,Credit Card,paid,2026-07-04 02:57:13
ORD-1DF71A85A1,CUST001344,SES031044,PROD001306,3,97981,293943,Cash on Delivery,paid,2026-07-05 04:25:37
ORD-E95FEDEA70,CUST002994,SES031046,PROD000311,1,62377,62377,UPI,paid,2026-07-20 11:14:20
ORD-0B8EF03BD3,CUST009798,SES031049,PROD001332,2,45139,90278,Credit Card,paid,2026-07-20 13:01:13
ORD-98F278AF1B,CUST002065,SES031059,PROD000030,3,38748,116244,Credit Card,refunded,2026-07-02 10:10:06
ORD-32E7B04F90,CUST007957,SES031070,PROD000616,2,69001,138002,Credit Card,paid,2026-07-15 21:12:08
ORD-DCD20399CA,CUST008686,SES031082,PROD000912,3,10098,30294,UPI,paid,2026-07-20 06:43:17
ORD-41C3621961,CUST003522,SES031099,PROD000764,3,74926,224778,UPI,paid,2026-07-25 15:35:03
ORD-7595549B1F,CUST009658,SES031100,PROD001036,2,2181,4362,Wallet,paid,2026-07-16 14:53:55
ORD-75B3E89093,CUST004025,SES031103,PROD001084,1,4758,4758,UPI,paid,2026-07-14 19:57:49
ORD-B7D4508368,CUST002874,SES031107,PROD000739,3,85150,255450,UPI,paid,2026-07-04 22:54:03
ORD-2DB3C290CB,CUST005310,SES031114,PROD000369,3,62902,188706,UPI,paid,2026-07-19 01:21:12
ORD-80B93935FB,CUST006157,SES031126,PROD001511,1,54406,54406,UPI,paid,2026-07-25 11:31:01
ORD-61D2419D15,CUST000630,SES031129,PROD001586,2,23456,46912,Debit Card,paid,2026-07-11 13:32:55
ORD-03EC5045E2,CUST001531,SES031140,PROD000324,2,18589,37178,Cash on Delivery,paid,2026-06-29 10:39:56
ORD-2B40648324,CUST004735,SES031141,PROD001490,1,73344,73344,UPI,paid,2026-07-05 13:19:35
ORD-48BFB65AE5,CUST004433,SES031142,PROD000006,2,38297,76594,UPI,paid,2026-06-28 18:28:01
ORD-B10AD616D8,CUST009570,SES031147,PROD001978,3,49741,149223,UPI,paid,2026-07-15 20:51:33
ORD-92789FC11E,CUST000709,SES031149,PROD000601,2,31378,62756,Cash on Delivery,paid,2026-07-15 08:58:32
ORD-7BCCC1EE7D,CUST000563,SES031152,PROD000359,1,90508,90508,Cash on Delivery,paid,2026-07-07 13:42:35
ORD-DDBA745888,CUST008125,SES031158,PROD001679,1,27498,27498,UPI,paid,2026-07-17 01:34:30
ORD-FFB8CE2061,CUST009700,SES031168,PROD001211,1,22624,22624,UPI,paid,2026-07-11 05:51:10
ORD-CCC7E0118E,CUST005370,SES031171,PROD000754,1,18536,18536,Credit Card,paid,2026-07-07 00:30:55
ORD-DE3CBD2FD8,CUST002119,SES031173,PROD000174,2,15425,30850,Credit Card,paid,2026-07-19 00:06:46
ORD-596C835334,CUST006356,SES031174,PROD000177,2,21031,42062,UPI,paid,2026-07-13 21:37:38
ORD-620A2234FE,CUST006177,SES031177,PROD000505,1,16673,16673,Cash on Delivery,paid,2026-07-11 07:51:56
ORD-089F468512,CUST004048,SES031178,PROD001739,3,70820,212460,Debit Card,paid,2026-06-30 04:43:02
ORD-91D1A32661,CUST000003,SES031179,PROD000670,2,44429,88858,Credit Card,paid,2026-07-20 10:54:58
ORD-381F04E247,CUST004958,SES031183,PROD001809,3,27630,82890,Cash on Delivery,paid,2026-07-17 18:15:00
ORD-85308D13DD,CUST006826,SES031206,PROD000390,2,33405,66810,UPI,cancelled,2026-07-23 01:47:47
ORD-69599F6D96,CUST001095,SES031210,PROD001638,2,59167,118334,Debit Card,paid,2026-07-18 17:13:00
ORD-E943D1BAED,CUST009272,SES031220,PROD001629,3,26789,80367,UPI,paid,2026-07-16 01:46:50
ORD-5119F118D4,CUST008129,SES031228,PROD000036,1,72342,72342,UPI,paid,2026-07-25 02:30:31
ORD-38B56308F4,CUST005074,SES031234,PROD001242,1,27108,27108,UPI,paid,2026-07-14 03:39:26
ORD-77F7FACFF0,CUST000002,SES031237,PROD001529,1,76915,76915,UPI,paid,2026-06-26 09:31:54
ORD-4A1B3711CC,CUST002606,SES031239,PROD000808,1,51285,51285,UPI,paid,2026-07-04 00:45:44
ORD-88540B8733,CUST005450,SES031246,PROD000903,1,16945,16945,Credit Card,paid,2026-07-07 03:10:58
ORD-5F8D108733,CUST000268,SES031255,PROD001207,1,95915,95915,UPI,paid,2026-07-23 13:13:44
ORD-C7ED7B6AD9,CUST006077,SES031268,PROD001269,2,84392,168784,Cash on Delivery,cancelled,2026-07-17 09:51:59
ORD-1001C26807,CUST005936,SES031271,PROD001336,3,54141,162423,Debit Card,paid,2026-07-01 04:20:44
ORD-1E4523C482,CUST005192,SES031283,PROD000237,1,67580,67580,UPI,paid,2026-07-02 23:30:21
ORD-995CA35621,CUST003817,SES031296,PROD001415,3,79899,239697,Debit Card,paid,2026-07-23 10:32:43
ORD-8B20D7C979,CUST003715,SES031306,PROD000091,3,12408,37224,UPI,paid,2026-07-22 03:11:26
ORD-0768AB8AC4,CUST006318,SES031311,PROD001653,3,93568,280704,UPI,paid,2026-07-13 13:53:14
ORD-6FAAD068F6,CUST003949,SES031317,PROD001363,1,95982,95982,UPI,paid,2026-07-18 14:48:12
ORD-890D5461E7,CUST001154,SES031319,PROD001228,3,15660,46980,Cash on Delivery,paid,2026-07-09 03:08:28
ORD-6A1E007E18,CUST007645,SES031325,PROD000653,1,70419,70419,Debit Card,paid,2026-07-23 09:56:29
ORD-4FD60BCFC7,CUST006650,SES031332,PROD000842,2,91414,182828,UPI,paid,2026-07-01 12:09:28
ORD-2ABB8AF6B6,CUST008185,SES031333,PROD001433,2,66019,132038,UPI,paid,2026-07-03 16:48:01
ORD-D63DCE140D,CUST006937,SES031344,PROD001221,3,17098,51294,Credit Card,paid,2026-07-20 21:01:34
ORD-B7D614668D,CUST002189,SES031347,PROD000536,1,670,670,Credit Card,paid,2026-06-26 00:55:32
ORD-728F8F60E1,CUST006860,SES031352,PROD001375,1,18300,18300,Wallet,paid,2026-07-14 22:25:25
ORD-B9B6739851,CUST009996,SES031356,PROD000011,1,79430,79430,Cash on Delivery,paid,2026-07-22 09:39:26
ORD-79DBCE76D7,CUST003793,SES031365,PROD001150,3,81079,243237,Debit Card,paid,2026-07-23 00:41:39
ORD-609F148E1E,CUST008930,SES031371,PROD000973,3,13549,40647,UPI,paid,2026-07-01 19:52:20
ORD-3C2BF79744,CUST006988,SES031374,PROD001493,1,73101,73101,UPI,paid,2026-07-23 17:57:46
ORD-B0B9AB81CD,CUST007279,SES031375,PROD000731,3,69370,208110,UPI,paid,2026-07-16 07:15:48
ORD-81838DEFC1,CUST008429,SES031384,PROD000167,3,67161,201483,Credit Card,paid,2026-07-03 21:47:33
ORD-3045C9FBA3,CUST007867,SES031386,PROD001622,2,46507,93014,Credit Card,paid,2026-07-11 10:01:30
ORD-86FAD35192,CUST009655,SES031393,PROD001701,1,38036,38036,Debit Card,refunded,2026-07-24 09:50:28
ORD-6F1FF4A981,CUST009980,SES031398,PROD000763,2,28671,57342,UPI,paid,2026-07-14 16:56:01
ORD-B2105F638F,CUST000116,SES031404,PROD001212,1,98640,98640,UPI,paid,2026-06-30 06:52:46
ORD-FBD6CDE8C4,CUST001771,SES031412,PROD000861,3,81351,244053,Credit Card,refunded,2026-07-16 06:20:33
ORD-A642DF11EE,CUST002095,SES031418,PROD000183,1,79861,79861,UPI,paid,2026-07-01 08:43:51
ORD-9DD7EDEEC6,CUST008689,SES031420,PROD000018,2,55607,111214,Wallet,paid,2026-07-23 09:25:48
ORD-F2728BC2F0,CUST004309,SES031422,PROD000848,1,95093,95093,UPI,paid,2026-07-19 04:05:17
ORD-65CD256298,CUST007671,SES031427,PROD000682,1,12435,12435,Credit Card,paid,2026-07-24 05:20:57
ORD-044C2A2EAB,CUST008835,SES031428,PROD000187,3,9357,28071,UPI,paid,2026-07-13 17:42:26
ORD-C24153440D,CUST000555,SES031430,PROD001762,2,8787,17574,UPI,paid,2026-07-17 04:14:40
ORD-BB3340F95E,CUST007598,SES031432,PROD001318,1,34714,34714,UPI,cancelled,2026-07-01 18:01:21
ORD-1BB1F3AFFF,CUST005873,SES031434,PROD000351,2,69235,138470,Debit Card,paid,2026-07-04 07:16:05
ORD-16EC45FD31,CUST006245,SES031449,PROD000894,2,91261,182522,Credit Card,paid,2026-07-18 11:16:38
ORD-4B932FA9C2,CUST009356,SES031450,PROD001436,1,69474,69474,Wallet,paid,2026-07-07 06:47:44
ORD-6A5722ABF8,CUST006434,SES031467,PROD000293,2,12479,24958,UPI,paid,2026-07-21 02:57:25
ORD-63AE36538E,CUST002662,SES031484,PROD000105,1,13268,13268,UPI,paid,2026-07-18 19:37:20
ORD-5EC87A93DD,CUST009179,SES031497,PROD001013,3,21947,65841,Debit Card,paid,2026-07-07 16:30:35
ORD-C4DEEC27C4,CUST007270,SES031506,PROD001630,1,76405,76405,UPI,paid,2026-07-14 08:44:56
ORD-F8E803EFCB,CUST008976,SES031507,PROD001899,1,53002,53002,UPI,paid,2026-07-17 13:51:20
ORD-E22939F13D,CUST002139,SES031510,PROD000252,2,3331,6662,UPI,paid,2026-06-30 02:48:16
ORD-4D75FC7480,CUST000699,SES031515,PROD001605,3,71874,215622,Wallet,paid,2026-07-18 11:59:33
ORD-405D6BDEAE,CUST006621,SES031519,PROD000622,1,45427,45427,UPI,paid,2026-06-25 21:06:02
ORD-A0AB88AA3A,CUST006136,SES031525,PROD000953,3,76969,230907,UPI,refunded,2026-07-22 15:02:05
ORD-2B573B8C65,CUST004604,SES031531,PROD000496,1,53326,53326,UPI,paid,2026-07-20 10:28:54
ORD-A1D7AE11A4,CUST000577,SES031543,PROD001024,3,650,1950,UPI,paid,2026-07-06 11:17:19
ORD-42D3C8326F,CUST009687,SES031545,PROD001106,2,49590,99180,Debit Card,paid,2026-07-22 10:53:05
ORD-C2390A5580,CUST003431,SES031547,PROD000881,2,75805,151610,UPI,paid,2026-07-23 07:24:36
ORD-97439D492A,CUST004689,SES031551,PROD000036,3,72342,217026,UPI,paid,2026-07-04 19:20:06
ORD-293E3CB871,CUST004565,SES031566,PROD000780,2,87612,175224,UPI,paid,2026-07-04 01:38:53
ORD-14B3F3FF2A,CUST009347,SES031571,PROD001268,3,45907,137721,UPI,paid,2026-07-02 09:49:44
ORD-96AEC1ED37,CUST001484,SES031589,PROD000401,2,92074,184148,Wallet,paid,2026-07-09 00:08:01
ORD-E7636C7619,CUST002660,SES031594,PROD001438,1,87672,87672,UPI,paid,2026-07-04 08:24:58
ORD-308069B955,CUST007184,SES031597,PROD001145,3,12278,36834,Wallet,cancelled,2026-07-09 03:38:09
ORD-279196EF62,CUST000955,SES031601,PROD000730,2,63986,127972,UPI,paid,2026-07-09 23:11:56
ORD-F324D71510,CUST004280,SES031616,PROD001593,3,59263,177789,Credit Card,paid,2026-07-06 10:04:48
ORD-5B49DF69CB,CUST004206,SES031637,PROD000466,3,82110,246330,Debit Card,refunded,2026-07-06 04:52:36
ORD-619789B017,CUST009313,SES031641,PROD001060,3,93313,279939,Debit Card,paid,2026-07-01 14:58:06
ORD-7E39FD1D02,CUST007992,SES031644,PROD001137,3,55991,167973,Cash on Delivery,paid,2026-07-02 08:12:57
ORD-05D8322A0B,CUST000633,SES031648,PROD000699,2,23143,46286,UPI,cancelled,2026-07-04 08:23:17
ORD-E247E4EFB5,CUST002636,SES031659,PROD001927,3,13436,40308,UPI,paid,2026-07-10 14:58:12
ORD-2C8AD0D10C,CUST002405,SES031666,PROD001842,3,53825,161475,Debit Card,paid,2026-07-09 23:57:45
ORD-535714B59C,CUST006395,SES031686,PROD001085,2,59079,118158,Credit Card,paid,2026-07-04 03:19:28
ORD-1736CAC34B,CUST008392,SES031711,PROD001337,2,92356,184712,UPI,paid,2026-07-06 05:29:21
ORD-F02C2F2970,CUST005207,SES031721,PROD000127,1,91762,91762,UPI,paid,2026-07-11 11:00:07
ORD-D7F743A8E0,CUST002032,SES031722,PROD001756,1,43799,43799,Debit Card,paid,2026-07-02 04:21:29
ORD-564B5D1E1C,CUST007789,SES031725,PROD001943,2,22259,44518,UPI,paid,2026-07-06 02:21:18
ORD-26AF35729E,CUST006312,SES031737,PROD001651,2,26984,53968,UPI,cancelled,2026-07-06 21:22:37
ORD-55EAC49442,CUST007837,SES031740,PROD000853,3,93765,281295,Wallet,paid,2026-07-02 21:36:42
ORD-ACD4555992,CUST005895,SES031743,PROD000409,3,73990,221970,UPI,paid,2026-07-12 06:35:22
ORD-00FBDE20F8,CUST000969,SES031751,PROD001116,3,14354,43062,Debit Card,paid,2026-07-12 13:05:47
ORD-B95B48D1A8,CUST009875,SES031756,PROD000532,2,20013,40026,Credit Card,paid,2026-07-23 01:58:54
ORD-2F42FCA135,CUST005371,SES031763,PROD001794,1,58239,58239,Credit Card,paid,2026-07-20 15:41:51
ORD-19A39C8141,CUST009202,SES031765,PROD000651,3,68016,204048,UPI,paid,2026-07-05 09:16:49
ORD-DCCB7435CD,CUST004333,SES031781,PROD001258,3,14576,43728,UPI,paid,2026-07-21 09:05:51
ORD-DF593D7980,CUST000382,SES031784,PROD001336,3,54141,162423,Cash on Delivery,paid,2026-07-08 19:30:12
ORD-13348D8A14,CUST002350,SES031798,PROD000736,3,80963,242889,UPI,paid,2026-07-05 23:17:12
ORD-C7CC4B105B,CUST004207,SES031801,PROD001515,2,45939,91878,UPI,paid,2026-07-21 02:16:02
ORD-E67F330F9E,CUST009342,SES031802,PROD001785,2,69858,139716,UPI,paid,2026-07-18 07:45:15
ORD-4D2C4F7091,CUST002480,SES031808,PROD001439,1,83195,83195,UPI,paid,2026-07-10 20:41:03
ORD-29E5A16C42,CUST007170,SES031813,PROD001751,2,25137,50274,Credit Card,refunded,2026-06-25 23:28:46
ORD-0AF30FCDBE,CUST009164,SES031814,PROD001292,1,812,812,UPI,paid,2026-07-03 12:37:38
ORD-323A3023DB,CUST001656,SES031816,PROD001070,2,25804,51608,UPI,paid,2026-07-02 21:02:22
ORD-4D824E4F60,CUST008812,SES031817,PROD000695,1,69027,69027,Debit Card,paid,2026-06-30 04:18:55
ORD-F266C0F804,CUST002094,SES031828,PROD000140,3,34926,104778,Cash on Delivery,paid,2026-06-29 01:02:32
ORD-963912FFF0,CUST001039,SES031838,PROD001752,1,20337,20337,UPI,paid,2026-07-16 16:19:21
ORD-62D280B491,CUST003723,SES031840,PROD001067,2,47200,94400,UPI,paid,2026-07-18 15:17:20
ORD-F2148EA7C8,CUST005412,SES031849,PROD001616,3,49091,147273,UPI,paid,2026-07-05 19:47:20
ORD-14A9577983,CUST004987,SES031857,PROD000667,1,12556,12556,Wallet,cancelled,2026-06-28 17:00:10
ORD-DFD21EB82C,CUST004468,SES031872,PROD000863,2,465,930,Credit Card,refunded,2026-07-16 13:35:57
ORD-0A9BC6D761,CUST007168,SES031876,PROD000253,1,93426,93426,Wallet,paid,2026-07-03 21:59:39
ORD-85BA380BA8,CUST008873,SES031899,PROD001114,1,65857,65857,UPI,paid,2026-06-29 01:48:36
ORD-892E86EA52,CUST009289,SES031900,PROD001223,2,24326,48652,Debit Card,paid,2026-07-19 07:42:53
ORD-573545A063,CUST000648,SES031904,PROD000119,1,18625,18625,Credit Card,paid,2026-07-18 22:16:47
ORD-39F38D0557,CUST009332,SES031911,PROD000935,2,79365,158730,UPI,paid,2026-07-25 02:58:01
ORD-D2ADA00376,CUST008616,SES031914,PROD000879,2,3827,7654,Debit Card,paid,2026-07-17 19:23:48
ORD-DE2A12F722,CUST008628,SES031928,PROD001813,3,99286,297858,UPI,paid,2026-07-02 09:43:19
ORD-462E3B351F,CUST007745,SES031930,PROD000959,2,70498,140996,UPI,paid,2026-06-27 08:31:15
ORD-8F38709CFA,CUST008335,SES031946,PROD001604,3,4120,12360,UPI,paid,2026-07-12 01:43:32
ORD-023E63185F,CUST005870,SES031950,PROD000245,3,2264,6792,Credit Card,paid,2026-06-29 03:37:54
ORD-EEED1CF33C,CUST004772,SES031960,PROD000737,1,37602,37602,UPI,paid,2026-07-19 06:46:43
ORD-A4AE0FDE39,CUST007079,SES031965,PROD000338,1,83105,83105,Credit Card,paid,2026-06-26 09:02:05
ORD-758A008CB4,CUST003688,SES031969,PROD000755,1,3769,3769,UPI,paid,2026-06-28 21:32:54
ORD-4FEC9D6452,CUST007518,SES031970,PROD001373,3,91836,275508,Cash on Delivery,paid,2026-07-16 12:34:33
ORD-3B91953755,CUST002069,SES031973,PROD000406,2,56577,113154,Cash on Delivery,paid,2026-07-09 21:25:20
ORD-EC765AFF0B,CUST000350,SES031975,PROD001518,2,6881,13762,Credit Card,paid,2026-07-08 02:24:52
ORD-7CA07A071D,CUST008484,SES031988,PROD000342,1,86336,86336,Wallet,paid,2026-07-14 09:49:41
ORD-741E7D5BFC,CUST006966,SES032005,PROD001453,1,29741,29741,UPI,refunded,2026-07-22 17:13:01
ORD-7DDBA13378,CUST000116,SES032014,PROD001357,1,99642,99642,UPI,paid,2026-07-19 11:49:19
ORD-67246E698E,CUST006181,SES032015,PROD000096,2,12841,25682,Credit Card,paid,2026-07-07 06:39:38
ORD-537E9519DB,CUST005248,SES032025,PROD000969,2,21261,42522,Debit Card,paid,2026-07-25 00:39:00
ORD-EC313CB0C2,CUST009819,SES032031,PROD000028,3,85703,257109,Credit Card,paid,2026-07-24 12:31:03
ORD-691B18651A,CUST004432,SES032036,PROD000735,1,95281,95281,Credit Card,paid,2026-07-11 22:22:48
ORD-6E91A431EB,CUST004953,SES032040,PROD001913,1,15068,15068,Cash on Delivery,paid,2026-07-10 14:31:55
ORD-42B02FE130,CUST004762,SES032043,PROD001864,3,16340,49020,UPI,paid,2026-07-21 03:09:00
ORD-AF31A8004A,CUST003614,SES032053,PROD001463,2,33663,67326,UPI,paid,2026-07-19 01:41:50
ORD-202260CBC7,CUST003133,SES032056,PROD000752,3,12968,38904,Debit Card,paid,2026-06-30 04:27:41
ORD-CA95CAB3CC,CUST007272,SES032058,PROD001721,3,58075,174225,Credit Card,paid,2026-07-08 01:19:04
ORD-965389FFDD,CUST007998,SES032070,PROD001921,1,19477,19477,Debit Card,paid,2026-07-19 05:15:16
ORD-A015C677A2,CUST001452,SES032072,PROD000047,2,13008,26016,Wallet,paid,2026-07-18 12:56:20
ORD-130E984174,CUST005060,SES032074,PROD000964,1,6279,6279,UPI,paid,2026-07-06 01:41:18
ORD-ED85918E04,CUST001846,SES032075,PROD001133,1,25546,25546,Wallet,paid,2026-06-28 10:20:57
ORD-858005DCF9,CUST001657,SES032083,PROD000855,3,73219,219657,Debit Card,paid,2026-07-16 23:57:14
ORD-37B0E16893,CUST005609,SES032089,PROD001934,1,62704,62704,UPI,paid,2026-07-10 00:45:22
ORD-7F3E3DFDD2,CUST004835,SES032094,PROD001838,2,43452,86904,Debit Card,refunded,2026-07-16 03:33:21
ORD-F3CBDC3865,CUST000620,SES032105,PROD001558,3,99590,298770,Debit Card,paid,2026-07-14 18:55:16
ORD-C63F17725D,CUST005936,SES032107,PROD000483,3,53567,160701,UPI,paid,2026-07-03 01:15:31
ORD-926C1D6B81,CUST000957,SES032108,PROD000863,1,465,465,Cash on Delivery,paid,2026-07-13 10:40:28
ORD-FD82E5B41E,CUST005039,SES032119,PROD001539,3,81084,243252,UPI,paid,2026-06-26 18:59:24
ORD-71404C8E2D,CUST003556,SES032128,PROD001698,1,79648,79648,Cash on Delivery,refunded,2026-07-05 03:18:43
ORD-6CAFB9807B,CUST008809,SES032131,PROD001084,2,4758,9516,UPI,paid,2026-07-10 09:18:32
ORD-304B14C904,CUST002892,SES032140,PROD001820,2,65935,131870,UPI,paid,2026-07-12 06:46:57
ORD-8A874D7BB8,CUST002829,SES032156,PROD000791,2,80331,160662,Credit Card,paid,2026-06-27 20:59:13
ORD-62671369D4,CUST002593,SES032162,PROD001399,3,86380,259140,UPI,paid,2026-07-07 03:39:47
ORD-E6AA15A8CD,CUST001277,SES032171,PROD001833,2,6864,13728,UPI,paid,2026-07-09 10:49:19
ORD-28A8BBA77F,CUST005531,SES032182,PROD000574,1,6945,6945,Credit Card,paid,2026-07-18 08:10:06
ORD-66E1DA18CE,CUST006237,SES032196,PROD000550,2,43730,87460,UPI,paid,2026-07-17 01:51:52
ORD-0F33A7C6E5,CUST000573,SES032204,PROD000406,3,56577,169731,Credit Card,paid,2026-07-24 17:21:48
ORD-AE633B4390,CUST001473,SES032219,PROD001268,2,45907,91814,Credit Card,paid,2026-07-16 09:12:00
ORD-8ABC4DC22B,CUST005175,SES032221,PROD000002,2,12061,24122,Credit Card,paid,2026-07-10 16:13:28
ORD-1282A7B263,CUST002014,SES032234,PROD001817,1,86357,86357,Credit Card,cancelled,2026-07-23 22:24:36
ORD-25AEA1FC5C,CUST003787,SES032238,PROD000860,1,59485,59485,Debit Card,paid,2026-07-12 13:44:31
ORD-43741C06FB,CUST000996,SES032245,PROD000008,3,30294,90882,UPI,paid,2026-07-05 17:14:12
ORD-CC24F80E23,CUST005154,SES032247,PROD000698,2,21440,42880,UPI,paid,2026-07-04 01:38:50
ORD-A0B8DAE052,CUST003576,SES032253,PROD000263,2,80878,161756,Debit Card,paid,2026-06-30 06:45:07
ORD-A05ADF1C35,CUST002010,SES032266,PROD001725,1,19126,19126,Wallet,paid,2026-07-05 06:53:11
ORD-0B06EC676D,CUST006859,SES032286,PROD000010,1,94666,94666,Debit Card,paid,2026-06-30 15:20:38
ORD-5A03367EDF,CUST001683,SES032303,PROD001295,1,716,716,UPI,paid,2026-06-25 22:34:33
ORD-F8194E897F,CUST008971,SES032315,PROD000090,1,24437,24437,Debit Card,paid,2026-07-25 13:05:02
ORD-7A638C5B21,CUST003629,SES032324,PROD001632,2,59065,118130,UPI,paid,2026-07-22 21:59:59
ORD-CB8DDA50AC,CUST009048,SES032330,PROD000773,2,29235,58470,Debit Card,paid,2026-07-07 08:48:14
ORD-0F85E14C51,CUST003012,SES032331,PROD000925,3,23164,69492,Cash on Delivery,paid,2026-07-07 18:30:54
ORD-B02134086D,CUST009193,SES032341,PROD000572,1,60174,60174,UPI,paid,2026-07-24 13:04:25
ORD-983E95C8D9,CUST004816,SES032347,PROD001147,1,97367,97367,UPI,paid,2026-07-08 23:45:24
ORD-84A2C7B59B,CUST005844,SES032367,PROD001867,1,48720,48720,Credit Card,paid,2026-07-25 08:32:40
ORD-D5B03C4A88,CUST001964,SES032375,PROD000771,1,66289,66289,Wallet,paid,2026-06-28 07:22:06
ORD-4502DD982B,CUST004232,SES032384,PROD000659,1,85888,85888,Wallet,paid,2026-06-26 06:52:32
ORD-A9FD994B88,CUST009216,SES032385,PROD001895,3,47379,142137,UPI,paid,2026-07-13 18:05:24
ORD-8DEB6AAD41,CUST007464,SES032392,PROD000983,1,25878,25878,UPI,paid,2026-07-02 08:47:42
ORD-238E047898,CUST000764,SES032414,PROD001811,2,49478,98956,Debit Card,paid,2026-07-23 10:13:52
ORD-A463211851,CUST004954,SES032417,PROD000631,1,90199,90199,UPI,paid,2026-07-05 15:06:25
ORD-D9D901B243,CUST002043,SES032419,PROD001286,2,93558,187116,Credit Card,paid,2026-07-05 21:11:18
ORD-687C142EAA,CUST007736,SES032443,PROD001550,1,14396,14396,Cash on Delivery,cancelled,2026-07-21 06:51:38
ORD-2C3EBC135A,CUST007124,SES032445,PROD000177,2,21031,42062,UPI,paid,2026-07-18 04:35:28
ORD-BE2CA0F106,CUST000553,SES032453,PROD000653,2,70419,140838,UPI,paid,2026-07-10 04:22:45
ORD-C06AA1502A,CUST006396,SES032454,PROD001321,3,25490,76470,UPI,paid,2026-06-29 02:20:30
ORD-7EACF7EC42,CUST009152,SES032456,PROD000870,1,6604,6604,UPI,paid,2026-07-12 01:21:00
ORD-860789B2EE,CUST006642,SES032466,PROD001377,2,33225,66450,UPI,paid,2026-07-18 19:16:22
ORD-085203AECA,CUST007589,SES032469,PROD001631,2,33464,66928,UPI,paid,2026-07-06 14:35:56
ORD-2EF789C91B,CUST008044,SES032473,PROD001697,2,80882,161764,Wallet,paid,2026-07-02 06:08:53
ORD-5907361B6E,CUST009802,SES032488,PROD000943,2,19736,39472,Debit Card,paid,2026-07-22 16:17:41
ORD-9D5E7EFECE,CUST004781,SES032518,PROD000562,2,36198,72396,Credit Card,paid,2026-07-20 07:16:54
ORD-835FB4BBD4,CUST000790,SES032522,PROD000338,2,83105,166210,UPI,paid,2026-07-01 11:50:59
ORD-565C089474,CUST008755,SES032530,PROD001191,2,41410,82820,UPI,paid,2026-07-07 07:01:06
ORD-185C048598,CUST007676,SES032536,PROD001348,3,56152,168456,Debit Card,paid,2026-07-22 23:02:01
ORD-AEC71DAFA4,CUST003783,SES032541,PROD001741,1,8593,8593,UPI,paid,2026-07-05 22:17:27
ORD-D14098F740,CUST005315,SES032549,PROD001152,1,48173,48173,UPI,paid,2026-07-09 09:19:19
ORD-AACC754F55,CUST004248,SES032563,PROD000648,1,97994,97994,UPI,refunded,2026-07-10 22:53:57
ORD-ACD9C569DA,CUST005183,SES032581,PROD000563,1,34591,34591,Credit Card,paid,2026-07-16 19:35:37
ORD-F7809A1877,CUST007419,SES032587,PROD001797,3,74034,222102,Credit Card,paid,2026-07-25 10:41:46
ORD-2406F83AF4,CUST009220,SES032594,PROD000991,2,46190,92380,Credit Card,paid,2026-07-10 17:55:31
ORD-37A63C99F3,CUST008741,SES032603,PROD001885,3,66746,200238,UPI,paid,2026-07-10 20:20:06
ORD-5668118C50,CUST006365,SES032606,PROD000424,2,29049,58098,Credit Card,paid,2026-06-26 04:00:32
ORD-2D2F07B914,CUST005030,SES032607,PROD001872,2,32557,65114,Wallet,paid,2026-07-06 21:27:03
ORD-500C59801C,CUST001879,SES032614,PROD001918,3,17647,52941,UPI,refunded,2026-07-14 01:46:02
ORD-EB7A7A6D2C,CUST007263,SES032635,PROD001452,2,87792,175584,Credit Card,paid,2026-06-30 07:41:41
ORD-1DFBFF8E0F,CUST007482,SES032646,PROD000213,3,35623,106869,UPI,paid,2026-07-06 20:12:12
ORD-EBB72959AE,CUST004174,SES032652,PROD000602,3,42869,128607,UPI,paid,2026-07-25 04:47:02
ORD-049E3CF249,CUST005255,SES032665,PROD001522,2,68365,136730,UPI,cancelled,2026-07-15 01:54:48
ORD-BAD01B70BE,CUST007535,SES032668,PROD000069,3,20286,60858,Cash on Delivery,paid,2026-07-04 17:22:03
ORD-567AF8F730,CUST008552,SES032695,PROD000523,2,44363,88726,UPI,paid,2026-07-12 11:26:31
ORD-2AF62523B8,CUST002594,SES032696,PROD000947,2,34169,68338,Credit Card,cancelled,2026-07-21 22:05:26
ORD-76332EE42D,CUST002221,SES032718,PROD000518,2,66393,132786,Debit Card,paid,2026-07-17 03:51:57
ORD-048ECA69D7,CUST004472,SES032726,PROD001505,3,28973,86919,UPI,paid,2026-07-17 16:14:30
ORD-3D4FE953F0,CUST005142,SES032733,PROD001446,2,50513,101026,UPI,paid,2026-07-03 04:23:51
ORD-20DD74B845,CUST005559,SES032740,PROD001452,3,87792,263376,UPI,refunded,2026-07-17 03:06:49
ORD-682FADE29F,CUST001790,SES032747,PROD001168,1,39939,39939,UPI,paid,2026-07-08 17:01:02
ORD-5274343208,CUST001412,SES032760,PROD001544,2,12948,25896,Credit Card,paid,2026-07-22 22:52:29
ORD-1DF41E3729,CUST005702,SES032764,PROD001569,2,33703,67406,Cash on Delivery,paid,2026-06-28 14:24:49
ORD-0F65D43C51,CUST002936,SES032770,PROD001632,1,59065,59065,UPI,cancelled,2026-07-22 12:26:33
ORD-99BDF56F4E,CUST000805,SES032772,PROD001441,3,40107,120321,UPI,paid,2026-07-01 03:14:03
ORD-156F7988B4,CUST003850,SES032778,PROD000528,3,60515,181545,Wallet,paid,2026-07-11 20:29:40
ORD-631B57C129,CUST006279,SES032787,PROD000748,3,46948,140844,Debit Card,paid,2026-07-14 02:45:48
ORD-C891A39A8B,CUST004124,SES032789,PROD001257,3,52531,157593,Wallet,paid,2026-07-04 13:17:28
ORD-9D267354B0,CUST008286,SES032805,PROD000292,3,96828,290484,UPI,paid,2026-07-12 19:11:19
ORD-29BA93B756,CUST009392,SES032821,PROD001448,3,26437,79311,Credit Card,paid,2026-07-17 00:44:19
ORD-28FA2D8A2D,CUST007892,SES032824,PROD001992,3,72935,218805,UPI,paid,2026-07-13 08:59:13
ORD-FCCCD8F7D6,CUST007615,SES032825,PROD001144,1,55243,55243,Credit Card,paid,2026-06-30 04:01:03
ORD-3C1260A57D,CUST005022,SES032827,PROD001199,2,97680,195360,UPI,paid,2026-06-30 07:32:15
ORD-002E9F2D7C,CUST008942,SES032841,PROD001083,2,64320,128640,Wallet,paid,2026-06-30 21:51:34
ORD-1A067215C3,CUST002988,SES032847,PROD000091,1,12408,12408,UPI,paid,2026-07-03 14:39:25
ORD-25D283B4B0,CUST002573,SES032860,PROD001140,3,67187,201561,Wallet,paid,2026-07-05 07:14:40
ORD-20FA253CB0,CUST001350,SES032863,PROD000452,1,1102,1102,Cash on Delivery,paid,2026-07-01 02:10:23
ORD-1FA29CB9FE,CUST009715,SES032870,PROD000777,1,28164,28164,Cash on Delivery,paid,2026-07-23 20:54:27
ORD-88DC0312A9,CUST003564,SES032875,PROD001321,3,25490,76470,UPI,paid,2026-06-29 11:02:33
ORD-FE302B6FCA,CUST002615,SES032877,PROD001968,1,16568,16568,Credit Card,cancelled,2026-07-20 15:14:42
ORD-8C49494FA0,CUST001413,SES032888,PROD001693,3,35522,106566,UPI,paid,2026-07-18 03:01:52
ORD-BA380C66A8,CUST004792,SES032897,PROD000431,1,58402,58402,Debit Card,paid,2026-07-22 16:40:45
ORD-32CB3B4D82,CUST000224,SES032907,PROD001698,3,79648,238944,UPI,paid,2026-06-29 07:43:31
ORD-67FF0A539E,CUST000603,SES032908,PROD001628,3,14294,42882,Wallet,paid,2026-07-10 09:38:59
ORD-A862796E81,CUST007309,SES032929,PROD000139,3,29521,88563,UPI,paid,2026-07-08 14:46:28
ORD-28C06C9C35,CUST000791,SES032952,PROD001336,2,54141,108282,Cash on Delivery,paid,2026-07-05 09:35:06
ORD-121AB63D8A,CUST008877,SES032960,PROD000294,1,22551,22551,UPI,paid,2026-07-16 14:01:53
ORD-9A91C02A83,CUST008358,SES032972,PROD001743,1,67084,67084,UPI,paid,2026-06-28 18:55:29
ORD-362132B772,CUST000806,SES032990,PROD000076,1,71111,71111,Debit Card,paid,2026-06-28 05:27:10
ORD-8FB79F5ED8,CUST008762,SES032998,PROD000836,2,45882,91764,Credit Card,paid,2026-07-04 17:54:59
ORD-8A6C7D887C,CUST007807,SES033004,PROD001075,1,87108,87108,UPI,paid,2026-07-09 06:49:32
ORD-ECF637E9DC,CUST005668,SES033013,PROD000672,2,6494,12988,UPI,paid,2026-07-04 23:32:16
ORD-C08B7D9D25,CUST007208,SES033016,PROD000412,3,8389,25167,Credit Card,paid,2026-07-07 22:29:41
ORD-587F52A77C,CUST002026,SES033030,PROD000760,1,22701,22701,UPI,paid,2026-06-28 18:41:58
ORD-5633762EF8,CUST007791,SES033035,PROD001099,1,38919,38919,UPI,paid,2026-07-18 19:03:10
ORD-C11CECDB94,CUST007447,SES033036,PROD000221,1,25227,25227,Cash on Delivery,paid,2026-07-06 20:17:33
ORD-5091D56048,CUST008070,SES033042,PROD000090,3,24437,73311,Debit Card,paid,2026-07-19 05:45:51
ORD-14F05F5AA0,CUST008169,SES033044,PROD000178,1,32893,32893,UPI,paid,2026-07-21 16:22:20
ORD-A746E41B4B,CUST002928,SES033048,PROD000856,1,54666,54666,Debit Card,paid,2026-07-25 08:50:37
ORD-57BD04D57A,CUST002318,SES033052,PROD001420,1,13340,13340,UPI,paid,2026-07-13 19:46:04
ORD-044934D394,CUST002229,SES033058,PROD001178,3,7099,21297,UPI,paid,2026-07-19 02:17:21
ORD-053A743716,CUST001664,SES033060,PROD000583,2,4763,9526,Debit Card,paid,2026-07-08 21:36:41
ORD-D864B1CB63,CUST005587,SES033066,PROD000736,2,80963,161926,Credit Card,paid,2026-07-25 08:07:48
ORD-C95E5415C5,CUST006976,SES033070,PROD000391,1,98180,98180,UPI,paid,2026-07-19 10:17:05
ORD-B2CB0295F1,CUST009392,SES033073,PROD001470,2,37806,75612,Debit Card,paid,2026-07-15 14:34:26
ORD-58C0BD5073,CUST002636,SES033080,PROD000872,2,16859,33718,UPI,paid,2026-07-07 05:50:49
ORD-714E49E2FC,CUST000115,SES033084,PROD000881,2,75805,151610,UPI,refunded,2026-07-21 12:13:25
ORD-711188D8B3,CUST006346,SES033088,PROD000036,2,72342,144684,Credit Card,paid,2026-07-23 01:44:21
ORD-D505A5CCDB,CUST002771,SES033109,PROD001002,1,82268,82268,UPI,paid,2026-07-09 02:06:42
ORD-F41CF68259,CUST005618,SES033112,PROD001124,2,53823,107646,Debit Card,paid,2026-07-14 03:45:37
ORD-14D534DC61,CUST000898,SES033115,PROD001444,3,66128,198384,Cash on Delivery,paid,2026-07-17 06:16:09
ORD-90A619FADC,CUST007676,SES033118,PROD000197,2,97393,194786,UPI,paid,2026-07-24 10:10:08
ORD-6C98BEBA79,CUST003831,SES033123,PROD000177,3,21031,63093,Credit Card,paid,2026-07-22 19:13:50
ORD-DB852F5986,CUST000287,SES033124,PROD000617,2,67675,135350,UPI,paid,2026-07-15 04:47:56
ORD-EAA5DDF532,CUST004399,SES033129,PROD000538,3,84094,252282,UPI,paid,2026-07-12 15:33:47
ORD-925B500787,CUST006417,SES033139,PROD001602,3,23847,71541,Cash on Delivery,paid,2026-06-27 15:32:06
ORD-F6BEC7E978,CUST003068,SES033145,PROD000468,1,92394,92394,UPI,paid,2026-07-08 18:38:44
ORD-CADC294737,CUST005557,SES033151,PROD000685,1,45389,45389,UPI,paid,2026-06-29 16:43:59
ORD-88DADAD58D,CUST005484,SES033156,PROD000719,2,41815,83630,UPI,paid,2026-07-25 09:13:28
ORD-9A858D7583,CUST005079,SES033161,PROD001598,3,50949,152847,UPI,paid,2026-06-28 10:30:22
ORD-735D93E2E0,CUST008982,SES033169,PROD000846,1,73329,73329,Credit Card,paid,2026-07-18 19:54:47
ORD-E0C3853F37,CUST008741,SES033170,PROD001849,2,21937,43874,Wallet,refunded,2026-07-03 10:39:59
ORD-2AC6E8A8C1,CUST004075,SES033172,PROD000194,2,31470,62940,Credit Card,paid,2026-06-27 06:05:33
ORD-2CB7075035,CUST001171,SES033176,PROD001609,2,54045,108090,Wallet,paid,2026-07-22 18:18:46
ORD-44A6797AAF,CUST003577,SES033178,PROD001575,2,79752,159504,Debit Card,paid,2026-06-26 21:06:25
ORD-5C3AC83FF2,CUST001005,SES033182,PROD000168,3,60306,180918,UPI,paid,2026-07-24 12:01:55
ORD-75E4A9A316,CUST000702,SES033183,PROD000461,1,62165,62165,UPI,paid,2026-07-22 18:50:52
ORD-58C84A8F0D,CUST003829,SES033185,PROD001982,1,8607,8607,UPI,paid,2026-07-21 05:45:27
ORD-A20A61A7CA,CUST002745,SES033194,PROD001063,1,82807,82807,Debit Card,paid,2026-07-02 12:19:31
ORD-ED20A1F5C5,CUST002518,SES033197,PROD001866,3,55062,165186,UPI,paid,2026-07-22 14:23:46
ORD-C586C7D21A,CUST004498,SES033205,PROD001290,3,5476,16428,UPI,paid,2026-07-08 14:20:25
ORD-816D3032BB,CUST000657,SES033207,PROD001519,1,45443,45443,Credit Card,paid,2026-07-24 19:49:53
ORD-D81AAA3E4D,CUST009076,SES033231,PROD001162,3,20140,60420,Credit Card,cancelled,2026-07-15 09:13:28
ORD-88D48B17AD,CUST009159,SES033236,PROD001578,1,67109,67109,Cash on Delivery,paid,2026-06-26 11:54:50
ORD-51A59CB831,CUST001190,SES033240,PROD001601,3,58442,175326,Debit Card,paid,2026-07-03 23:46:44
ORD-D071303BC5,CUST000212,SES033258,PROD000712,2,58936,117872,Wallet,cancelled,2026-07-16 05:05:08
ORD-CAFA6166C0,CUST009596,SES033263,PROD001858,2,42034,84068,UPI,paid,2026-07-15 19:46:28
ORD-8F5B6EF4D6,CUST003896,SES033269,PROD000317,2,7525,15050,UPI,paid,2026-06-27 05:50:40
ORD-37B4007136,CUST005782,SES033271,PROD001514,2,78015,156030,UPI,paid,2026-07-06 13:57:31
ORD-142141654D,CUST004398,SES033272,PROD001563,3,90115,270345,Wallet,paid,2026-07-19 11:36:25
ORD-537EB16BE7,CUST009577,SES033280,PROD001712,1,99469,99469,Debit Card,paid,2026-07-10 19:23:59
ORD-536C828889,CUST005383,SES033288,PROD001269,1,84392,84392,Credit Card,paid,2026-06-27 01:50:21
ORD-A2F30A5856,CUST007034,SES033298,PROD001840,3,95890,287670,UPI,paid,2026-07-12 07:17:06
ORD-22842D41FF,CUST002651,SES033307,PROD001688,2,52765,105530,Cash on Delivery,paid,2026-07-14 15:43:11
ORD-46C649DD7F,CUST007267,SES033315,PROD000555,3,38604,115812,Credit Card,paid,2026-07-13 08:20:03
ORD-4718DFABFA,CUST009057,SES033322,PROD000259,2,80179,160358,Credit Card,paid,2026-07-20 14:36:37
ORD-28E1DDED9E,CUST005929,SES033336,PROD000969,3,21261,63783,Cash on Delivery,paid,2026-07-19 13:05:06
ORD-848328797A,CUST001104,SES033340,PROD001029,2,13720,27440,UPI,paid,2026-06-29 06:29:40
ORD-D435195648,CUST005120,SES033354,PROD001318,1,34714,34714,Credit Card,paid,2026-07-14 18:37:37
ORD-E9CD99943C,CUST008874,SES033366,PROD001656,2,51606,103212,UPI,paid,2026-07-25 20:21:31
ORD-46CE27BBF3,CUST001125,SES033374,PROD000583,1,4763,4763,UPI,paid,2026-07-20 16:21:21
ORD-78CC2F2D41,CUST002020,SES033381,PROD001766,2,83392,166784,Debit Card,paid,2026-07-07 00:35:37
ORD-57F32341F4,CUST007787,SES033385,PROD001493,1,73101,73101,UPI,paid,2026-07-04 05:18:13
ORD-7BEC18D8A3,CUST002127,SES033387,PROD001628,3,14294,42882,Credit Card,refunded,2026-07-19 15:50:14
ORD-71C9D057E7,CUST006256,SES033401,PROD001607,3,6927,20781,Wallet,paid,2026-06-30 03:49:45
ORD-1D96A86D1C,CUST000823,SES033403,PROD000112,2,45523,91046,UPI,refunded,2026-06-28 13:38:38
ORD-E8AC844B61,CUST007960,SES033406,PROD001048,3,25239,75717,Credit Card,refunded,2026-07-10 15:37:36
ORD-6138BAF8AB,CUST009884,SES033424,PROD000061,3,79494,238482,UPI,paid,2026-07-09 20:02:49
ORD-B55FA58A0D,CUST001407,SES033427,PROD001067,1,47200,47200,Credit Card,cancelled,2026-07-25 18:48:54
ORD-EA50D5B7D1,CUST007578,SES033439,PROD001352,1,38438,38438,Debit Card,paid,2026-06-26 02:33:09
ORD-073279896E,CUST005287,SES033442,PROD001305,3,59745,179235,Credit Card,paid,2026-06-28 06:04:52
ORD-94D7F5CB52,CUST002090,SES033454,PROD000280,1,65439,65439,UPI,paid,2026-07-15 15:25:59
ORD-97C9026A93,CUST007751,SES033455,PROD001837,1,48178,48178,UPI,paid,2026-07-12 06:09:12
ORD-A39C6F1950,CUST004626,SES033466,PROD000636,1,29757,29757,Debit Card,paid,2026-07-17 04:48:58
ORD-DD5E4507DC,CUST003621,SES033469,PROD001819,2,21053,42106,UPI,paid,2026-07-03 19:13:14
ORD-3547D5DEA8,CUST005800,SES033471,PROD001974,2,99516,199032,UPI,paid,2026-07-10 12:00:35
ORD-BBCE8A1DFE,CUST003419,SES033472,PROD001168,3,39939,119817,Wallet,paid,2026-07-24 12:42:42
ORD-32BF4D6CA4,CUST006663,SES033476,PROD000648,3,97994,293982,Cash on Delivery,paid,2026-07-21 11:57:41
ORD-F14003DEC9,CUST004380,SES033477,PROD001208,3,32473,97419,UPI,paid,2026-06-28 04:13:23
ORD-50A72099CE,CUST000296,SES033490,PROD001211,2,22624,45248,Debit Card,paid,2026-07-07 02:38:26
ORD-94C06391CE,CUST005362,SES033491,PROD001303,2,3361,6722,UPI,paid,2026-07-12 04:19:40
ORD-340302309F,CUST009719,SES033493,PROD001073,1,28979,28979,Debit Card,paid,2026-07-15 06:47:40
ORD-8229529507,CUST005421,SES033503,PROD000599,3,79872,239616,Credit Card,paid,2026-07-02 13:45:20
ORD-3ECE94BC6C,CUST000119,SES033525,PROD001903,1,85079,85079,UPI,paid,2026-07-12 01:01:07
ORD-C053696B09,CUST008311,SES033536,PROD001921,2,19477,38954,UPI,paid,2026-07-07 18:00:09
ORD-60296B5759,CUST008329,SES033552,PROD001063,3,82807,248421,Credit Card,paid,2026-07-17 23:06:31
ORD-9C1BA46C2B,CUST009319,SES033561,PROD000787,2,59530,119060,UPI,paid,2026-06-26 17:39:41
ORD-7E16355521,CUST009490,SES033574,PROD000245,2,2264,4528,UPI,paid,2026-07-24 10:29:19
ORD-790A9F9374,CUST005270,SES033580,PROD001529,3,76915,230745,UPI,paid,2026-07-20 09:09:44
ORD-B301D8FE88,CUST007573,SES033585,PROD001810,3,95328,285984,UPI,paid,2026-07-03 08:58:56
ORD-AE59513CA7,CUST007835,SES033588,PROD000264,1,24903,24903,Debit Card,refunded,2026-06-30 15:37:41
ORD-1D872BA82E,CUST002994,SES033595,PROD001872,1,32557,32557,Credit Card,paid,2026-07-02 22:24:18
ORD-8A05273B5F,CUST005023,SES033615,PROD001028,3,76740,230220,Wallet,paid,2026-07-17 12:33:10
ORD-15700591B8,CUST007993,SES033629,PROD001989,1,41402,41402,UPI,paid,2026-06-28 10:31:21
ORD-36E7CDA16F,CUST003646,SES033630,PROD001481,1,90409,90409,UPI,paid,2026-07-08 19:58:36
ORD-04E84AF3FC,CUST000458,SES033639,PROD001577,1,34108,34108,UPI,paid,2026-07-18 01:52:32
ORD-5A6BDF19EA,CUST005263,SES033655,PROD001833,2,6864,13728,Wallet,paid,2026-07-16 18:06:09
ORD-C01350B2C2,CUST008353,SES033659,PROD001919,1,13874,13874,Cash on Delivery,paid,2026-07-07 16:14:44
ORD-51A0F845DF,CUST001066,SES033662,PROD001804,3,7156,21468,Credit Card,paid,2026-07-13 08:02:00
ORD-4A5B471641,CUST002799,SES033667,PROD000552,2,21816,43632,UPI,paid,2026-07-09 19:35:17
ORD-4C0462AA4A,CUST004600,SES033668,PROD001091,1,9458,9458,Credit Card,paid,2026-07-03 10:24:41
ORD-5AB328C516,CUST006803,SES033674,PROD000596,3,85269,255807,Credit Card,paid,2026-07-09 03:27:29
ORD-BBCFD9B633,CUST008767,SES033684,PROD000860,2,59485,118970,Credit Card,refunded,2026-06-27 17:03:54
ORD-6DD76127A7,CUST009278,SES033693,PROD000805,1,82192,82192,UPI,paid,2026-07-13 09:16:25
ORD-AA44559344,CUST007696,SES033698,PROD000172,1,99391,99391,UPI,paid,2026-06-29 11:38:10
ORD-3387E26056,CUST004199,SES033717,PROD001338,1,24503,24503,UPI,refunded,2026-07-02 12:27:33
ORD-DCDE292B0C,CUST006151,SES033718,PROD000214,3,47041,141123,UPI,paid,2026-07-15 00:01:10
ORD-C7C490E105,CUST004721,SES033720,PROD000314,2,4324,8648,Cash on Delivery,paid,2026-07-06 20:09:21
ORD-90FC6ED4F7,CUST006809,SES033726,PROD000412,1,8389,8389,Credit Card,paid,2026-07-09 03:11:20
ORD-C99FE9407B,CUST005121,SES033730,PROD000955,2,56690,113380,Debit Card,paid,2026-07-15 11:20:28
ORD-89C4370C8E,CUST009448,SES033734,PROD001393,3,19426,58278,Cash on Delivery,cancelled,2026-07-01 03:31:58
ORD-A6B4D03BC4,CUST006607,SES033746,PROD001943,3,22259,66777,Credit Card,paid,2026-06-29 14:10:02
ORD-3FA40F81CA,CUST002874,SES033747,PROD001115,2,1722,3444,Credit Card,paid,2026-07-22 17:37:25
ORD-AB92B16379,CUST005291,SES033748,PROD000874,2,63812,127624,Credit Card,paid,2026-07-21 09:40:06
ORD-A67257D0C9,CUST007177,SES033752,PROD001742,2,14978,29956,UPI,paid,2026-07-05 09:25:16
ORD-9DF9CDFD2C,CUST009743,SES033777,PROD000560,2,81912,163824,UPI,paid,2026-06-29 02:13:13
ORD-CDAE1955AE,CUST003010,SES033779,PROD001350,2,40907,81814,UPI,paid,2026-07-09 15:32:42
ORD-28297DAD75,CUST000118,SES033781,PROD001049,1,50619,50619,UPI,paid,2026-07-09 13:20:10
ORD-EC5C45994F,CUST006567,SES033782,PROD000106,3,87011,261033,UPI,refunded,2026-07-05 01:52:46
ORD-EF583A38B5,CUST005368,SES033783,PROD001552,1,44124,44124,Debit Card,paid,2026-07-18 17:52:58
ORD-BC89DB8F69,CUST002845,SES033784,PROD000293,1,12479,12479,Debit Card,paid,2026-07-07 11:28:40
ORD-DBC1902067,CUST000938,SES033791,PROD000182,2,80396,160792,Debit Card,paid,2026-06-28 21:38:28
ORD-8F2CC363A5,CUST000334,SES033797,PROD001291,3,19662,58986,Debit Card,paid,2026-07-18 09:21:47
ORD-765DEC901A,CUST006464,SES033802,PROD000284,3,331,993,Wallet,paid,2026-06-29 02:47:03
ORD-F51970A2D0,CUST004119,SES033803,PROD000087,2,42350,84700,UPI,paid,2026-07-21 10:01:03
ORD-0FE036184F,CUST001068,SES033805,PROD000143,2,83593,167186,UPI,paid,2026-07-21 11:30:20
ORD-EB7E223BB2,CUST007433,SES033807,PROD000249,1,90746,90746,Credit Card,paid,2026-07-03 08:18:45
ORD-A5AB344287,CUST009793,SES033832,PROD001766,3,83392,250176,UPI,paid,2026-06-28 15:31:43
ORD-D6C2F31FFE,CUST008619,SES033834,PROD000430,2,36611,73222,UPI,paid,2026-07-15 04:51:49
ORD-5062D1EEF8,CUST006479,SES033842,PROD000212,2,16369,32738,Cash on Delivery,paid,2026-07-14 08:41:13
ORD-79ADBAF19C,CUST004044,SES033849,PROD000721,1,92385,92385,UPI,paid,2026-07-14 22:08:45
ORD-7742BB9A41,CUST005860,SES033864,PROD000523,3,44363,133089,UPI,paid,2026-07-06 22:14:46
ORD-D264166D0B,CUST006078,SES033884,PROD001490,1,73344,73344,Credit Card,paid,2026-06-30 20:02:43
ORD-1E1686C5AB,CUST005791,SES033893,PROD001351,2,96459,192918,Credit Card,paid,2026-07-20 04:46:59
ORD-4320134F85,CUST003770,SES033897,PROD001527,3,65251,195753,Cash on Delivery,paid,2026-07-13 06:04:32
ORD-87DBAA0A45,CUST001668,SES033898,PROD001472,2,96404,192808,UPI,paid,2026-07-06 12:49:36
ORD-613033C20D,CUST001832,SES033903,PROD001624,1,4133,4133,UPI,paid,2026-06-30 16:19:33
ORD-AC316632BD,CUST008279,SES033909,PROD001484,3,16303,48909,Credit Card,paid,2026-07-05 04:06:16
ORD-050CB49F79,CUST002693,SES033919,PROD000416,3,81378,244134,Wallet,paid,2026-07-02 19:26:26
ORD-63874F68D2,CUST002869,SES033925,PROD001027,1,7548,7548,UPI,paid,2026-07-02 00:05:25
ORD-3FAF8DA124,CUST007098,SES033929,PROD000342,2,86336,172672,Credit Card,paid,2026-07-14 19:26:06
ORD-DF39CF2682,CUST003445,SES033946,PROD000170,1,11686,11686,UPI,paid,2026-06-30 15:28:28
ORD-8F4CD30A2F,CUST003741,SES033957,PROD001587,1,47538,47538,Wallet,paid,2026-07-02 23:24:59
ORD-8D50E78F04,CUST002960,SES033959,PROD000966,3,48883,146649,UPI,paid,2026-07-15 15:42:41
ORD-CC0CF0BDA5,CUST002163,SES033967,PROD000282,3,13236,39708,Cash on Delivery,paid,2026-07-25 18:24:29
ORD-7C3912143C,CUST001513,SES033969,PROD000056,1,73344,73344,UPI,paid,2026-07-10 17:58:14
ORD-5849FFCE34,CUST005152,SES033975,PROD000201,2,78588,157176,Debit Card,paid,2026-07-15 18:40:43
ORD-7DAD79A422,CUST005286,SES033982,PROD000447,2,41345,82690,UPI,refunded,2026-07-12 01:55:34
ORD-B2A587BDEA,CUST006796,SES033995,PROD000454,1,2831,2831,Credit Card,paid,2026-07-12 06:10:51
ORD-9A7B439605,CUST008296,SES033998,PROD000873,2,84333,168666,UPI,paid,2026-07-14 06:43:58
ORD-0666FE1E5B,CUST005971,SES034003,PROD001178,1,7099,7099,UPI,paid,2026-06-30 22:56:46
ORD-1FE305335C,CUST004041,SES034010,PROD000591,2,74868,149736,Wallet,paid,2026-07-12 00:25:40
ORD-6AB48FB643,CUST009934,SES034011,PROD000471,3,95040,285120,Debit Card,paid,2026-06-26 05:31:09
ORD-26B2F46BB9,CUST006754,SES034012,PROD001039,1,54016,54016,UPI,paid,2026-06-26 08:22:04
ORD-6563947005,CUST006166,SES034022,PROD000696,1,952,952,UPI,paid,2026-07-02 00:35:27
ORD-A70251FAC3,CUST004204,SES034027,PROD001639,3,17773,53319,UPI,paid,2026-06-30 08:54:29
ORD-29CFD54381,CUST001532,SES034029,PROD000697,2,19867,39734,Credit Card,paid,2026-07-09 17:00:41
ORD-3CE6F959F8,CUST000332,SES034031,PROD000201,2,78588,157176,Cash on Delivery,paid,2026-07-13 00:41:23
ORD-7267AE6D0F,CUST007534,SES034035,PROD001319,3,71821,215463,Cash on Delivery,refunded,2026-07-24 02:42:43
ORD-9ED808531C,CUST000188,SES034039,PROD000934,1,2390,2390,UPI,paid,2026-06-27 14:21:00
ORD-3FE8B3967C,CUST005199,SES034041,PROD000366,2,57693,115386,UPI,cancelled,2026-07-17 21:21:05
ORD-E41B80B0E9,CUST004678,SES034068,PROD001315,2,71294,142588,Credit Card,paid,2026-07-13 04:16:35
ORD-959B5576FC,CUST003257,SES034074,PROD000401,3,92074,276222,UPI,paid,2026-07-21 13:40:48
ORD-08665F1495,CUST003816,SES034080,PROD001809,1,27630,27630,Wallet,paid,2026-06-28 20:45:29
ORD-C46143D446,CUST008535,SES034083,PROD000888,1,73881,73881,UPI,paid,2026-07-24 17:38:29
ORD-0DAAEEAFDE,CUST008168,SES034096,PROD001353,2,59241,118482,UPI,paid,2026-07-22 11:53:34
ORD-5C9740E71E,CUST002425,SES034101,PROD000485,2,69846,139692,UPI,cancelled,2026-07-21 00:18:12
ORD-476CCA0481,CUST006705,SES034104,PROD000557,1,61359,61359,UPI,cancelled,2026-07-23 15:17:23
ORD-21E3EDBB6E,CUST002486,SES034106,PROD000543,2,10220,20440,Credit Card,paid,2026-07-04 10:20:54
ORD-7866C7A9DA,CUST001978,SES034112,PROD001988,1,90325,90325,Cash on Delivery,paid,2026-07-06 00:21:47
ORD-BB67F7A233,CUST009209,SES034128,PROD000648,2,97994,195988,Credit Card,paid,2026-07-20 00:50:32
ORD-435174526F,CUST008155,SES034136,PROD001662,3,37459,112377,Cash on Delivery,paid,2026-07-24 23:52:59
ORD-77AD7558F1,CUST001728,SES034137,PROD001526,2,85359,170718,UPI,paid,2026-07-05 11:04:29
ORD-EC008A7BA4,CUST009329,SES034156,PROD000074,2,51456,102912,Wallet,paid,2026-07-16 04:40:27
ORD-9A90F2CC2A,CUST001735,SES034158,PROD001786,1,16361,16361,UPI,paid,2026-07-21 18:37:53
ORD-B0381CECD2,CUST004998,SES034161,PROD001424,3,78071,234213,Debit Card,paid,2026-07-08 12:06:45
ORD-2982EF6504,CUST006225,SES034170,PROD000080,2,65728,131456,UPI,paid,2026-07-24 03:34:20
ORD-3793757DA6,CUST001239,SES034183,PROD001366,1,27869,27869,Credit Card,paid,2026-07-15 16:23:46
ORD-822337D4E7,CUST002886,SES034192,PROD001844,2,24645,49290,UPI,paid,2026-07-21 23:00:08
ORD-290262D556,CUST004375,SES034193,PROD001453,1,29741,29741,UPI,paid,2026-07-02 11:16:11
ORD-FF6F0A3F5B,CUST009731,SES034195,PROD001022,1,41924,41924,Credit Card,paid,2026-07-15 14:29:04
ORD-E16C30D365,CUST000190,SES034200,PROD001514,3,78015,234045,Cash on Delivery,paid,2026-07-20 12:49:17
ORD-D8D7326665,CUST005448,SES034201,PROD000766,3,32109,96327,Credit Card,paid,2026-06-25 20:38:57
ORD-0806E079BB,CUST004755,SES034220,PROD000513,2,21931,43862,Debit Card,paid,2026-07-10 19:08:51
ORD-76F0B3290E,CUST001454,SES034222,PROD001226,3,35761,107283,UPI,paid,2026-07-10 14:27:44
ORD-7C563A31F2,CUST001712,SES034225,PROD000505,3,16673,50019,Cash on Delivery,paid,2026-07-10 02:53:39
ORD-684D3E5BB1,CUST008036,SES034227,PROD000455,2,91204,182408,Debit Card,paid,2026-07-21 02:44:48
ORD-64F85D2A6E,CUST005087,SES034229,PROD000151,2,19908,39816,Wallet,paid,2026-07-08 22:46:48
ORD-467E0D590B,CUST003462,SES034235,PROD000033,1,13055,13055,Debit Card,paid,2026-07-15 07:16:24
ORD-AAD534CFE5,CUST009015,SES034238,PROD000561,2,27565,55130,UPI,paid,2026-07-14 06:32:10
ORD-981823ECED,CUST000222,SES034244,PROD001924,1,89298,89298,Credit Card,cancelled,2026-07-21 01:51:13
ORD-74B9505AA2,CUST007139,SES034245,PROD001625,1,41136,41136,UPI,paid,2026-07-02 00:32:34
ORD-365D25DFC8,CUST008765,SES034246,PROD000047,1,13008,13008,UPI,paid,2026-07-10 19:53:51
ORD-2DC9312C0B,CUST007807,SES034260,PROD001101,2,37593,75186,UPI,cancelled,2026-07-18 03:37:55
ORD-FE9C9B7DC6,CUST004010,SES034265,PROD000308,2,47429,94858,UPI,paid,2026-06-28 19:15:22
ORD-F794495FD5,CUST007119,SES034268,PROD001768,1,60253,60253,Debit Card,cancelled,2026-06-30 16:51:03
ORD-76BA4E6D28,CUST003931,SES034277,PROD001878,1,89920,89920,UPI,paid,2026-07-09 21:51:10
ORD-3DCC9FD4BA,CUST009873,SES034281,PROD001590,3,51358,154074,Debit Card,paid,2026-07-13 04:49:45
ORD-49E6A7A152,CUST004771,SES034285,PROD001419,1,94399,94399,UPI,paid,2026-07-04 11:55:46
ORD-0C657163CE,CUST009256,SES034286,PROD001346,2,59838,119676,Cash on Delivery,paid,2026-06-29 17:16:42
ORD-0F64CE8335,CUST009463,SES034296,PROD001375,1,18300,18300,UPI,paid,2026-07-12 12:38:35
ORD-D5FBF688D9,CUST004383,SES034300,PROD000105,2,13268,26536,Wallet,paid,2026-07-19 00:54:42
ORD-25AE0F188C,CUST000472,SES034304,PROD000867,3,10834,32502,Credit Card,paid,2026-06-26 20:33:33
ORD-4C13889C0A,CUST002058,SES034314,PROD000631,1,90199,90199,Credit Card,paid,2026-07-22 18:27:06
ORD-4F9ED1A3A7,CUST009789,SES034319,PROD001703,1,48234,48234,Credit Card,paid,2026-07-04 17:27:02
ORD-9DADB515B5,CUST004055,SES034327,PROD000523,1,44363,44363,UPI,paid,2026-06-28 13:04:30
ORD-2FF1BDCD85,CUST004698,SES034328,PROD001394,1,61990,61990,Debit Card,paid,2026-07-19 02:34:49
ORD-2A114A09E8,CUST001806,SES034336,PROD000997,3,89649,268947,UPI,paid,2026-06-28 00:29:11
ORD-DF6BE2F453,CUST009159,SES034343,PROD000425,1,18597,18597,Debit Card,cancelled,2026-07-04 13:48:35
ORD-103401FEF8,CUST006444,SES034347,PROD000015,2,7124,14248,UPI,refunded,2026-07-20 21:38:27
ORD-DDFBB06D0A,CUST008930,SES034353,PROD000524,1,48579,48579,Cash on Delivery,paid,2026-07-07 00:33:18
ORD-17B773AC71,CUST006493,SES034355,PROD001297,2,27902,55804,UPI,paid,2026-06-30 20:42:36
ORD-6261162F35,CUST004737,SES034357,PROD001764,1,730,730,Credit Card,paid,2026-07-02 19:02:14
ORD-D3E3037573,CUST004083,SES034362,PROD000363,2,72373,144746,Credit Card,paid,2026-07-06 21:46:06
ORD-4A5D486BDA,CUST000339,SES034364,PROD001689,3,84316,252948,Wallet,paid,2026-07-23 22:09:57
ORD-8AB019ECEA,CUST008919,SES034366,PROD001507,1,87446,87446,UPI,paid,2026-07-21 05:15:41
ORD-878BD356B6,CUST002818,SES034374,PROD000825,2,87226,174452,Debit Card,paid,2026-07-04 20:54:19
ORD-8FE53560D1,CUST009973,SES034384,PROD001072,3,42656,127968,UPI,paid,2026-07-10 12:19:58
ORD-6D75FFBF11,CUST007343,SES034387,PROD000624,1,38373,38373,Credit Card,paid,2026-07-10 05:36:04
ORD-9000866100,CUST007440,SES034388,PROD001587,3,47538,142614,UPI,paid,2026-07-25 00:42:42
ORD-1691FDE504,CUST008213,SES034395,PROD001666,1,93682,93682,UPI,paid,2026-07-19 21:50:51
ORD-ED717C5F47,CUST009253,SES034401,PROD001317,1,15415,15415,Credit Card,paid,2026-07-13 17:55:21
ORD-1A16B02F1D,CUST004284,SES034403,PROD000140,2,34926,69852,UPI,refunded,2026-07-18 16:42:30
ORD-40AD52F323,CUST002867,SES034404,PROD001931,2,96041,192082,UPI,paid,2026-07-04 12:30:14
ORD-DCBD0EA65D,CUST009907,SES034407,PROD000980,3,51392,154176,Credit Card,paid,2026-07-07 12:50:49
ORD-87777A89DC,CUST006386,SES034412,PROD000425,2,18597,37194,Cash on Delivery,paid,2026-07-17 14:42:48
ORD-742DD03BC3,CUST004253,SES034413,PROD001902,2,20377,40754,UPI,paid,2026-07-05 16:58:00
ORD-99B2664D51,CUST008364,SES034434,PROD000784,1,70055,70055,UPI,cancelled,2026-07-08 14:06:38
ORD-BDFF5E6535,CUST003985,SES034443,PROD001767,1,14727,14727,Debit Card,paid,2026-07-01 01:57:01
ORD-66FECB7D00,CUST002889,SES034480,PROD000877,1,70656,70656,UPI,paid,2026-07-24 17:58:05
ORD-F378D77642,CUST006867,SES034483,PROD001973,3,96984,290952,Credit Card,paid,2026-06-29 15:04:43
ORD-1ADC632680,CUST008096,SES034487,PROD001804,2,7156,14312,Credit Card,cancelled,2026-06-28 20:41:26
ORD-9F776377A5,CUST009866,SES034489,PROD000918,2,70002,140004,UPI,paid,2026-07-16 17:00:30
ORD-6BE2D1B744,CUST000029,SES034500,PROD000188,3,45597,136791,UPI,refunded,2026-07-08 03:27:06
ORD-73097F0F07,CUST004678,SES034511,PROD000938,2,47848,95696,UPI,paid,2026-07-05 15:06:35
ORD-68CF4D5F9E,CUST000484,SES034516,PROD000580,3,30749,92247,Wallet,paid,2026-07-09 15:19:50
ORD-FA2AFCC246,CUST004659,SES034521,PROD001411,2,59479,118958,UPI,paid,2026-07-15 08:33:23
ORD-66C244336F,CUST003395,SES034533,PROD000171,1,73153,73153,Cash on Delivery,paid,2026-07-17 11:12:55
ORD-E7B8A1F69E,CUST008980,SES034535,PROD000491,3,30482,91446,Wallet,paid,2026-07-23 15:50:02
ORD-30D12C755E,CUST001193,SES034536,PROD000985,2,75130,150260,UPI,paid,2026-07-12 06:08:08
ORD-9C2798B916,CUST002545,SES034539,PROD001390,2,74835,149670,Debit Card,paid,2026-07-06 09:36:58
ORD-2E7C20E527,CUST009073,SES034541,PROD000272,3,88239,264717,Wallet,paid,2026-07-04 04:29:16
ORD-ED7B66BCEF,CUST005007,SES034580,PROD001006,3,97472,292416,UPI,paid,2026-07-22 19:38:44
ORD-BFAD3F5310,CUST005047,SES034587,PROD000351,2,69235,138470,Credit Card,paid,2026-07-11 09:50:03
ORD-950E485CC5,CUST006338,SES034600,PROD000595,3,38355,115065,Debit Card,refunded,2026-07-05 13:41:45
ORD-A186AEBB89,CUST007342,SES034617,PROD000306,3,60015,180045,Cash on Delivery,paid,2026-07-06 20:47:51
ORD-31A37D4B26,CUST001367,SES034619,PROD000729,2,17328,34656,Wallet,paid,2026-07-13 08:20:17
ORD-257DD2D9A2,CUST005470,SES034620,PROD001539,1,81084,81084,UPI,paid,2026-07-23 18:43:13
ORD-7798F67ECE,CUST001679,SES034634,PROD001208,1,32473,32473,Cash on Delivery,paid,2026-07-23 08:38:11
ORD-3FF1A6AB75,CUST000446,SES034639,PROD001943,1,22259,22259,UPI,paid,2026-07-08 19:30:50
ORD-7E68EF7B33,CUST005251,SES034648,PROD000483,2,53567,107134,UPI,paid,2026-07-16 00:13:55
ORD-B97BD333C0,CUST005413,SES034672,PROD001542,1,34694,34694,UPI,paid,2026-07-18 11:33:56
ORD-5A2A066A46,CUST001375,SES034693,PROD001140,1,67187,67187,Debit Card,paid,2026-06-29 05:59:33
ORD-3D5CC7A332,CUST008397,SES034694,PROD001003,1,33789,33789,UPI,paid,2026-07-07 10:03:56
ORD-527ABC86AA,CUST007705,SES034697,PROD001304,2,54538,109076,UPI,paid,2026-07-17 08:09:09
ORD-56CD361748,CUST006810,SES034698,PROD001019,2,29386,58772,UPI,cancelled,2026-07-03 04:26:46
ORD-EA2A6EB918,CUST007435,SES034700,PROD000926,1,21760,21760,Debit Card,cancelled,2026-06-29 04:22:44
ORD-AA1EDDFC71,CUST001613,SES034709,PROD001035,3,76574,229722,UPI,paid,2026-07-17 06:35:10
ORD-ADCB556821,CUST003868,SES034716,PROD000350,1,44989,44989,Debit Card,paid,2026-06-28 20:32:24
ORD-D6C44622A4,CUST001732,SES034725,PROD000157,2,84379,168758,Credit Card,cancelled,2026-07-16 09:41:05
ORD-DE36D4D923,CUST005589,SES034726,PROD000404,2,1330,2660,UPI,paid,2026-07-02 05:46:30
ORD-236AC2F775,CUST003527,SES034730,PROD001624,1,4133,4133,Credit Card,paid,2026-06-26 16:41:37
ORD-186FD0C0A7,CUST001736,SES034733,PROD001920,2,99252,198504,Debit Card,paid,2026-07-07 11:57:52
ORD-09DA5F7223,CUST006011,SES034734,PROD001484,3,16303,48909,Wallet,paid,2026-07-03 04:02:38
ORD-FC4602D90C,CUST008058,SES034735,PROD001270,2,94122,188244,UPI,paid,2026-07-10 04:59:36
ORD-2C8C6C3E58,CUST002297,SES034737,PROD001960,3,11769,35307,UPI,paid,2026-06-30 12:33:13
ORD-1806184B09,CUST007024,SES034743,PROD000312,2,81882,163764,Cash on Delivery,paid,2026-07-19 05:47:36
ORD-5A941F84CD,CUST004237,SES034746,PROD001806,1,18978,18978,UPI,paid,2026-07-16 09:35:43
ORD-82CD3DE31C,CUST005488,SES034755,PROD001895,1,47379,47379,Cash on Delivery,paid,2026-07-18 12:15:00
ORD-F56BE7C86C,CUST004516,SES034757,PROD001492,2,85151,170302,UPI,paid,2026-07-08 10:25:47
ORD-05C47E09FF,CUST007971,SES034758,PROD001451,2,9368,18736,UPI,paid,2026-07-21 07:03:41
ORD-2437F929F5,CUST000478,SES034766,PROD000517,2,15336,30672,Credit Card,paid,2026-07-24 06:13:56
ORD-9FF51F1278,CUST002549,SES034774,PROD000349,2,55372,110744,Credit Card,paid,2026-07-17 04:58:23
ORD-1AB7ACD729,CUST008528,SES034776,PROD000309,3,32775,98325,Credit Card,refunded,2026-07-04 13:01:11
ORD-928DC99C9D,CUST008311,SES034779,PROD000345,1,96403,96403,UPI,paid,2026-07-20 10:59:04
ORD-18183BA556,CUST002046,SES034780,PROD001873,3,17224,51672,Cash on Delivery,paid,2026-07-05 13:45:13
ORD-88B0A29476,CUST002491,SES034807,PROD000285,1,74483,74483,UPI,cancelled,2026-07-20 14:11:14
ORD-A3B58CCFF9,CUST006038,SES034821,PROD001994,2,16433,32866,UPI,paid,2026-06-28 04:50:31
ORD-631CC3F873,CUST004795,SES034824,PROD001753,3,48150,144450,Debit Card,refunded,2026-06-30 23:18:06
ORD-B265BF476F,CUST006618,SES034826,PROD000029,2,88967,177934,Credit Card,paid,2026-07-09 16:36:16
ORD-5E0C5AE5EC,CUST003434,SES034844,PROD001358,1,59083,59083,Credit Card,paid,2026-07-07 09:55:37
ORD-697A6DEA9D,CUST003351,SES034852,PROD001848,3,39551,118653,UPI,refunded,2026-07-23 13:44:00
ORD-8AF6FD2AA8,CUST008136,SES034874,PROD000304,3,98348,295044,Credit Card,paid,2026-07-05 10:25:09
ORD-6338207A40,CUST008239,SES034880,PROD001269,2,84392,168784,UPI,paid,2026-07-07 07:35:14
ORD-E4CD062265,CUST000170,SES034882,PROD001468,1,2866,2866,UPI,paid,2026-07-20 05:22:21
ORD-9B3EA86684,CUST008679,SES034885,PROD000217,1,57713,57713,Credit Card,paid,2026-07-07 11:11:58
ORD-C3F842497D,CUST008035,SES034892,PROD000523,2,44363,88726,Wallet,paid,2026-07-08 09:32:50
ORD-52997C098B,CUST008061,SES034898,PROD001030,2,2261,4522,Credit Card,paid,2026-06-26 16:30:48
ORD-FF3ED513D4,CUST002486,SES034899,PROD000563,1,34591,34591,Debit Card,paid,2026-07-22 20:26:55
ORD-5033FC5616,CUST001900,SES034906,PROD001159,1,20922,20922,Credit Card,paid,2026-07-06 22:44:25
ORD-3B19F231C8,CUST003328,SES034910,PROD001473,2,55044,110088,Debit Card,paid,2026-07-11 05:33:05
ORD-F4D7175247,CUST007832,SES034914,PROD000605,1,75615,75615,UPI,paid,2026-07-16 12:55:05
ORD-5D699E3966,CUST003910,SES034928,PROD000667,3,12556,37668,UPI,paid,2026-07-23 00:42:40
ORD-3AE6ED68EA,CUST001002,SES034931,PROD001363,2,95982,191964,Debit Card,paid,2026-06-30 04:51:38
ORD-04341BEC1F,CUST004486,SES034940,PROD000727,3,73539,220617,Debit Card,paid,2026-07-05 16:30:08
ORD-054547928B,CUST009424,SES034952,PROD001578,2,67109,134218,Credit Card,paid,2026-07-16 05:43:42
ORD-B59E1FA58F,CUST009569,SES034962,PROD001203,2,4494,8988,UPI,paid,2026-07-23 19:22:21
ORD-8B4302FFBC,CUST004314,SES034965,PROD001036,3,2181,6543,Debit Card,paid,2026-07-19 01:23:01
ORD-335AC267B0,CUST007682,SES034990,PROD000075,3,22058,66174,Wallet,paid,2026-07-09 18:22:17
ORD-1B8C25AF2D,CUST009577,SES035010,PROD001460,3,61518,184554,Debit Card,paid,2026-07-18 16:56:07
ORD-82579B2545,CUST009586,SES035020,PROD001307,2,23271,46542,UPI,paid,2026-07-17 07:44:46
ORD-10CFCD66A0,CUST002582,SES035021,PROD001137,3,55991,167973,UPI,paid,2026-07-14 16:52:20
ORD-CE1B323B4D,CUST006781,SES035032,PROD000212,3,16369,49107,Credit Card,paid,2026-07-12 22:35:38
ORD-342CD37CB4,CUST006373,SES035046,PROD001125,3,1937,5811,Credit Card,paid,2026-07-04 09:08:50
ORD-17C847E6F3,CUST003150,SES035047,PROD001860,2,23233,46466,UPI,paid,2026-06-30 13:02:04
ORD-98D191E71F,CUST009659,SES035068,PROD000018,2,55607,111214,UPI,paid,2026-06-27 05:27:43
ORD-9961DE86CE,CUST003639,SES035071,PROD000545,3,2023,6069,UPI,paid,2026-07-25 05:44:24
ORD-C52267459B,CUST002888,SES035085,PROD000080,3,65728,197184,Credit Card,paid,2026-07-13 19:36:13
ORD-080B103D56,CUST007619,SES035086,PROD000968,2,31016,62032,Debit Card,paid,2026-07-10 10:48:50
ORD-BA462DC764,CUST000690,SES035090,PROD001009,1,30188,30188,UPI,paid,2026-07-21 06:41:22
ORD-DA9E9ADAB1,CUST002439,SES035097,PROD000632,1,60105,60105,UPI,paid,2026-06-30 13:03:54
ORD-43AD361BFF,CUST009852,SES035101,PROD000533,3,59323,177969,Credit Card,refunded,2026-07-24 20:28:34
ORD-E92B452EE3,CUST005766,SES035102,PROD001105,3,61983,185949,UPI,paid,2026-07-16 19:10:58
ORD-3D42A3CCEC,CUST009031,SES035105,PROD001603,2,19001,38002,UPI,paid,2026-06-27 21:09:05
ORD-6C8903A8FE,CUST004885,SES035118,PROD001499,1,40148,40148,UPI,paid,2026-07-01 17:46:12
ORD-3F8A940E7D,CUST008083,SES035124,PROD001663,1,21962,21962,UPI,cancelled,2026-07-23 01:27:57
ORD-DDF9951D0C,CUST002038,SES035133,PROD001432,2,93246,186492,UPI,paid,2026-07-09 02:13:48
ORD-B6494F5743,CUST002139,SES035146,PROD001422,2,44581,89162,Debit Card,paid,2026-07-19 18:51:35
ORD-8FCF6867AD,CUST000956,SES035148,PROD001778,1,98669,98669,Credit Card,paid,2026-07-18 14:12:09
ORD-9B7CE95670,CUST006628,SES035153,PROD000789,2,66834,133668,Credit Card,paid,2026-07-01 02:54:30
ORD-EB6714B4E5,CUST004775,SES035157,PROD001475,2,83687,167374,Credit Card,refunded,2026-07-24 07:28:11
ORD-5F89D9E794,CUST007025,SES035163,PROD000267,3,83589,250767,Cash on Delivery,paid,2026-07-07 08:04:02
ORD-DFBE650B27,CUST009187,SES035169,PROD001988,1,90325,90325,Credit Card,paid,2026-07-24 02:53:39
ORD-FF75F4897C,CUST007199,SES035171,PROD000687,2,65896,131792,Cash on Delivery,paid,2026-06-27 19:17:42
ORD-9EF4F2C0B7,CUST007348,SES035173,PROD000372,2,22511,45022,Cash on Delivery,refunded,2026-07-13 14:09:09
ORD-989F5A5E5F,CUST009956,SES035181,PROD000489,2,64070,128140,Credit Card,paid,2026-07-22 09:47:18
ORD-B7959992B6,CUST006869,SES035190,PROD001703,3,48234,144702,UPI,paid,2026-07-20 00:54:55
ORD-01F986FC18,CUST004188,SES035200,PROD001529,1,76915,76915,UPI,paid,2026-06-30 01:49:24
ORD-5BF31546D7,CUST002971,SES035210,PROD001633,2,62825,125650,UPI,paid,2026-07-11 05:47:05
ORD-447C963A80,CUST007243,SES035220,PROD000141,2,76665,153330,Credit Card,cancelled,2026-07-14 08:55:45
ORD-8B98EE9579,CUST003478,SES035221,PROD000915,1,89498,89498,Cash on Delivery,paid,2026-07-20 18:03:58
ORD-794534B31C,CUST004033,SES035224,PROD001181,3,47783,143349,Debit Card,paid,2026-07-15 05:24:33
ORD-8546CB201F,CUST008913,SES035225,PROD001373,3,91836,275508,Cash on Delivery,paid,2026-07-18 15:59:18
ORD-1577CFA326,CUST004486,SES035229,PROD001702,3,56522,169566,UPI,paid,2026-07-04 04:02:21
ORD-B9B4880CE5,CUST006593,SES035233,PROD000701,3,78526,235578,UPI,cancelled,2026-07-17 05:57:12
ORD-D5CE4F367A,CUST002100,SES035234,PROD000908,1,99661,99661,UPI,paid,2026-07-22 22:21:10
ORD-4D2CB4D77B,CUST003061,SES035240,PROD001523,1,76454,76454,Cash on Delivery,paid,2026-06-27 12:03:40
ORD-266DDCFFE9,CUST001299,SES035245,PROD001325,2,89206,178412,Credit Card,paid,2026-07-20 23:38:35
ORD-DFCD0D5BB4,CUST001846,SES035248,PROD001420,3,13340,40020,UPI,paid,2026-07-23 16:35:58
ORD-4F7EDD27A3,CUST001755,SES035259,PROD001993,3,91971,275913,UPI,paid,2026-06-30 06:40:00
ORD-F42DB9734E,CUST001482,SES035270,PROD000972,2,14001,28002,Cash on Delivery,paid,2026-06-30 02:03:09
ORD-259143C952,CUST000736,SES035287,PROD000436,1,55711,55711,Debit Card,paid,2026-07-22 04:17:03
ORD-9BF1D27603,CUST000150,SES035289,PROD000998,2,78599,157198,UPI,paid,2026-07-02 09:23:41
ORD-07D1A27DAA,CUST006590,SES035290,PROD000345,2,96403,192806,UPI,paid,2026-07-16 09:18:22
ORD-D25D3BAF5F,CUST007971,SES035303,PROD001115,3,1722,5166,UPI,paid,2026-07-19 16:55:41
ORD-FAE843BA29,CUST004309,SES035306,PROD000748,2,46948,93896,UPI,paid,2026-07-04 01:22:39
ORD-55CF1B3282,CUST009989,SES035311,PROD001518,1,6881,6881,UPI,paid,2026-07-08 21:32:26
ORD-85654C4585,CUST007006,SES035322,PROD001399,2,86380,172760,UPI,paid,2026-07-06 17:48:27
ORD-3533596442,CUST003628,SES035332,PROD000948,1,64959,64959,Debit Card,paid,2026-06-29 02:52:57
ORD-AAE7829A9A,CUST006463,SES035333,PROD001673,3,14013,42039,Credit Card,paid,2026-07-12 01:06:28
ORD-E53FA8987E,CUST002856,SES035335,PROD001759,3,67019,201057,Credit Card,paid,2026-07-08 04:35:56
ORD-578CE73533,CUST005541,SES035336,PROD000900,3,81425,244275,UPI,paid,2026-07-19 06:37:43
ORD-BE340C9A18,CUST001754,SES035348,PROD000382,1,68070,68070,UPI,paid,2026-07-21 16:33:32
ORD-2D1E7EEBC1,CUST006443,SES035357,PROD001175,2,8306,16612,UPI,paid,2026-07-04 04:39:06
ORD-1FBA4016C5,CUST006562,SES035362,PROD000738,3,35565,106695,UPI,paid,2026-07-25 04:45:03
ORD-865D41C6BC,CUST009385,SES035367,PROD001551,2,37934,75868,UPI,paid,2026-06-30 20:32:17
ORD-4FB787CB32,CUST006557,SES035370,PROD000071,2,53835,107670,UPI,paid,2026-07-10 12:56:11
ORD-1B5A1908E7,CUST002936,SES035378,PROD001165,3,44350,133050,Credit Card,paid,2026-07-15 01:09:30
ORD-07B4615A93,CUST009566,SES035384,PROD001931,1,96041,96041,UPI,paid,2026-07-25 07:35:50
ORD-C393242411,CUST003709,SES035390,PROD000174,2,15425,30850,UPI,paid,2026-07-25 07:39:51
ORD-86EE63F095,CUST008065,SES035393,PROD000478,1,32956,32956,UPI,cancelled,2026-07-19 00:56:43
ORD-E54809402F,CUST004606,SES035395,PROD001385,3,71796,215388,Credit Card,paid,2026-07-06 06:32:49
ORD-2326B39562,CUST006537,SES035397,PROD001143,1,81164,81164,UPI,paid,2026-06-29 02:16:50
ORD-616D2038FF,CUST002118,SES035405,PROD000973,3,13549,40647,UPI,paid,2026-07-11 04:35:46
ORD-9BD7AFDDC3,CUST005222,SES035406,PROD000623,2,57689,115378,UPI,paid,2026-07-02 01:36:17
ORD-A409049F0C,CUST006968,SES035411,PROD000934,3,2390,7170,Credit Card,paid,2026-07-20 22:33:16
ORD-4BDBD12F78,CUST007955,SES035412,PROD000589,1,81222,81222,UPI,paid,2026-07-07 19:25:40
ORD-0BE4AA7CC2,CUST004170,SES035416,PROD000336,2,21392,42784,UPI,paid,2026-06-26 04:17:00
ORD-1781A9BD02,CUST009977,SES035421,PROD000954,3,58010,174030,Credit Card,cancelled,2026-07-02 02:16:22
ORD-C20A4BED56,CUST005421,SES035435,PROD001424,2,78071,156142,Credit Card,paid,2026-07-25 01:35:37
ORD-FDE687721B,CUST008848,SES035436,PROD000804,3,22240,66720,Wallet,paid,2026-07-01 13:23:19
ORD-604F0C6990,CUST004465,SES035446,PROD001810,2,95328,190656,Debit Card,paid,2026-07-19 04:29:15
ORD-E5F213D60F,CUST004452,SES035460,PROD001144,3,55243,165729,Debit Card,paid,2026-06-27 22:15:57
ORD-2D833C1FE5,CUST004520,SES035466,PROD001490,1,73344,73344,UPI,paid,2026-07-22 18:40:15
ORD-79E78D9AD0,CUST008681,SES035470,PROD000629,1,40086,40086,Cash on Delivery,cancelled,2026-07-22 16:53:40
ORD-EDB3932AC3,CUST009638,SES035472,PROD000057,1,97221,97221,Credit Card,paid,2026-06-26 02:10:21
ORD-07966FFC7E,CUST002434,SES035473,PROD000551,2,54742,109484,Cash on Delivery,paid,2026-06-28 19:21:37
ORD-D94B346AE8,CUST001507,SES035494,PROD000037,2,10623,21246,Cash on Delivery,paid,2026-06-28 19:25:44
ORD-9109ED8D82,CUST005583,SES035507,PROD001279,3,62568,187704,Debit Card,paid,2026-06-28 12:58:56
ORD-66099BF2C9,CUST000518,SES035510,PROD001262,1,37881,37881,UPI,paid,2026-07-19 23:07:44
ORD-611491020D,CUST002025,SES035520,PROD001220,2,64426,128852,Credit Card,paid,2026-07-04 11:45:18
ORD-08B34D7D1C,CUST005549,SES035524,PROD000045,1,84527,84527,Debit Card,paid,2026-07-10 14:19:49
ORD-3E0A9A5AD0,CUST002409,SES035528,PROD001764,2,730,1460,UPI,paid,2026-06-27 21:32:07
ORD-5CBAC54160,CUST008513,SES035533,PROD000742,1,36060,36060,UPI,paid,2026-07-19 02:46:13
ORD-B42D68521F,CUST008648,SES035535,PROD001032,2,96746,193492,Wallet,paid,2026-07-19 13:47:10
ORD-07A6B8BEAF,CUST003130,SES035536,PROD000505,1,16673,16673,UPI,paid,2026-07-03 02:23:46
ORD-322FBAE44B,CUST002583,SES035537,PROD000546,2,12074,24148,UPI,paid,2026-07-11 22:29:04
ORD-BF8B2AFC4D,CUST005605,SES035546,PROD001952,3,21591,64773,UPI,paid,2026-07-09 02:52:19
ORD-C3DD118358,CUST003694,SES035562,PROD000830,3,58722,176166,Debit Card,paid,2026-07-11 20:45:54
ORD-E46F4F4801,CUST009077,SES035565,PROD000899,3,20322,60966,Debit Card,paid,2026-07-16 00:35:49
ORD-018F6B6592,CUST001592,SES035576,PROD000002,2,12061,24122,Cash on Delivery,paid,2026-06-28 17:07:08
ORD-92616D516E,CUST007901,SES035580,PROD000445,3,78690,236070,Debit Card,paid,2026-07-21 21:02:05
ORD-9CD306D20E,CUST002262,SES035586,PROD000514,1,21535,21535,UPI,paid,2026-07-23 15:59:35
ORD-10614F145E,CUST004106,SES035595,PROD001153,1,43879,43879,UPI,paid,2026-07-13 11:41:14
ORD-13CD059A8C,CUST002050,SES035600,PROD000877,3,70656,211968,Debit Card,paid,2026-07-05 04:58:33
ORD-644F23D967,CUST005360,SES035607,PROD000499,1,67723,67723,UPI,paid,2026-07-23 03:29:34
ORD-6B0DBDB12A,CUST009550,SES035615,PROD001246,1,61172,61172,UPI,paid,2026-07-13 23:47:23
ORD-26D9C56C0A,CUST005180,SES035628,PROD001549,3,69367,208101,Cash on Delivery,refunded,2026-07-25 07:55:03
ORD-9E4023E3E6,CUST005202,SES035641,PROD000386,1,97374,97374,Debit Card,paid,2026-07-20 21:03:50
ORD-CCD6A23FFC,CUST005991,SES035653,PROD000640,2,69205,138410,UPI,paid,2026-07-08 11:19:07
ORD-CC3F8140DE,CUST005572,SES035671,PROD001346,3,59838,179514,Wallet,paid,2026-07-02 09:58:10
ORD-8248DA5536,CUST000917,SES035683,PROD001396,1,13214,13214,Cash on Delivery,refunded,2026-07-09 02:25:43
ORD-7A6866A184,CUST003328,SES035685,PROD000160,3,21040,63120,Credit Card,paid,2026-07-12 04:19:16
ORD-A943D31AB9,CUST005920,SES035693,PROD000306,2,60015,120030,UPI,paid,2026-07-05 08:03:52
ORD-EB460132CB,CUST000173,SES035713,PROD000729,1,17328,17328,Wallet,paid,2026-07-21 08:02:38
ORD-832A975315,CUST001365,SES035716,PROD001696,2,35244,70488,UPI,paid,2026-07-15 18:12:36
ORD-AD6A039A56,CUST001097,SES035724,PROD000471,3,95040,285120,Cash on Delivery,paid,2026-06-29 18:13:16
ORD-4D545B1D80,CUST001316,SES035729,PROD000194,2,31470,62940,Credit Card,paid,2026-07-20 18:27:21
ORD-614D41EF17,CUST006648,SES035745,PROD000863,1,465,465,Credit Card,paid,2026-07-09 16:48:27
ORD-0FDB9E3709,CUST006918,SES035755,PROD000709,2,20782,41564,Debit Card,paid,2026-07-24 16:24:47
ORD-F2A5F39208,CUST009391,SES035760,PROD000193,3,94527,283581,Debit Card,paid,2026-06-27 03:29:18
ORD-9109C574FA,CUST009659,SES035761,PROD000880,3,66225,198675,Wallet,paid,2026-07-24 00:21:40
ORD-6E30A59910,CUST002363,SES035765,PROD001027,2,7548,15096,UPI,paid,2026-07-06 03:40:00
ORD-2115917AB9,CUST003234,SES035766,PROD000538,1,84094,84094,Wallet,paid,2026-07-03 12:38:13
ORD-D201FDBCE2,CUST001088,SES035777,PROD000726,1,74961,74961,UPI,paid,2026-07-09 05:20:55
ORD-60FD085060,CUST007260,SES035785,PROD000804,2,22240,44480,Debit Card,paid,2026-07-18 05:04:09
ORD-1F3B815D5C,CUST008203,SES035786,PROD000482,3,15959,47877,Wallet,paid,2026-07-25 15:59:15
ORD-8EA6E9CE19,CUST004623,SES035804,PROD000036,2,72342,144684,UPI,paid,2026-07-24 06:08:23
ORD-6AE1D06D1C,CUST002698,SES035817,PROD001560,2,80892,161784,Cash on Delivery,paid,2026-07-10 06:26:10
ORD-FF9953B85A,CUST005546,SES035826,PROD001551,2,37934,75868,Debit Card,paid,2026-06-27 01:53:22
ORD-1430B93665,CUST002491,SES035834,PROD000885,3,28720,86160,UPI,paid,2026-07-14 22:12:01
ORD-4085A4D8CE,CUST004661,SES035873,PROD001655,3,6787,20361,UPI,paid,2026-06-27 13:56:36
ORD-55CDCAA04B,CUST004632,SES035887,PROD001301,1,50249,50249,UPI,paid,2026-07-16 19:49:49
ORD-6939329F92,CUST007606,SES035893,PROD000027,3,89875,269625,UPI,paid,2026-07-16 21:57:05
ORD-2CE70C4AD2,CUST000483,SES035896,PROD001714,2,42703,85406,Wallet,paid,2026-07-13 06:05:09
ORD-D6BB4A941C,CUST006399,SES035898,PROD000121,1,80507,80507,UPI,paid,2026-07-15 01:36:26
ORD-08061F983A,CUST001255,SES035912,PROD001398,1,3458,3458,UPI,paid,2026-07-12 18:36:45
ORD-5EE07FD536,CUST000719,SES035919,PROD000423,2,97596,195192,Wallet,paid,2026-07-08 04:01:52
ORD-E5B41CCDA3,CUST009317,SES035920,PROD001835,3,50917,152751,Credit Card,paid,2026-07-14 04:20:33
ORD-1ADBE07B8B,CUST008462,SES035926,PROD001467,2,28505,57010,UPI,paid,2026-07-24 03:09:11
ORD-078B8FB619,CUST006536,SES035941,PROD001580,2,17134,34268,UPI,paid,2026-07-07 11:31:55
ORD-2817D623FD,CUST004193,SES035942,PROD000746,3,83584,250752,UPI,paid,2026-07-25 02:09:44
ORD-27F586B441,CUST005785,SES035945,PROD000616,3,69001,207003,UPI,paid,2026-07-09 02:02:20
ORD-CECA620225,CUST002885,SES035951,PROD000142,1,80610,80610,UPI,paid,2026-07-21 02:00:59
ORD-4B911C7B46,CUST003740,SES035972,PROD001588,2,91732,183464,UPI,paid,2026-07-11 21:06:16
ORD-065220D0AF,CUST000846,SES035979,PROD000413,1,78291,78291,Cash on Delivery,paid,2026-07-22 00:10:17
ORD-475611696D,CUST001500,SES035980,PROD001992,1,72935,72935,Cash on Delivery,paid,2026-07-24 07:26:34
ORD-C12D6CD3AD,CUST005248,SES035985,PROD000758,2,68146,136292,UPI,paid,2026-07-02 02:57:37
ORD-14DAB24EB4,CUST000032,SES035993,PROD001680,2,64003,128006,UPI,paid,2026-07-13 12:09:00
ORD-B604C7BE4E,CUST009589,SES035994,PROD000958,1,1562,1562,Cash on Delivery,paid,2026-07-17 14:12:44
ORD-85C4AFB393,CUST009380,SES036004,PROD001083,1,64320,64320,UPI,paid,2026-06-26 21:30:32
ORD-F91C958E0A,CUST008436,SES036007,PROD001402,3,40752,122256,Credit Card,paid,2026-07-07 21:32:07
ORD-1E9ED11045,CUST003471,SES036017,PROD000367,2,36253,72506,UPI,paid,2026-07-16 23:44:17
ORD-B6376F72EA,CUST009233,SES036018,PROD001876,3,36251,108753,Wallet,paid,2026-07-04 17:57:19
ORD-1528D10FCD,CUST004357,SES036025,PROD000786,1,93981,93981,UPI,paid,2026-06-30 18:31:30
ORD-E0AF9701B8,CUST003576,SES036028,PROD000862,2,5509,11018,Wallet,paid,2026-06-30 13:43:04
ORD-5356F4E6C0,CUST009585,SES036033,PROD001033,3,825,2475,Debit Card,paid,2026-06-30 10:16:25
ORD-034136AC6E,CUST000453,SES036042,PROD000793,3,19659,58977,Credit Card,paid,2026-07-08 18:35:52
ORD-FB374EE012,CUST008428,SES036044,PROD000861,1,81351,81351,Wallet,paid,2026-07-18 02:40:53
ORD-7FF948B7C2,CUST005960,SES036045,PROD000045,2,84527,169054,Wallet,paid,2026-07-01 23:02:48
ORD-8B58F92D2A,CUST008694,SES036052,PROD001699,3,5109,15327,Credit Card,paid,2026-07-03 13:12:40
ORD-B7DFA8BF13,CUST009890,SES036057,PROD000262,2,27474,54948,Debit Card,refunded,2026-07-13 06:08:19
ORD-7B09E1DFE1,CUST001026,SES036069,PROD001421,3,57786,173358,Debit Card,paid,2026-07-11 02:41:37
ORD-024762BC6A,CUST002418,SES036072,PROD000198,1,19469,19469,Cash on Delivery,paid,2026-07-12 11:39:30
ORD-15C85D26A4,CUST006668,SES036085,PROD001472,1,96404,96404,Debit Card,paid,2026-06-30 09:14:15
ORD-E9909B581A,CUST006356,SES036099,PROD000181,1,58526,58526,UPI,refunded,2026-07-01 21:57:33
ORD-DBD4EDA7D8,CUST005756,SES036100,PROD001291,3,19662,58986,UPI,paid,2026-07-09 08:50:51
ORD-8CE499573C,CUST007907,SES036107,PROD000627,3,28606,85818,Debit Card,paid,2026-07-08 09:12:56
ORD-3B05B5D19C,CUST004114,SES036114,PROD001273,1,27186,27186,UPI,paid,2026-07-06 16:03:46
ORD-E11DD386E3,CUST005931,SES036120,PROD001775,3,42251,126753,Wallet,paid,2026-07-15 13:19:43
ORD-E1D3E851B4,CUST004389,SES036126,PROD001732,1,33332,33332,UPI,paid,2026-06-29 00:57:00
ORD-3BEBE194C4,CUST009593,SES036133,PROD001166,2,61606,123212,UPI,paid,2026-07-20 17:52:02
ORD-A6BE931177,CUST001510,SES036140,PROD001974,1,99516,99516,Credit Card,paid,2026-07-10 04:41:43
ORD-DC94A1B7E3,CUST000791,SES036146,PROD001884,1,68633,68633,UPI,paid,2026-07-07 04:48:04
ORD-728E636E16,CUST000203,SES036147,PROD001746,3,86503,259509,UPI,paid,2026-07-22 08:36:13
ORD-B4B7AB5A51,CUST002384,SES036162,PROD001185,3,60063,180189,Wallet,paid,2026-06-29 19:32:35
ORD-1D95369160,CUST006215,SES036169,PROD001342,2,88038,176076,Cash on Delivery,paid,2026-07-10 21:04:12
ORD-20662E0530,CUST001610,SES036185,PROD000654,3,49918,149754,Cash on Delivery,paid,2026-07-06 21:54:30
ORD-534F67FB6B,CUST000786,SES036188,PROD001989,3,41402,124206,Cash on Delivery,paid,2026-07-18 01:15:38
ORD-86D53D7C69,CUST002455,SES036193,PROD000547,1,24105,24105,UPI,cancelled,2026-06-28 13:31:24
ORD-DF9365C9F5,CUST009647,SES036200,PROD001454,1,78083,78083,Credit Card,paid,2026-06-30 23:14:25
ORD-5E56A0154C,CUST007339,SES036205,PROD001667,3,96181,288543,UPI,paid,2026-07-25 14:16:55
ORD-633847F7D3,CUST003530,SES036206,PROD000912,3,10098,30294,UPI,paid,2026-07-15 06:04:32
ORD-F0AE3B65EF,CUST008794,SES036209,PROD000942,3,27880,83640,Cash on Delivery,paid,2026-07-12 01:29:37
ORD-24554A9619,CUST000399,SES036215,PROD001118,2,53107,106214,Debit Card,paid,2026-07-15 05:36:03
ORD-CAFFAC0AC1,CUST008313,SES036232,PROD001703,1,48234,48234,Wallet,paid,2026-07-25 00:03:37
ORD-1750C0664C,CUST001011,SES036241,PROD001373,1,91836,91836,Credit Card,paid,2026-07-16 21:44:20
ORD-728760CAFE,CUST008684,SES036244,PROD000766,3,32109,96327,Cash on Delivery,paid,2026-07-06 23:24:27
ORD-2B5842454F,CUST005374,SES036245,PROD001604,3,4120,12360,UPI,paid,2026-07-04 00:04:26
ORD-B277DA2EAE,CUST001893,SES036249,PROD000170,3,11686,35058,Credit Card,paid,2026-07-08 01:00:30
ORD-C7F24F5060,CUST008825,SES036253,PROD001320,2,20498,40996,UPI,paid,2026-07-01 11:40:13
ORD-CA381C62DA,CUST009818,SES036264,PROD000386,3,97374,292122,UPI,refunded,2026-07-25 14:47:38
ORD-E01740076A,CUST001693,SES036268,PROD001956,3,38007,114021,UPI,paid,2026-06-28 14:45:39
ORD-F8A28A73C1,CUST008436,SES036272,PROD000493,1,68287,68287,Wallet,cancelled,2026-07-23 17:38:29
ORD-BBC3C0B92A,CUST008525,SES036285,PROD000623,1,57689,57689,UPI,paid,2026-07-10 02:50:11
ORD-C787C3D59A,CUST001516,SES036290,PROD000609,3,53657,160971,Debit Card,paid,2026-07-12 07:01:26
ORD-F5A95064F4,CUST007344,SES036311,PROD001495,2,90793,181586,UPI,paid,2026-07-07 11:21:41
ORD-95A48D81CF,CUST008688,SES036312,PROD001762,3,8787,26361,Debit Card,paid,2026-06-27 05:16:16
ORD-E7288C0493,CUST007012,SES036315,PROD000078,2,27288,54576,Debit Card,cancelled,2026-06-30 04:45:30
ORD-5C458243B5,CUST002669,SES036318,PROD000838,2,51031,102062,Cash on Delivery,paid,2026-07-13 18:36:54
ORD-EB2DCCB72A,CUST007144,SES036320,PROD001908,3,40974,122922,Cash on Delivery,paid,2026-07-23 06:14:51
ORD-67D0319D4E,CUST003772,SES036323,PROD001284,3,57552,172656,Credit Card,paid,2026-06-26 07:15:58
ORD-84CE2669C6,CUST006985,SES036324,PROD000101,1,97005,97005,UPI,cancelled,2026-06-26 23:14:34
ORD-0AB72DCB28,CUST004830,SES036329,PROD000813,2,79206,158412,UPI,paid,2026-07-03 02:28:47
ORD-40D9A743A5,CUST007029,SES036331,PROD001058,2,14540,29080,Cash on Delivery,paid,2026-07-07 17:19:52
ORD-3ACC6BECD4,CUST004232,SES036346,PROD000660,1,99527,99527,Credit Card,cancelled,2026-07-03 13:53:05
ORD-2C31C4FE09,CUST002796,SES036348,PROD001948,1,53537,53537,UPI,paid,2026-06-28 09:58:48
ORD-3D48A2BEB8,CUST006116,SES036351,PROD000173,2,52373,104746,UPI,paid,2026-07-16 15:46:32
ORD-B1787BA42F,CUST002712,SES036358,PROD000482,1,15959,15959,Cash on Delivery,paid,2026-06-29 19:18:40
ORD-8D83EB278E,CUST005583,SES036369,PROD001280,2,85340,170680,UPI,paid,2026-07-03 13:48:51
ORD-74A5357BA8,CUST009499,SES036373,PROD001113,3,21789,65367,Wallet,paid,2026-07-22 18:43:50
ORD-318038425F,CUST003473,SES036389,PROD000291,2,67899,135798,Credit Card,paid,2026-07-22 23:27:01
ORD-93AF07BB9F,CUST002276,SES036396,PROD001781,2,65781,131562,UPI,paid,2026-07-15 08:20:32
ORD-D1932B4660,CUST009856,SES036425,PROD000706,1,53147,53147,Credit Card,paid,2026-07-25 20:13:50
ORD-1762343AF2,CUST001408,SES036426,PROD001805,1,99351,99351,UPI,paid,2026-07-03 09:16:11
ORD-638F74216A,CUST009044,SES036429,PROD000574,3,6945,20835,Debit Card,paid,2026-07-21 21:20:51
ORD-F42F205BCA,CUST008821,SES036441,PROD001880,1,11859,11859,Debit Card,paid,2026-07-19 14:59:35
ORD-49119AB4D9,CUST003614,SES036447,PROD001989,1,41402,41402,Credit Card,paid,2026-07-02 03:18:45
ORD-B74F16B960,CUST002561,SES036451,PROD001828,1,19201,19201,Credit Card,paid,2026-07-18 06:46:04
ORD-7C37079E33,CUST007523,SES036459,PROD001337,1,92356,92356,Cash on Delivery,paid,2026-07-09 11:14:36
ORD-98B52B8C39,CUST005787,SES036460,PROD000063,2,58348,116696,Credit Card,paid,2026-07-02 01:49:09
ORD-64677358AD,CUST004627,SES036462,PROD001822,3,35945,107835,Debit Card,paid,2026-07-14 16:33:47
ORD-D08CCBAF0A,CUST000003,SES036463,PROD000685,2,45389,90778,Debit Card,paid,2026-07-23 20:13:39
ORD-56B8AE3FDE,CUST004940,SES036483,PROD000336,3,21392,64176,Credit Card,paid,2026-07-08 22:38:53
ORD-8A4547C489,CUST003844,SES036485,PROD001976,2,63681,127362,UPI,paid,2026-07-21 17:14:58
ORD-11592A97F3,CUST001191,SES036486,PROD001709,2,75328,150656,Credit Card,paid,2026-07-23 02:26:38
ORD-97DCE39869,CUST001711,SES036497,PROD000202,1,96306,96306,UPI,refunded,2026-06-28 05:03:46
ORD-C250B89B72,CUST007116,SES036498,PROD000141,3,76665,229995,Credit Card,refunded,2026-07-19 15:09:55
ORD-93C8C77A53,CUST008553,SES036509,PROD000147,3,78600,235800,UPI,paid,2026-07-16 23:52:26
ORD-F67BD263B2,CUST007851,SES036515,PROD001307,2,23271,46542,Cash on Delivery,paid,2026-07-15 04:39:13
ORD-CABC60F817,CUST002641,SES036516,PROD001631,3,33464,100392,Wallet,paid,2026-07-25 03:55:05
ORD-233B6A7F5C,CUST004935,SES036517,PROD000016,3,22712,68136,UPI,paid,2026-07-05 17:44:16
ORD-8547C06AF6,CUST006384,SES036519,PROD000054,3,69546,208638,UPI,paid,2026-06-30 16:12:57
ORD-B5FA70E796,CUST008577,SES036525,PROD001601,1,58442,58442,Cash on Delivery,paid,2026-07-15 12:06:58
ORD-41F05D984B,CUST002900,SES036532,PROD000313,2,25959,51918,Debit Card,paid,2026-07-18 18:23:47
ORD-D2E4873D63,CUST001912,SES036537,PROD000703,1,29709,29709,Debit Card,paid,2026-07-12 01:14:46
ORD-54ED2F6B93,CUST003684,SES036548,PROD001872,2,32557,65114,UPI,paid,2026-07-06 06:28:42
ORD-3786E5A4FF,CUST008974,SES036549,PROD001934,2,62704,125408,UPI,paid,2026-07-02 03:01:16
ORD-E3CD350630,CUST002057,SES036552,PROD000994,1,9890,9890,Credit Card,paid,2026-06-28 17:39:38
ORD-07966EE8D8,CUST005912,SES036554,PROD001868,3,81181,243543,UPI,paid,2026-07-08 07:23:45
ORD-A4147EA7CE,CUST006224,SES036556,PROD000482,1,15959,15959,Wallet,paid,2026-07-18 10:48:01
ORD-C458BA677D,CUST007393,SES036559,PROD000874,3,63812,191436,Credit Card,paid,2026-07-09 09:33:11
ORD-F597F6E801,CUST002450,SES036568,PROD001507,3,87446,262338,UPI,paid,2026-07-10 19:11:10
ORD-83CAB7FB51,CUST001626,SES036587,PROD000992,3,98174,294522,Wallet,paid,2026-06-27 21:46:28
ORD-31C535DD66,CUST003596,SES036594,PROD000892,2,4648,9296,UPI,paid,2026-07-25 01:46:09
ORD-B6A0FC8990,CUST007781,SES036608,PROD001093,2,27182,54364,UPI,paid,2026-07-16 12:53:16
ORD-9F1A0492F4,CUST003810,SES036613,PROD000102,1,67426,67426,UPI,paid,2026-07-13 23:46:48
ORD-7D7E6138AC,CUST009527,SES036618,PROD000672,2,6494,12988,Cash on Delivery,paid,2026-07-01 12:53:21
ORD-C80C9D72D2,CUST004008,SES036631,PROD001954,3,47602,142806,Credit Card,paid,2026-07-09 17:38:51
ORD-085F9E59AC,CUST000978,SES036632,PROD001507,3,87446,262338,UPI,paid,2026-07-09 16:32:41
ORD-F6A12C040D,CUST009153,SES036636,PROD001922,3,75405,226215,Credit Card,cancelled,2026-07-10 07:41:10
ORD-88F16C18B5,CUST004249,SES036638,PROD001044,2,41325,82650,Cash on Delivery,paid,2026-07-16 17:26:23
ORD-F5612E6D41,CUST005139,SES036655,PROD001945,3,30389,91167,Wallet,paid,2026-07-17 09:04:29
ORD-63CEEF9FD5,CUST008123,SES036659,PROD000028,1,85703,85703,Wallet,paid,2026-07-02 22:49:22
ORD-C9843A6F35,CUST001234,SES036660,PROD001749,1,44325,44325,Cash on Delivery,paid,2026-07-22 07:59:36
ORD-9B65A9A3E5,CUST002473,SES036671,PROD001275,3,91500,274500,Wallet,paid,2026-07-07 06:35:06
ORD-85D4456F89,CUST003825,SES036673,PROD001700,1,77309,77309,Debit Card,paid,2026-07-15 06:06:43
ORD-35A2DDA304,CUST009350,SES036690,PROD001385,1,71796,71796,UPI,paid,2026-07-12 09:49:40
ORD-02F6A05A41,CUST001260,SES036692,PROD000102,2,67426,134852,Debit Card,paid,2026-07-21 11:58:31
ORD-5744F1C54D,CUST006200,SES036695,PROD000928,2,295,590,Credit Card,paid,2026-07-20 00:42:22
ORD-AF22EAC30F,CUST005876,SES036699,PROD000345,3,96403,289209,UPI,paid,2026-07-10 21:55:18
ORD-05EA5C90B0,CUST008629,SES036725,PROD000541,2,81586,163172,UPI,paid,2026-06-26 14:48:42
ORD-8A4BB3D58C,CUST007448,SES036726,PROD000878,2,86612,173224,Cash on Delivery,paid,2026-07-18 06:55:41
ORD-A9FE985391,CUST006466,SES036742,PROD001202,2,76567,153134,Credit Card,paid,2026-07-08 09:23:43
ORD-C3612562D3,CUST000190,SES036745,PROD001723,3,99872,299616,UPI,paid,2026-06-27 12:17:34
ORD-8CD5E4EFA5,CUST009122,SES036770,PROD001833,2,6864,13728,Credit Card,paid,2026-07-06 03:21:40
ORD-F99EF44960,CUST003150,SES036801,PROD000112,1,45523,45523,Debit Card,paid,2026-07-16 11:24:18
ORD-07D05524D8,CUST003697,SES036805,PROD000741,2,21879,43758,Debit Card,paid,2026-07-25 14:14:40
ORD-2EEFF05C6B,CUST008066,SES036808,PROD000918,1,70002,70002,Cash on Delivery,cancelled,2026-07-05 16:55:01
ORD-286144DD5A,CUST000829,SES036822,PROD000327,2,24404,48808,UPI,paid,2026-07-17 13:41:50
ORD-CCEDACB16A,CUST009799,SES036830,PROD000269,3,90128,270384,UPI,paid,2026-06-30 18:53:00
ORD-DFE2E43CF7,CUST000525,SES036831,PROD000676,2,11603,23206,Cash on Delivery,paid,2026-07-07 14:00:28
ORD-AD01B130CE,CUST001524,SES036832,PROD000843,3,13501,40503,UPI,paid,2026-07-13 08:30:54
ORD-DD8E97D0BD,CUST003728,SES036836,PROD000929,3,47431,142293,UPI,refunded,2026-07-23 09:10:44
ORD-71FE61FBAA,CUST007654,SES036844,PROD001737,3,98864,296592,Wallet,paid,2026-07-05 05:38:01
ORD-065BD65F3F,CUST005318,SES036849,PROD000731,2,69370,138740,UPI,paid,2026-07-09 22:31:57
ORD-B4E6149715,CUST003017,SES036860,PROD001415,3,79899,239697,Debit Card,paid,2026-07-19 08:58:12
ORD-141120741A,CUST006247,SES036862,PROD001954,2,47602,95204,Debit Card,paid,2026-07-01 09:55:31
ORD-E604B9A5DA,CUST007851,SES036871,PROD000425,2,18597,37194,UPI,refunded,2026-07-20 05:20:24
ORD-BA01AF14DC,CUST008621,SES036879,PROD000870,3,6604,19812,Debit Card,paid,2026-07-18 02:58:51
ORD-34220AF3E0,CUST004604,SES036880,PROD001956,1,38007,38007,Credit Card,paid,2026-07-13 10:33:08
ORD-33E40E1B0B,CUST008767,SES036883,PROD000809,1,21304,21304,Credit Card,paid,2026-07-15 08:18:54
ORD-3272CB8556,CUST005944,SES036897,PROD000301,1,67296,67296,UPI,paid,2026-07-19 14:24:08
ORD-63DF5E5DB0,CUST008355,SES036904,PROD001458,2,50492,100984,Credit Card,paid,2026-06-27 22:28:20
ORD-6B2FB8B41B,CUST006904,SES036905,PROD000697,2,19867,39734,Debit Card,paid,2026-07-11 22:09:25
ORD-6F0B71F8D8,CUST004894,SES036906,PROD001259,1,63780,63780,UPI,paid,2026-07-11 15:29:28
ORD-A3F9561019,CUST000967,SES036912,PROD000466,3,82110,246330,UPI,paid,2026-07-04 00:04:41
ORD-62B8E73744,CUST005978,SES036921,PROD001899,1,53002,53002,Credit Card,paid,2026-07-20 06:19:49
ORD-D6319E4A61,CUST008936,SES036925,PROD000288,1,19462,19462,UPI,paid,2026-07-06 19:17:07
ORD-19F574A974,CUST002799,SES036932,PROD000875,3,72912,218736,Credit Card,paid,2026-06-29 16:55:26
ORD-95A375084C,CUST004533,SES036937,PROD001200,1,26862,26862,Credit Card,paid,2026-07-23 13:33:52
ORD-FD96DBB599,CUST007920,SES036944,PROD000451,1,45128,45128,UPI,paid,2026-07-18 11:52:36
ORD-7879A946D0,CUST009065,SES036953,PROD001846,3,41709,125127,UPI,paid,2026-07-08 02:24:54
ORD-D5EF3C1EA2,CUST004335,SES036966,PROD000208,3,22876,68628,UPI,paid,2026-07-08 00:57:24
ORD-8B30F353C1,CUST009287,SES036970,PROD001452,1,87792,87792,Credit Card,paid,2026-07-05 14:56:20
ORD-3BFD811F95,CUST005577,SES036971,PROD000652,1,62458,62458,UPI,paid,2026-07-19 01:35:08
ORD-4C2EDCB3B2,CUST002810,SES036973,PROD000047,3,13008,39024,UPI,paid,2026-07-24 01:17:31
ORD-8DAB7F7718,CUST004179,SES036988,PROD001860,2,23233,46466,UPI,paid,2026-07-09 18:27:02
ORD-DA134A2635,CUST007467,SES036999,PROD000503,3,25563,76689,UPI,paid,2026-06-28 20:59:04
ORD-6ADA096ADA,CUST009732,SES037007,PROD001891,1,1629,1629,UPI,paid,2026-06-26 04:46:59
ORD-109F81732B,CUST004529,SES037012,PROD001736,1,2551,2551,Debit Card,paid,2026-06-26 01:59:45
ORD-28582564A1,CUST003534,SES037033,PROD000417,2,67266,134532,UPI,paid,2026-06-27 12:03:49
ORD-B45D0E89DA,CUST008463,SES037037,PROD000358,2,2734,5468,UPI,paid,2026-07-23 10:48:04
ORD-5379459C70,CUST000766,SES037038,PROD001326,2,81001,162002,UPI,paid,2026-07-05 15:42:43
ORD-47B2F8C2CF,CUST009739,SES037041,PROD001879,3,41241,123723,UPI,cancelled,2026-07-18 16:05:54
ORD-DB93D4C908,CUST006360,SES037074,PROD001001,1,46620,46620,Credit Card,paid,2026-07-05 21:24:53
ORD-E767C8240A,CUST002491,SES037080,PROD001364,3,54232,162696,UPI,paid,2026-07-11 04:51:26
ORD-C387AF2AF5,CUST005149,SES037081,PROD000728,2,84771,169542,UPI,refunded,2026-07-03 10:21:48
ORD-449ED9BBEF,CUST002376,SES037084,PROD001039,3,54016,162048,Cash on Delivery,paid,2026-07-18 05:34:51
ORD-8ED0E22E5A,CUST003758,SES037086,PROD001091,3,9458,28374,Credit Card,paid,2026-07-16 09:08:08
ORD-F17E4DC81D,CUST001394,SES037094,PROD000388,3,61199,183597,UPI,paid,2026-07-11 17:12:06
ORD-C992E398C5,CUST003547,SES037097,PROD000879,1,3827,3827,UPI,paid,2026-07-12 11:45:23
ORD-8164006C36,CUST004890,SES037101,PROD001928,1,73665,73665,UPI,paid,2026-07-01 00:56:47
ORD-434B638C78,CUST002892,SES037105,PROD000786,3,93981,281943,UPI,paid,2026-07-19 20:17:44
ORD-3BBA9E83AE,CUST009280,SES037109,PROD000660,3,99527,298581,Debit Card,paid,2026-06-27 00:30:44
ORD-3779E9437F,CUST007889,SES037120,PROD001677,3,63049,189147,Debit Card,paid,2026-07-17 01:34:17
ORD-8F0A5EA9F5,CUST007026,SES037124,PROD001099,2,38919,77838,Credit Card,paid,2026-07-18 22:36:47
ORD-D9BE8E4392,CUST009134,SES037126,PROD001173,3,13691,41073,UPI,paid,2026-07-02 13:09:09
ORD-82A04F0181,CUST005382,SES037130,PROD001933,3,86964,260892,Wallet,paid,2026-06-26 02:26:52
ORD-0F29ED6BDB,CUST008682,SES037139,PROD001167,2,68289,136578,UPI,paid,2026-07-14 20:50:43
ORD-8B945354F4,CUST002866,SES037140,PROD001784,3,53062,159186,UPI,paid,2026-06-28 17:07:54
ORD-47B0B4CDFC,CUST008656,SES037145,PROD001519,2,45443,90886,Credit Card,paid,2026-07-14 05:42:54
ORD-2ED1D87FAF,CUST008569,SES037153,PROD000072,3,19496,58488,Wallet,paid,2026-07-15 21:43:03
ORD-956D708E3A,CUST006149,SES037160,PROD000601,1,31378,31378,Wallet,paid,2026-07-17 15:04:35
ORD-CD5EABBAAF,CUST002022,SES037166,PROD001867,3,48720,146160,Credit Card,paid,2026-06-30 11:55:40
ORD-E82728CC21,CUST007803,SES037174,PROD000314,1,4324,4324,Cash on Delivery,cancelled,2026-07-09 05:50:13
ORD-3A688BBB09,CUST000913,SES037178,PROD000820,3,60486,181458,Wallet,paid,2026-06-27 07:40:33
ORD-315A334850,CUST006051,SES037179,PROD001142,2,48803,97606,UPI,paid,2026-07-07 05:40:47
ORD-4F2CBC6BD4,CUST003774,SES037188,PROD001550,3,14396,43188,UPI,paid,2026-07-23 02:48:37
ORD-FFEAA6DEA8,CUST001258,SES037193,PROD000490,3,69336,208008,Credit Card,paid,2026-06-30 13:42:49
ORD-E9ED0D4699,CUST004068,SES037199,PROD000659,2,85888,171776,Debit Card,paid,2026-06-26 20:02:10
ORD-8B01E21343,CUST001800,SES037211,PROD001391,1,72006,72006,Wallet,paid,2026-06-27 03:50:26
ORD-868434F5D1,CUST001792,SES037212,PROD001159,3,20922,62766,UPI,paid,2026-07-15 07:36:20
ORD-4BE277DAA4,CUST007510,SES037218,PROD001022,2,41924,83848,UPI,paid,2026-07-20 18:03:39
ORD-D5B100952F,CUST008926,SES037227,PROD000940,1,14234,14234,Debit Card,paid,2026-07-21 03:25:41
ORD-89946BE74D,CUST009058,SES037229,PROD000714,3,37942,113826,Cash on Delivery,refunded,2026-07-10 09:46:21
ORD-7CCDC15591,CUST004476,SES037241,PROD001438,1,87672,87672,Credit Card,paid,2026-06-25 22:03:52
ORD-A93D41360E,CUST005620,SES037249,PROD001225,1,16511,16511,UPI,paid,2026-06-27 18:10:32
ORD-5D82F83325,CUST000705,SES037260,PROD001905,1,80451,80451,Debit Card,paid,2026-07-14 06:32:16
ORD-7A3A0618B9,CUST008287,SES037265,PROD001093,2,27182,54364,UPI,paid,2026-07-22 17:46:14
ORD-571007819C,CUST003316,SES037271,PROD000926,1,21760,21760,UPI,paid,2026-07-02 11:08:03
ORD-D6B5E75B1C,CUST004388,SES037282,PROD000614,2,58740,117480,UPI,paid,2026-07-03 11:53:13
ORD-1B143DE071,CUST006700,SES037290,PROD000022,3,35884,107652,UPI,refunded,2026-07-12 00:26:11
ORD-FC34D0D074,CUST006573,SES037291,PROD000945,1,71745,71745,UPI,paid,2026-07-24 00:15:31
ORD-FF86580067,CUST000564,SES037301,PROD000642,3,16328,48984,UPI,paid,2026-07-18 04:53:03
ORD-2B17A3E2E9,CUST006690,SES037304,PROD001962,3,55568,166704,Credit Card,refunded,2026-07-08 01:26:46
ORD-FF426E3181,CUST006401,SES037307,PROD000603,2,62653,125306,UPI,refunded,2026-07-12 09:01:51
ORD-DE1DB0A9B3,CUST006091,SES037309,PROD000762,1,69109,69109,UPI,paid,2026-06-28 19:00:46
ORD-AF7BA0402E,CUST007632,SES037311,PROD001241,1,33908,33908,Credit Card,paid,2026-07-07 02:18:28
ORD-6C30A9D959,CUST005306,SES037313,PROD001550,2,14396,28792,Debit Card,paid,2026-07-23 22:33:57
ORD-F93A008359,CUST009760,SES037315,PROD000865,3,34168,102504,UPI,paid,2026-07-10 21:37:35
ORD-5546C76B08,CUST000084,SES037334,PROD000188,3,45597,136791,UPI,paid,2026-07-13 08:48:26
ORD-7BBFAAE0F1,CUST005947,SES037336,PROD001598,1,50949,50949,UPI,paid,2026-06-30 12:25:25
ORD-AA25A2004F,CUST006216,SES037353,PROD000446,1,17923,17923,Credit Card,refunded,2026-07-08 01:53:38
ORD-3AF82E83E0,CUST002348,SES037359,PROD001760,3,21195,63585,UPI,paid,2026-07-10 11:53:08
ORD-7F98B0B549,CUST009270,SES037366,PROD001957,2,19595,39190,Wallet,paid,2026-07-24 17:02:22
ORD-9A099B8B9A,CUST009859,SES037382,PROD000374,1,60323,60323,Credit Card,paid,2026-07-12 23:05:38
ORD-04E195C09E,CUST009893,SES037389,PROD000979,3,95811,287433,Debit Card,paid,2026-07-17 10:12:36
ORD-CFC12346BD,CUST005180,SES037398,PROD001848,1,39551,39551,UPI,paid,2026-07-22 20:50:34
ORD-FFD59FCD4A,CUST005488,SES037405,PROD000929,3,47431,142293,UPI,paid,2026-07-08 16:54:15
ORD-0F551D65D9,CUST006960,SES037426,PROD000104,1,30282,30282,UPI,paid,2026-07-09 04:45:38
ORD-56B80C901C,CUST008249,SES037427,PROD000601,2,31378,62756,UPI,paid,2026-07-07 22:25:28
ORD-9AEE7572D3,CUST001047,SES037438,PROD001600,3,58952,176856,UPI,paid,2026-07-20 21:10:03
ORD-EE92A7942D,CUST003858,SES037449,PROD000041,1,82071,82071,UPI,paid,2026-07-25 13:08:03
ORD-8C40E77F6E,CUST003284,SES037450,PROD000258,1,73203,73203,UPI,paid,2026-07-07 17:50:08
ORD-A1554E725B,CUST008660,SES037455,PROD001536,2,69584,139168,UPI,paid,2026-06-28 06:32:25
ORD-083B1C8BF6,CUST002308,SES037456,PROD001666,3,93682,281046,Credit Card,paid,2026-06-28 06:37:42
ORD-2FCC6FCD0C,CUST007326,SES037477,PROD000713,1,15808,15808,Credit Card,paid,2026-06-27 06:39:48
ORD-5599AF9BB5,CUST008154,SES037493,PROD001153,1,43879,43879,Credit Card,paid,2026-07-11 09:12:48
ORD-C8D5C7880A,CUST006984,SES037496,PROD000671,2,43350,86700,UPI,paid,2026-06-29 21:55:41
ORD-8E22B10338,CUST000595,SES037498,PROD001191,1,41410,41410,Debit Card,paid,2026-07-13 17:28:13
ORD-DC09A46339,CUST002932,SES037499,PROD000073,3,54841,164523,Debit Card,paid,2026-07-04 14:17:20
ORD-25B30F0C06,CUST007066,SES037504,PROD001974,3,99516,298548,UPI,paid,2026-07-19 12:44:03
ORD-61E0D2C7B2,CUST003505,SES037511,PROD000387,3,74424,223272,UPI,paid,2026-07-24 22:38:11
ORD-F2959E5AB7,CUST009928,SES037513,PROD001753,1,48150,48150,UPI,paid,2026-06-29 13:18:27
ORD-127D2DD965,CUST003081,SES037521,PROD001601,1,58442,58442,Wallet,paid,2026-07-21 03:26:36
ORD-C0557AB608,CUST000200,SES037530,PROD001587,2,47538,95076,Credit Card,paid,2026-07-14 07:07:51
ORD-5E55E47217,CUST006571,SES037536,PROD000779,2,5151,10302,Wallet,paid,2026-07-12 18:03:02
ORD-119046AD6A,CUST004989,SES037537,PROD001336,2,54141,108282,UPI,paid,2026-07-11 16:00:11
ORD-CE25A9A9AA,CUST002405,SES037540,PROD001724,3,94535,283605,Debit Card,paid,2026-07-16 09:57:06
ORD-2E572092E5,CUST004393,SES037545,PROD000658,2,29922,59844,Debit Card,paid,2026-06-28 02:30:38
ORD-54CAE324E4,CUST004967,SES037550,PROD001030,2,2261,4522,UPI,paid,2026-07-19 11:55:35
ORD-0BB051300F,CUST003548,SES037557,PROD000634,3,17268,51804,UPI,paid,2026-07-17 16:14:04
ORD-F721A457FD,CUST000980,SES037558,PROD001190,2,25218,50436,UPI,paid,2026-07-13 11:32:53
ORD-7797BCA671,CUST002185,SES037559,PROD000636,2,29757,59514,Credit Card,paid,2026-07-11 15:57:41
ORD-28A9C85261,CUST008688,SES037564,PROD001298,1,77353,77353,Credit Card,paid,2026-07-18 23:37:26
ORD-2E771D2142,CUST007646,SES037567,PROD001731,1,31399,31399,UPI,paid,2026-07-12 00:56:11
ORD-E562933408,CUST008569,SES037568,PROD000773,2,29235,58470,UPI,paid,2026-07-12 05:38:41
ORD-DD3FA9CD0A,CUST007049,SES037576,PROD001377,2,33225,66450,Debit Card,paid,2026-07-20 20:30:39
ORD-A6DDD17B2B,CUST000214,SES037580,PROD001372,1,58274,58274,Credit Card,paid,2026-06-29 20:22:50
ORD-650E9DC517,CUST008686,SES037582,PROD001404,2,93983,187966,Cash on Delivery,paid,2026-07-16 00:53:47
ORD-95FFFD1350,CUST007502,SES037585,PROD000250,3,8869,26607,UPI,paid,2026-07-13 23:48:23
ORD-BB198CDECB,CUST004684,SES037589,PROD000146,2,57386,114772,Credit Card,paid,2026-07-17 20:05:05
ORD-27B94E1C2A,CUST000374,SES037631,PROD000222,3,21630,64890,Debit Card,paid,2026-07-21 07:16:23
ORD-E84518B8F8,CUST009371,SES037636,PROD001112,3,25693,77079,Debit Card,paid,2026-07-19 18:31:35
ORD-8D462EE09D,CUST004676,SES037638,PROD001902,2,20377,40754,Credit Card,paid,2026-07-12 12:19:22
ORD-12386EE144,CUST008605,SES037648,PROD000371,1,28226,28226,Wallet,paid,2026-07-24 15:52:18
ORD-66C5EBC7C7,CUST004925,SES037653,PROD001428,2,5201,10402,Wallet,paid,2026-07-18 02:47:06
ORD-E9A5635B47,CUST006837,SES037663,PROD001715,3,95531,286593,UPI,paid,2026-07-07 09:19:35
ORD-E47B988CC3,CUST009087,SES037669,PROD001779,2,93642,187284,Debit Card,paid,2026-07-14 11:49:07
ORD-CFDA04C3B6,CUST007975,SES037670,PROD001565,1,80694,80694,Credit Card,paid,2026-06-29 11:10:47
ORD-C36FEADA45,CUST002531,SES037679,PROD001573,3,62867,188601,Cash on Delivery,paid,2026-07-17 13:43:18
ORD-32852D372B,CUST001460,SES037681,PROD001501,1,5982,5982,Cash on Delivery,paid,2026-06-30 22:58:28
ORD-B027650F70,CUST001018,SES037708,PROD000260,1,86931,86931,Credit Card,paid,2026-06-27 01:37:12
ORD-0EEDAA9CAB,CUST004008,SES037711,PROD001396,2,13214,26428,Cash on Delivery,paid,2026-07-21 09:13:08
ORD-320AC682FD,CUST000356,SES037713,PROD001947,1,60537,60537,Debit Card,paid,2026-07-23 01:15:43
ORD-736E991D6C,CUST008383,SES037726,PROD000411,1,81257,81257,UPI,paid,2026-06-26 21:36:12
ORD-97F963CC53,CUST009742,SES037728,PROD000365,1,3843,3843,Debit Card,refunded,2026-07-22 03:38:05
ORD-EAAC992176,CUST000063,SES037729,PROD001910,1,44497,44497,UPI,paid,2026-06-27 06:32:27
ORD-A509F68B4C,CUST009294,SES037730,PROD001153,2,43879,87758,Debit Card,paid,2026-07-22 06:37:41
ORD-7738DC208C,CUST001042,SES037735,PROD000622,1,45427,45427,UPI,paid,2026-07-17 07:47:53
ORD-D86F6882EF,CUST006352,SES037737,PROD000971,1,94283,94283,Cash on Delivery,paid,2026-07-05 00:57:32
ORD-ADEBA5BE84,CUST002410,SES037740,PROD001442,3,86181,258543,Credit Card,paid,2026-07-20 23:04:44
ORD-EBE0511347,CUST005606,SES037741,PROD001528,2,44538,89076,Cash on Delivery,paid,2026-07-16 15:16:43
ORD-18A067F681,CUST000668,SES037748,PROD001083,2,64320,128640,UPI,paid,2026-07-03 06:01:41
ORD-769B05A1A7,CUST004137,SES037754,PROD000286,2,79250,158500,Wallet,paid,2026-07-22 16:01:06
ORD-BCD8272290,CUST003581,SES037759,PROD000687,2,65896,131792,Credit Card,paid,2026-06-27 20:52:44
ORD-43C1AFB0F2,CUST005714,SES037761,PROD001649,3,27303,81909,Credit Card,paid,2026-07-19 18:25:17
ORD-08B6B61124,CUST003677,SES037766,PROD000873,1,84333,84333,UPI,paid,2026-07-07 17:07:02
ORD-E826A612A8,CUST001873,SES037770,PROD001029,1,13720,13720,UPI,paid,2026-07-18 10:37:26
ORD-69826FA09F,CUST008785,SES037775,PROD000691,2,42406,84812,Credit Card,paid,2026-07-03 20:22:24
ORD-DB55975B5F,CUST008709,SES037782,PROD000585,3,83156,249468,UPI,paid,2026-07-14 01:56:47
ORD-63F56EE910,CUST001365,SES037783,PROD000029,3,88967,266901,UPI,paid,2026-06-30 02:48:29
ORD-DA15A5239D,CUST008415,SES037785,PROD001634,2,5655,11310,Wallet,paid,2026-06-26 15:07:45
ORD-16E21FA804,CUST003598,SES037794,PROD000453,1,45939,45939,UPI,refunded,2026-07-05 15:07:20
ORD-EAAC4EE2AD,CUST007788,SES037798,PROD000133,3,17079,51237,UPI,paid,2026-07-23 00:32:24
ORD-843BEEF836,CUST006594,SES037801,PROD000929,1,47431,47431,UPI,paid,2026-06-30 02:56:49
ORD-7FD509FDE2,CUST006685,SES037803,PROD001925,3,62159,186477,Credit Card,paid,2026-07-25 16:50:29
ORD-7B05749C6B,CUST006686,SES037815,PROD000772,3,57305,171915,UPI,paid,2026-06-29 12:34:16
ORD-85F4C81B69,CUST009057,SES037816,PROD000206,2,78821,157642,UPI,paid,2026-07-19 03:47:09
ORD-089E87188F,CUST004418,SES037818,PROD001977,2,80832,161664,Credit Card,paid,2026-06-27 09:00:57
ORD-DAAF50851D,CUST002134,SES037824,PROD001564,1,47414,47414,Debit Card,paid,2026-06-30 23:52:33
ORD-136736BC07,CUST007648,SES037831,PROD001481,2,90409,180818,Cash on Delivery,paid,2026-07-20 09:33:00
ORD-E061219AC2,CUST004474,SES037839,PROD000848,3,95093,285279,Credit Card,paid,2026-06-30 12:33:53
ORD-BAEE0F591B,CUST004945,SES037841,PROD001852,1,42737,42737,UPI,paid,2026-06-26 17:06:31
ORD-0ABEF3A2BA,CUST000121,SES037850,PROD000347,2,39282,78564,Credit Card,paid,2026-07-25 00:10:40
ORD-922093A7AD,CUST000720,SES037851,PROD000270,3,53308,159924,Debit Card,paid,2026-07-24 21:42:35
ORD-F01F16841E,CUST004872,SES037863,PROD000920,2,53817,107634,UPI,paid,2026-07-25 02:07:58
ORD-E7060928B6,CUST008423,SES037866,PROD000597,1,47015,47015,Wallet,paid,2026-07-04 04:29:21
ORD-62F6FC1373,CUST004206,SES037876,PROD000673,3,41456,124368,UPI,paid,2026-07-10 04:05:22
ORD-A387A253FC,CUST004792,SES037883,PROD000733,2,43474,86948,UPI,paid,2026-07-19 22:08:38
ORD-3D2CD19B7B,CUST002939,SES037887,PROD001869,1,40452,40452,UPI,paid,2026-07-11 03:15:33
ORD-E4905FD49A,CUST007747,SES037891,PROD001367,3,17095,51285,Wallet,paid,2026-07-20 15:41:30
ORD-08082CD30D,CUST003991,SES037892,PROD000977,2,1460,2920,Credit Card,paid,2026-07-04 20:20:54
ORD-4712970DF7,CUST004697,SES037893,PROD000700,1,96165,96165,Credit Card,paid,2026-07-22 01:45:57
ORD-E8413B98FF,CUST005083,SES037895,PROD001811,3,49478,148434,Credit Card,paid,2026-07-02 19:49:28
ORD-AE32CD04DD,CUST004756,SES037896,PROD000613,2,94147,188294,Cash on Delivery,paid,2026-06-28 20:40:54
ORD-D61A56C4C6,CUST008555,SES037900,PROD001221,2,17098,34196,Cash on Delivery,paid,2026-06-27 21:59:28
ORD-062A5D5DA7,CUST008298,SES037904,PROD000051,2,22874,45748,Debit Card,paid,2026-06-25 22:39:44
ORD-EE6750B94E,CUST005740,SES037905,PROD000277,1,17637,17637,Debit Card,paid,2026-07-23 20:22:09
ORD-A29A71A627,CUST008811,SES037928,PROD001946,2,1686,3372,Wallet,paid,2026-06-25 22:19:50
ORD-CB1274CF31,CUST006136,SES037937,PROD000249,3,90746,272238,UPI,cancelled,2026-07-07 17:10:52
ORD-14F7F15767,CUST002208,SES037947,PROD000405,2,8331,16662,Debit Card,paid,2026-07-08 20:47:17
ORD-D303BA108D,CUST008956,SES037948,PROD001812,3,54886,164658,UPI,paid,2026-06-27 10:01:20
ORD-4AF998596C,CUST004310,SES037951,PROD001206,2,84004,168008,UPI,paid,2026-07-05 13:59:47
ORD-2D34BFB3FC,CUST007717,SES037956,PROD001850,3,37550,112650,UPI,paid,2026-07-14 21:57:40
ORD-8B6760DCE9,CUST002076,SES037957,PROD001127,3,65500,196500,UPI,paid,2026-07-24 12:46:36
ORD-3BD641FF83,CUST002646,SES037962,PROD000281,1,5195,5195,UPI,paid,2026-07-08 11:52:24
ORD-FED31D4356,CUST008184,SES037963,PROD001455,3,76729,230187,UPI,paid,2026-06-26 01:40:34
ORD-FD4EA5E607,CUST001228,SES037976,PROD000649,2,99649,199298,Wallet,paid,2026-07-21 12:00:37
ORD-25762BA612,CUST004039,SES037978,PROD000414,3,43586,130758,Cash on Delivery,paid,2026-07-01 15:21:22
ORD-CC7264BA50,CUST005817,SES037980,PROD000343,1,25634,25634,UPI,paid,2026-07-23 23:53:55
ORD-BB0B5C8F6C,CUST009665,SES037992,PROD000838,3,51031,153093,UPI,paid,2026-07-18 17:37:08
ORD-143DAF7A43,CUST004266,SES038004,PROD001107,1,60784,60784,Credit Card,paid,2026-07-17 14:31:08
ORD-732AD47C89,CUST009415,SES038007,PROD000597,1,47015,47015,Wallet,paid,2026-07-21 16:49:24
ORD-C8F12E1BA3,CUST004473,SES038013,PROD001479,3,61774,185322,Wallet,paid,2026-07-19 17:31:10
ORD-8FDD2C6789,CUST002172,SES038034,PROD000289,1,18956,18956,Debit Card,paid,2026-07-21 02:05:39
ORD-358E1D80E3,CUST005953,SES038037,PROD001624,3,4133,12399,UPI,paid,2026-07-08 21:02:51
ORD-6141AD08A4,CUST005749,SES038042,PROD000159,3,48183,144549,Credit Card,paid,2026-06-27 20:19:57
ORD-9DCEEEC7F4,CUST004770,SES038047,PROD001539,2,81084,162168,Cash on Delivery,paid,2026-07-03 23:31:07
ORD-2A2418550E,CUST001629,SES038056,PROD000945,1,71745,71745,UPI,cancelled,2026-07-12 02:54:42
ORD-C9B0E1C938,CUST005295,SES038061,PROD000654,1,49918,49918,UPI,paid,2026-07-03 04:09:48
ORD-D584B51DC3,CUST005164,SES038072,PROD001119,1,85278,85278,UPI,paid,2026-07-04 10:27:08
ORD-C5D15E42FE,CUST004046,SES038075,PROD000947,2,34169,68338,Credit Card,paid,2026-07-08 15:14:34
ORD-471EEBC202,CUST009941,SES038082,PROD000110,1,18642,18642,UPI,paid,2026-06-26 12:33:10
ORD-B73E4E7176,CUST007520,SES038083,PROD001917,2,79649,159298,UPI,paid,2026-07-25 05:11:44
ORD-0D1FE8E747,CUST006748,SES038091,PROD000901,1,62656,62656,UPI,paid,2026-07-18 05:48:07
ORD-42BC3E2CF6,CUST005695,SES038094,PROD000815,1,44987,44987,UPI,refunded,2026-07-08 11:47:54
ORD-3DB0A0E025,CUST000473,SES038100,PROD000568,1,18726,18726,UPI,paid,2026-06-26 09:21:55
ORD-D3439A6583,CUST009707,SES038113,PROD001358,2,59083,118166,UPI,paid,2026-06-27 06:16:27
ORD-8FABAF44E7,CUST005674,SES038129,PROD000893,1,22430,22430,Cash on Delivery,paid,2026-07-14 15:21:05
ORD-AE53D169E5,CUST002856,SES038133,PROD000680,2,86277,172554,Debit Card,paid,2026-06-29 14:03:06
ORD-A414E0947F,CUST007818,SES038135,PROD001181,1,47783,47783,Credit Card,paid,2026-07-12 09:02:24
ORD-CBDF469FB7,CUST009744,SES038137,PROD001895,1,47379,47379,Debit Card,paid,2026-07-07 23:16:42
ORD-524920EF4D,CUST007074,SES038143,PROD001965,1,20391,20391,UPI,paid,2026-07-14 04:03:31
ORD-D6825574BC,CUST009196,SES038144,PROD000161,1,721,721,UPI,refunded,2026-07-07 15:04:02
ORD-6F5508DA55,CUST000814,SES038147,PROD001932,3,15533,46599,Cash on Delivery,paid,2026-06-29 13:11:11
ORD-A08239D5BA,CUST002544,SES038150,PROD000939,1,60038,60038,Credit Card,paid,2026-07-17 15:00:50
ORD-02AE4CBAB8,CUST007123,SES038152,PROD001787,3,46555,139665,Credit Card,paid,2026-07-10 22:03:04
ORD-0BBF0A4CBE,CUST007229,SES038174,PROD001386,3,77475,232425,UPI,paid,2026-07-09 03:31:54
ORD-0A5AE53E54,CUST001618,SES038178,PROD001234,2,29350,58700,Credit Card,paid,2026-07-14 19:02:28
ORD-347859CE23,CUST008641,SES038183,PROD000720,3,89269,267807,UPI,paid,2026-07-04 21:21:35
ORD-8E2F59CB9E,CUST001114,SES038186,PROD001826,2,50246,100492,UPI,paid,2026-07-04 03:04:42
ORD-43269C9DD3,CUST003717,SES038191,PROD000554,1,11759,11759,Credit Card,paid,2026-07-19 12:45:30
ORD-36AC1ED42A,CUST002181,SES038214,PROD000361,2,42646,85292,UPI,paid,2026-07-01 21:14:40
ORD-A387A767B8,CUST005866,SES038226,PROD000982,2,22906,45812,Debit Card,paid,2026-07-07 02:58:06
ORD-E314B3B892,CUST002090,SES038232,PROD000660,2,99527,199054,Credit Card,paid,2026-06-30 19:45:18
ORD-2C6A7598B7,CUST006592,SES038236,PROD000791,1,80331,80331,UPI,paid,2026-07-08 16:10:40
ORD-533DBB9CD1,CUST009843,SES038244,PROD001455,2,76729,153458,Wallet,paid,2026-07-19 05:13:23
ORD-8513928A1C,CUST006461,SES038246,PROD001218,1,34546,34546,UPI,paid,2026-07-18 12:22:42
ORD-D140EB45B7,CUST007600,SES038249,PROD001192,2,18725,37450,UPI,paid,2026-07-01 14:47:19
ORD-19557E5B3A,CUST005928,SES038250,PROD000316,3,24126,72378,Credit Card,paid,2026-07-07 01:45:47
ORD-E5F08756DA,CUST000521,SES038252,PROD000359,3,90508,271524,Debit Card,paid,2026-07-22 21:55:27
ORD-1A1912C362,CUST001938,SES038262,PROD000651,3,68016,204048,Cash on Delivery,paid,2026-07-16 03:38:51
ORD-2DC51347F6,CUST007700,SES038266,PROD001457,1,88529,88529,Debit Card,paid,2026-07-07 03:19:54
ORD-4640843627,CUST000057,SES038272,PROD001615,1,80149,80149,UPI,paid,2026-06-27 02:41:36
ORD-EE64995AF8,CUST002416,SES038273,PROD000048,1,80112,80112,UPI,paid,2026-06-29 18:14:52
ORD-872A004E7D,CUST001550,SES038274,PROD001924,1,89298,89298,Debit Card,paid,2026-07-09 21:57:56
ORD-D21C78CD25,CUST008053,SES038275,PROD000500,3,18086,54258,UPI,paid,2026-07-13 20:07:48
ORD-54A73B655C,CUST009503,SES038281,PROD001085,2,59079,118158,Wallet,paid,2026-07-05 08:42:53
ORD-9633D46592,CUST005229,SES038283,PROD001740,1,77831,77831,Debit Card,paid,2026-07-20 10:48:38
ORD-63D7A20EE5,CUST007825,SES038284,PROD000885,1,28720,28720,Wallet,paid,2026-07-16 14:36:58
ORD-90D7414FB4,CUST004737,SES038285,PROD000690,3,628,1884,Credit Card,paid,2026-07-08 21:40:48
ORD-411848C3EF,CUST003491,SES038294,PROD000999,1,27229,27229,Wallet,paid,2026-07-23 11:01:16
ORD-2BF5A5EAE6,CUST005228,SES038298,PROD001729,3,94424,283272,Wallet,paid,2026-06-26 14:07:28
ORD-81BA6C5516,CUST000210,SES038315,PROD000592,3,54031,162093,Credit Card,paid,2026-07-02 22:24:14
ORD-DC6070B2C2,CUST009891,SES038323,PROD000622,1,45427,45427,UPI,paid,2026-07-04 12:41:06
ORD-F8975A07F9,CUST009488,SES038338,PROD001792,1,65177,65177,Cash on Delivery,paid,2026-07-13 00:49:53
ORD-72CD7BB88F,CUST009528,SES038342,PROD000206,1,78821,78821,Debit Card,paid,2026-07-05 06:39:25
ORD-7EDC995468,CUST000542,SES038351,PROD000567,3,54699,164097,Credit Card,paid,2026-07-21 06:28:09
ORD-CD177694FD,CUST007459,SES038356,PROD001403,3,22582,67746,Cash on Delivery,refunded,2026-07-19 08:29:54
ORD-879CEF78EB,CUST003581,SES038361,PROD000703,3,29709,89127,Cash on Delivery,refunded,2026-07-25 17:17:25
ORD-156C980DBF,CUST003690,SES038364,PROD000659,3,85888,257664,Credit Card,refunded,2026-07-15 23:31:23
ORD-0C79EC7F17,CUST004334,SES038369,PROD000130,3,44782,134346,Credit Card,paid,2026-06-30 16:24:00
ORD-334CE4180E,CUST003685,SES038376,PROD000433,1,15634,15634,Credit Card,paid,2026-06-26 02:05:43
ORD-A90A689773,CUST004311,SES038378,PROD000407,1,1893,1893,UPI,paid,2026-07-03 23:01:15
ORD-F54A305CE7,CUST000251,SES038391,PROD000595,2,38355,76710,Debit Card,paid,2026-06-25 23:36:24
ORD-914BBC43C3,CUST002534,SES038397,PROD000387,1,74424,74424,Credit Card,paid,2026-07-22 22:25:05
ORD-26DFBB7C6C,CUST008502,SES038404,PROD000675,2,44956,89912,Wallet,paid,2026-07-06 09:47:26
ORD-75894C03A6,CUST005476,SES038407,PROD000060,3,61141,183423,Debit Card,paid,2026-06-30 22:53:03
ORD-2447C84B57,CUST001801,SES038412,PROD000775,1,71905,71905,UPI,paid,2026-07-18 13:07:39
ORD-6BB5180ABF,CUST007884,SES038430,PROD000124,2,22860,45720,UPI,paid,2026-07-12 05:13:51
ORD-4472FF7DBC,CUST006795,SES038436,PROD000686,1,49688,49688,UPI,refunded,2026-06-28 13:34:02
ORD-3D825812E9,CUST001806,SES038437,PROD001947,1,60537,60537,Credit Card,paid,2026-07-01 11:58:07
ORD-D6A13198C2,CUST008421,SES038441,PROD001358,1,59083,59083,UPI,paid,2026-07-19 05:10:29
ORD-A5BE1D1D22,CUST002946,SES038446,PROD001937,1,34863,34863,Debit Card,paid,2026-06-28 14:00:58
ORD-FE3FC0BCA3,CUST005826,SES038456,PROD001754,3,50376,151128,UPI,paid,2026-07-01 08:02:15
ORD-FA8101FD06,CUST002505,SES038461,PROD001011,1,62835,62835,Debit Card,paid,2026-07-06 01:45:33
ORD-314747109C,CUST005765,SES038465,PROD000156,1,58277,58277,Credit Card,paid,2026-07-25 02:05:42
ORD-DA36A152EC,CUST006746,SES038475,PROD001830,3,12500,37500,Debit Card,refunded,2026-07-06 09:33:55
ORD-CF3BE75AB3,CUST007956,SES038479,PROD001094,3,40801,122403,Credit Card,paid,2026-07-07 01:41:25
ORD-4A12B1CFEA,CUST008253,SES038487,PROD000597,2,47015,94030,Wallet,paid,2026-07-15 18:18:56
ORD-C93C4378D1,CUST002428,SES038489,PROD001648,3,32625,97875,UPI,paid,2026-07-05 17:49:35
ORD-717F90ABF9,CUST007317,SES038490,PROD001660,1,11078,11078,UPI,paid,2026-07-16 12:26:26
ORD-757AC82F12,CUST009955,SES038495,PROD001437,2,53399,106798,UPI,paid,2026-07-18 01:17:17
ORD-3388BC0785,CUST000907,SES038515,PROD000710,2,86839,173678,Cash on Delivery,paid,2026-06-29 14:59:14
ORD-D81D8A3C4E,CUST004484,SES038517,PROD001841,3,47668,143004,Wallet,paid,2026-07-22 00:45:38
ORD-47E33F7D27,CUST003789,SES038519,PROD001106,1,49590,49590,UPI,paid,2026-07-11 04:51:04
ORD-98756AD005,CUST004283,SES038524,PROD001325,1,89206,89206,UPI,paid,2026-07-02 17:43:37
ORD-46E3F0A9EB,CUST000412,SES038529,PROD000108,3,92982,278946,UPI,paid,2026-07-01 01:33:53
ORD-81C3DCCA01,CUST008097,SES038543,PROD001904,3,68697,206091,Credit Card,cancelled,2026-07-10 01:08:31
ORD-4AF3828294,CUST007854,SES038555,PROD000981,2,19544,39088,UPI,paid,2026-07-10 23:16:49
ORD-EA7E75F2E5,CUST001740,SES038564,PROD000897,1,9784,9784,Credit Card,paid,2026-06-29 09:04:20
ORD-EC5312F204,CUST009800,SES038581,PROD000126,1,39662,39662,UPI,paid,2026-07-19 11:20:26
ORD-9647599298,CUST006398,SES038586,PROD000600,2,46362,92724,Cash on Delivery,cancelled,2026-07-14 06:19:26
ORD-037B213AA1,CUST001944,SES038590,PROD001066,2,61725,123450,Wallet,cancelled,2026-07-05 11:55:25
ORD-831ECC08BC,CUST009466,SES038592,PROD000940,1,14234,14234,Credit Card,paid,2026-06-26 18:40:03
ORD-BEAF37033E,CUST005753,SES038599,PROD001998,1,61913,61913,Cash on Delivery,paid,2026-07-15 04:49:10
ORD-D2A7136ECC,CUST008108,SES038603,PROD001887,3,20090,60270,UPI,paid,2026-06-30 22:07:07
ORD-FCED99594C,CUST007216,SES038612,PROD001738,2,45384,90768,Debit Card,paid,2026-06-25 23:56:48
ORD-6FDF15DE85,CUST003681,SES038618,PROD000194,3,31470,94410,Credit Card,paid,2026-06-26 23:38:17
ORD-552C308DB1,CUST006063,SES038625,PROD001738,3,45384,136152,Cash on Delivery,paid,2026-07-13 15:57:02
ORD-4BE2361244,CUST008139,SES038632,PROD001450,2,80566,161132,Wallet,paid,2026-07-13 23:37:49
ORD-3F3E96DF30,CUST005576,SES038633,PROD001676,3,66683,200049,UPI,cancelled,2026-07-04 01:15:18
ORD-9E49BDBDF4,CUST001233,SES038636,PROD001724,3,94535,283605,Debit Card,paid,2026-07-12 18:20:50
ORD-6EFD178ED5,CUST004582,SES038643,PROD001126,3,32986,98958,Debit Card,paid,2026-06-27 15:21:53
ORD-9714E8E1C8,CUST006979,SES038648,PROD000900,1,81425,81425,UPI,paid,2026-07-09 21:29:02
ORD-DB5D7A4EEB,CUST006902,SES038653,PROD001847,1,92254,92254,Wallet,refunded,2026-06-30 18:21:49
ORD-95B6D68095,CUST004669,SES038655,PROD000386,1,97374,97374,Credit Card,paid,2026-07-24 22:26:33
ORD-F8F9B5AB1F,CUST000866,SES038656,PROD001404,2,93983,187966,UPI,paid,2026-07-13 06:20:48
ORD-A98D67A7F5,CUST009442,SES038664,PROD001410,3,1833,5499,UPI,paid,2026-07-18 19:16:14
ORD-5918D4BC4B,CUST000192,SES038666,PROD001206,1,84004,84004,Cash on Delivery,paid,2026-07-18 02:03:48
ORD-899DF43F05,CUST003629,SES038667,PROD000452,2,1102,2204,Credit Card,paid,2026-07-06 10:52:08
ORD-E8B3309B1C,CUST007009,SES038672,PROD001659,2,69207,138414,UPI,paid,2026-07-17 12:43:22
ORD-64AF419EF3,CUST001670,SES038679,PROD001735,2,18217,36434,Wallet,paid,2026-06-26 04:40:22
ORD-F0273E1929,CUST009979,SES038712,PROD001023,1,35169,35169,Credit Card,paid,2026-06-29 18:23:26
ORD-2786960B91,CUST005334,SES038715,PROD000217,3,57713,173139,Debit Card,paid,2026-07-17 22:31:30
ORD-E69E9BB39D,CUST000599,SES038719,PROD001038,1,48944,48944,Credit Card,paid,2026-07-07 02:14:40
ORD-43775C13CB,CUST001149,SES038724,PROD001122,2,40374,80748,UPI,paid,2026-07-24 02:25:46
ORD-ECE44927A5,CUST001368,SES038728,PROD001358,2,59083,118166,Credit Card,paid,2026-07-06 13:47:48
ORD-6DCC5095FB,CUST008844,SES038731,PROD000485,1,69846,69846,UPI,paid,2026-07-19 16:53:12
ORD-A10450B9DF,CUST008392,SES038732,PROD000487,3,48427,145281,UPI,paid,2026-07-12 12:40:52
ORD-778A32B1AB,CUST002573,SES038736,PROD000761,1,14326,14326,UPI,paid,2026-07-24 09:18:21
ORD-F293086C31,CUST000750,SES038739,PROD000607,3,28019,84057,Credit Card,paid,2026-07-17 08:24:46
ORD-86EDB7B3CE,CUST008369,SES038757,PROD000464,3,60947,182841,UPI,paid,2026-06-26 06:34:43
ORD-B2BA67E421,CUST006862,SES038763,PROD001918,2,17647,35294,Cash on Delivery,paid,2026-07-14 08:25:11
ORD-33EA15FA38,CUST007274,SES038769,PROD001991,2,56677,113354,UPI,paid,2026-07-12 11:04:13
ORD-E17C0AC91F,CUST002914,SES038791,PROD000485,3,69846,209538,UPI,paid,2026-07-01 14:15:28
ORD-272E7668CE,CUST000784,SES038793,PROD000151,2,19908,39816,Debit Card,paid,2026-07-09 01:48:53
ORD-2AF11267DF,CUST000315,SES038798,PROD000741,1,21879,21879,UPI,paid,2026-07-12 15:54:09
ORD-E21D18F6BF,CUST008321,SES038803,PROD001287,2,75018,150036,UPI,paid,2026-07-08 18:44:44
ORD-672693F0C5,CUST005736,SES038805,PROD001235,3,63410,190230,Credit Card,paid,2026-07-17 00:43:02
ORD-C5AA8D557F,CUST005385,SES038806,PROD001975,1,66265,66265,UPI,paid,2026-06-29 16:54:50
ORD-148CBE8402,CUST005984,SES038808,PROD001039,3,54016,162048,Credit Card,paid,2026-07-21 04:12:07
ORD-26DAD4BC70,CUST003523,SES038810,PROD001947,3,60537,181611,UPI,cancelled,2026-07-23 21:47:25
ORD-75F7A7424F,CUST007076,SES038815,PROD001592,2,3984,7968,Debit Card,cancelled,2026-06-27 02:29:45
ORD-1AA4959164,CUST007874,SES038818,PROD000422,2,78921,157842,UPI,paid,2026-07-22 14:11:47
ORD-612EEA4AC2,CUST007536,SES038829,PROD000345,3,96403,289209,UPI,paid,2026-06-28 03:49:35
ORD-D070EE86CD,CUST004775,SES038830,PROD001966,3,61160,183480,Credit Card,cancelled,2026-07-12 04:17:31
ORD-3183D3B1EB,CUST002926,SES038831,PROD000991,2,46190,92380,Cash on Delivery,paid,2026-07-12 20:36:43
ORD-110177549C,CUST008802,SES038845,PROD001875,1,48977,48977,Cash on Delivery,paid,2026-07-14 23:50:40
ORD-1AB9195951,CUST006216,SES038846,PROD000891,2,56508,113016,Credit Card,cancelled,2026-07-07 01:48:04
ORD-466C328230,CUST000961,SES038852,PROD000395,1,56323,56323,Cash on Delivery,paid,2026-07-03 20:06:45
ORD-E77D8BA4AE,CUST008185,SES038871,PROD001312,1,37313,37313,Cash on Delivery,paid,2026-07-05 03:51:46
ORD-E668D6683E,CUST009169,SES038872,PROD000035,1,59777,59777,Wallet,paid,2026-07-18 11:38:51
ORD-9EDD01F72D,CUST009848,SES038897,PROD000882,3,35194,105582,Credit Card,paid,2026-07-03 00:23:18
ORD-8FDB424675,CUST005434,SES038909,PROD000060,1,61141,61141,UPI,paid,2026-07-11 16:43:15
ORD-20DE241B25,CUST001898,SES038921,PROD001853,2,99194,198388,Credit Card,paid,2026-06-26 20:36:38
ORD-64AF62F7C1,CUST002096,SES038924,PROD001497,2,2965,5930,UPI,paid,2026-07-06 14:34:26
ORD-32B35A3364,CUST004420,SES038927,PROD000912,1,10098,10098,Wallet,paid,2026-07-25 07:44:03
ORD-CDEAAC4E55,CUST002682,SES038944,PROD001957,2,19595,39190,Credit Card,paid,2026-07-09 03:56:00
ORD-412C5B674E,CUST000754,SES038955,PROD000930,2,51191,102382,UPI,paid,2026-06-27 19:16:30
ORD-C3A8FA44FD,CUST008713,SES038963,PROD001488,1,18404,18404,UPI,paid,2026-07-14 10:37:55
ORD-00F52C8238,CUST000911,SES038964,PROD001903,1,85079,85079,Credit Card,refunded,2026-07-07 08:29:17
ORD-86C3CDBC2E,CUST005764,SES038967,PROD000531,3,11148,33444,UPI,paid,2026-07-07 02:29:16
ORD-72CEB84F2E,CUST004955,SES038969,PROD001827,3,8526,25578,Credit Card,paid,2026-07-14 04:51:28
ORD-3FD8FC8CFB,CUST002505,SES038979,PROD001123,2,78107,156214,UPI,paid,2026-06-29 12:56:38
ORD-CD89B489C6,CUST004830,SES038983,PROD001675,2,88623,177246,UPI,paid,2026-07-25 08:16:18
ORD-6173B97D65,CUST004133,SES038986,PROD000059,1,96326,96326,UPI,paid,2026-07-24 10:25:29
ORD-4525B5343C,CUST006073,SES038992,PROD000191,2,55494,110988,Credit Card,paid,2026-06-26 22:35:14
ORD-C0402F2264,CUST006345,SES038995,PROD000842,2,91414,182828,Credit Card,paid,2026-07-03 13:00:36
ORD-3E36264D34,CUST004155,SES039001,PROD001190,2,25218,50436,UPI,paid,2026-07-25 08:40:26
ORD-1859EFD3EB,CUST001858,SES039011,PROD001764,3,730,2190,UPI,paid,2026-07-13 02:50:24
ORD-5A552B25F7,CUST009247,SES039054,PROD001352,3,38438,115314,UPI,paid,2026-07-08 00:10:57
ORD-F938FAFC81,CUST009437,SES039055,PROD000641,2,70459,140918,Credit Card,paid,2026-07-14 08:49:44
ORD-1F1690336E,CUST009917,SES039060,PROD001618,3,50210,150630,UPI,paid,2026-07-25 17:19:11
ORD-54B21D4B3E,CUST000355,SES039062,PROD001432,2,93246,186492,Credit Card,paid,2026-07-06 12:30:19
ORD-35700FD3A7,CUST003021,SES039071,PROD001301,2,50249,100498,UPI,paid,2026-06-27 17:48:22
ORD-939FD49CCB,CUST008796,SES039073,PROD000189,3,2445,7335,UPI,paid,2026-07-11 23:35:34
ORD-2943022D63,CUST007996,SES039082,PROD000160,3,21040,63120,Credit Card,paid,2026-06-29 23:13:42
ORD-7819CA80B0,CUST001448,SES039088,PROD001704,1,54673,54673,UPI,paid,2026-07-23 21:21:10
ORD-FC29F00986,CUST006205,SES039096,PROD001162,2,20140,40280,Cash on Delivery,paid,2026-07-24 05:04:35
ORD-DC3792D984,CUST003287,SES039106,PROD000344,3,16335,49005,UPI,paid,2026-07-13 15:40:48
ORD-01C66AA4DE,CUST003123,SES039122,PROD000085,2,51475,102950,Credit Card,paid,2026-06-30 15:08:41
ORD-4BB8B245A2,CUST002663,SES039139,PROD000548,1,53565,53565,UPI,paid,2026-07-12 04:06:51
ORD-EF8CC4A27B,CUST007850,SES039147,PROD001872,3,32557,97671,Credit Card,paid,2026-07-12 22:04:32
ORD-1C8F4A6E2D,CUST003122,SES039167,PROD001960,3,11769,35307,UPI,paid,2026-07-12 22:26:18
ORD-C5F85847A4,CUST009013,SES039174,PROD000864,2,84808,169616,UPI,paid,2026-07-16 14:14:46
ORD-C6669A9158,CUST005324,SES039183,PROD001225,2,16511,33022,Credit Card,paid,2026-07-17 20:04:37
ORD-41EFCF3515,CUST007112,SES039185,PROD000877,2,70656,141312,Debit Card,cancelled,2026-07-02 15:22:32
ORD-7732EC61ED,CUST006112,SES039192,PROD001593,3,59263,177789,UPI,paid,2026-07-05 06:51:42
ORD-F0F327701A,CUST004518,SES039202,PROD001478,3,16069,48207,Wallet,paid,2026-07-10 14:39:16
ORD-B3A30A42A2,CUST001370,SES039203,PROD000041,1,82071,82071,UPI,paid,2026-07-09 10:04:05
ORD-D5A16E42DF,CUST007883,SES039206,PROD001442,2,86181,172362,UPI,refunded,2026-07-09 08:34:42
ORD-08A8BF254C,CUST002695,SES039209,PROD000825,2,87226,174452,UPI,paid,2026-07-12 20:45:40
ORD-B88075CCED,CUST004039,SES039212,PROD001541,1,97458,97458,UPI,paid,2026-07-06 03:43:58
ORD-D0148818BB,CUST000756,SES039223,PROD001870,2,11406,22812,Wallet,paid,2026-06-29 09:18:08
ORD-A7489652CA,CUST006782,SES039232,PROD001377,1,33225,33225,UPI,paid,2026-07-16 16:32:53
ORD-8BF972D915,CUST003878,SES039236,PROD001393,2,19426,38852,UPI,paid,2026-06-26 02:03:55
ORD-AB5DA333E7,CUST003116,SES039244,PROD001364,1,54232,54232,Wallet,paid,2026-07-04 06:34:31
ORD-80552CD2C2,CUST009577,SES039246,PROD000872,3,16859,50577,UPI,paid,2026-07-11 04:16:17
ORD-1BFFF4B61A,CUST000796,SES039251,PROD001035,1,76574,76574,Debit Card,paid,2026-07-13 18:39:06
ORD-4C9D4DF1F8,CUST007473,SES039252,PROD000880,1,66225,66225,UPI,paid,2026-07-01 06:40:09
ORD-E83D951B22,CUST007143,SES039260,PROD001111,1,72856,72856,Wallet,refunded,2026-07-03 09:30:42
ORD-673DEF58EA,CUST004613,SES039261,PROD000898,3,17378,52134,UPI,paid,2026-07-02 08:25:58
ORD-BFD65443EB,CUST004108,SES039266,PROD001709,2,75328,150656,Debit Card,paid,2026-07-08 05:53:49
ORD-C8AECCC74C,CUST008136,SES039275,PROD001539,1,81084,81084,UPI,paid,2026-07-08 06:40:05
ORD-071B7FCE46,CUST008087,SES039278,PROD001745,2,20213,40426,UPI,paid,2026-07-01 21:44:00
ORD-F4ADEC074B,CUST000805,SES039297,PROD001325,1,89206,89206,Debit Card,paid,2026-07-18 21:13:34
ORD-7FAF438795,CUST001162,SES039301,PROD000067,3,46723,140169,Credit Card,paid,2026-06-30 17:57:55
ORD-ED5B4FA22D,CUST000238,SES039303,PROD001787,2,46555,93110,Wallet,paid,2026-07-05 05:25:55
ORD-6D1AE4535A,CUST001445,SES039307,PROD000693,2,41095,82190,Cash on Delivery,paid,2026-07-03 11:36:01
ORD-B90588242B,CUST002025,SES039323,PROD001584,1,5551,5551,UPI,cancelled,2026-07-04 09:58:37
ORD-E0F6A68D50,CUST008867,SES039350,PROD001543,2,61159,122318,UPI,paid,2026-07-10 00:02:06
ORD-5FE5DBED8D,CUST008780,SES039358,PROD000477,3,49469,148407,UPI,paid,2026-07-17 17:13:21
ORD-A91447D9E5,CUST002157,SES039372,PROD000147,1,78600,78600,Cash on Delivery,paid,2026-07-17 13:10:17
ORD-2040382C0F,CUST002808,SES039373,PROD000728,1,84771,84771,Credit Card,paid,2026-07-22 10:46:32
ORD-E8989E607B,CUST008739,SES039374,PROD001368,3,56024,168072,UPI,paid,2026-07-17 01:15:47
ORD-786E601BB6,CUST006657,SES039378,PROD001745,1,20213,20213,Debit Card,paid,2026-06-28 06:26:04
ORD-29508A1946,CUST007144,SES039384,PROD000415,2,51566,103132,UPI,paid,2026-06-27 09:01:19
ORD-B4995CD369,CUST007300,SES039387,PROD001656,3,51606,154818,UPI,refunded,2026-07-18 16:33:37
ORD-20460491C5,CUST000225,SES039397,PROD001832,1,32923,32923,UPI,paid,2026-06-30 00:32:53
ORD-06374704C8,CUST001461,SES039398,PROD000656,2,54377,108754,Credit Card,paid,2026-06-28 21:39:46
ORD-D8C9651623,CUST005217,SES039399,PROD000064,2,93266,186532,Credit Card,paid,2026-07-15 15:19:22
ORD-DB88DC1673,CUST003182,SES039404,PROD001030,3,2261,6783,Credit Card,paid,2026-06-28 02:35:53
ORD-51F3305887,CUST002758,SES039405,PROD000204,2,12628,25256,UPI,paid,2026-07-25 15:52:30
ORD-85D5C8815C,CUST000782,SES039409,PROD001948,3,53537,160611,UPI,paid,2026-06-29 14:18:32
ORD-6A42BE1335,CUST003326,SES039411,PROD000113,3,49173,147519,UPI,paid,2026-07-09 03:43:53
ORD-AEE27911ED,CUST009556,SES039414,PROD001493,3,73101,219303,Debit Card,paid,2026-07-20 15:31:14
ORD-6343F57427,CUST002353,SES039415,PROD000663,3,25326,75978,Credit Card,paid,2026-06-28 04:00:30
ORD-AC329A0A58,CUST009491,SES039420,PROD001716,2,2935,5870,Debit Card,paid,2026-07-07 20:07:06
ORD-ABEF66E7C6,CUST006628,SES039449,PROD000997,3,89649,268947,Wallet,refunded,2026-07-18 16:15:48
ORD-9334DEE91A,CUST005550,SES039455,PROD001828,1,19201,19201,UPI,paid,2026-07-12 02:13:51
ORD-05C83BD210,CUST004326,SES039463,PROD001149,2,41815,83630,UPI,paid,2026-07-17 01:29:59
ORD-AFE5159B52,CUST005493,SES039465,PROD001754,1,50376,50376,Cash on Delivery,paid,2026-07-09 11:51:46
ORD-68130DF6F2,CUST007415,SES039468,PROD001820,2,65935,131870,UPI,paid,2026-07-14 00:07:39
ORD-04D50A98FD,CUST008719,SES039484,PROD000244,2,77866,155732,Cash on Delivery,paid,2026-07-18 13:54:43
ORD-5AAD02E1A7,CUST009718,SES039490,PROD001038,3,48944,146832,Debit Card,paid,2026-07-20 15:59:15
ORD-1870DB3DAF,CUST007184,SES039498,PROD000826,1,76922,76922,Credit Card,paid,2026-07-09 05:30:10
ORD-10146C93FF,CUST002090,SES039499,PROD000834,2,41822,83644,Credit Card,paid,2026-07-12 12:10:48
ORD-DB91AAA314,CUST001932,SES039510,PROD001018,1,83699,83699,Credit Card,paid,2026-07-22 22:18:35
ORD-6D67234626,CUST006811,SES039531,PROD000750,3,39883,119649,Credit Card,paid,2026-07-18 15:03:32
ORD-E28AAD039A,CUST002272,SES039538,PROD000424,1,29049,29049,UPI,paid,2026-07-20 14:54:15
ORD-ADF7982ECC,CUST007893,SES039542,PROD000739,2,85150,170300,Credit Card,refunded,2026-07-12 15:27:06
ORD-F7902542E1,CUST005853,SES039554,PROD001498,1,29091,29091,Wallet,paid,2026-06-29 07:59:53
ORD-F089F735B2,CUST004185,SES039559,PROD000402,1,34517,34517,Credit Card,paid,2026-07-14 01:49:44
ORD-986D9CF2EC,CUST008302,SES039561,PROD001691,2,11943,23886,Wallet,paid,2026-06-29 14:18:53
ORD-5C31CCAF35,CUST009042,SES039567,PROD000057,3,97221,291663,Debit Card,paid,2026-07-12 23:05:44
ORD-C52AC00E7E,CUST004865,SES039582,PROD000509,2,50001,100002,UPI,paid,2026-06-29 00:12:22
ORD-9E6074F859,CUST008921,SES039587,PROD000194,1,31470,31470,Cash on Delivery,paid,2026-07-23 00:21:30
ORD-9F25D0073E,CUST004604,SES039591,PROD001201,1,3716,3716,Debit Card,paid,2026-07-07 01:26:56
ORD-833426C44B,CUST008133,SES039602,PROD000010,2,94666,189332,Debit Card,paid,2026-06-29 14:26:09
ORD-9C4914AF97,CUST000460,SES039607,PROD000634,1,17268,17268,UPI,paid,2026-07-10 22:42:01
ORD-657BEE74DE,CUST006042,SES039619,PROD001508,3,46910,140730,Debit Card,paid,2026-06-29 22:59:56
ORD-55315EACE0,CUST007569,SES039626,PROD000635,1,16267,16267,UPI,paid,2026-07-15 18:15:19
ORD-4CBDD47DD5,CUST003324,SES039628,PROD001522,3,68365,205095,Credit Card,paid,2026-07-14 22:25:55
ORD-FEBFD7B509,CUST004514,SES039639,PROD001085,3,59079,177237,Credit Card,paid,2026-07-23 00:45:48
ORD-BBBD169B95,CUST009160,SES039672,PROD000849,1,43546,43546,UPI,paid,2026-07-06 22:32:29
ORD-09A3E6199A,CUST006826,SES039688,PROD001451,2,9368,18736,UPI,paid,2026-07-06 15:28:58
ORD-64104FA4B2,CUST005409,SES039690,PROD000112,2,45523,91046,UPI,cancelled,2026-07-23 07:21:27
ORD-3AD31CF9D1,CUST005386,SES039691,PROD001048,3,25239,75717,UPI,paid,2026-07-03 19:15:31
ORD-7412A12E46,CUST000621,SES039692,PROD001120,1,94075,94075,Cash on Delivery,paid,2026-07-06 20:59:00
ORD-60E61C07FA,CUST001614,SES039695,PROD000789,1,66834,66834,UPI,cancelled,2026-07-25 04:56:42
ORD-23187F5C05,CUST006826,SES039700,PROD001254,3,39489,118467,UPI,paid,2026-07-11 12:28:03
ORD-3A8159B7B2,CUST009608,SES039727,PROD001657,2,11881,23762,UPI,paid,2026-07-17 13:29:13
ORD-E18DDFB067,CUST000624,SES039729,PROD001413,3,55920,167760,UPI,paid,2026-07-18 18:57:32
ORD-42EE9BE5F4,CUST000697,SES039732,PROD001689,1,84316,84316,Credit Card,paid,2026-07-07 02:02:02
ORD-4ECDD66D09,CUST005987,SES039735,PROD001262,2,37881,75762,Debit Card,paid,2026-07-23 20:29:45
ORD-6C077FE635,CUST000482,SES039737,PROD000983,1,25878,25878,UPI,paid,2026-07-02 16:05:43
ORD-4537CA89AD,CUST003032,SES039748,PROD001937,2,34863,69726,Cash on Delivery,paid,2026-06-27 19:50:11
ORD-5E9B7E5438,CUST003429,SES039755,PROD001957,2,19595,39190,Credit Card,paid,2026-07-24 21:26:58
ORD-94E02D9A2F,CUST005145,SES039756,PROD000491,1,30482,30482,UPI,paid,2026-07-10 04:37:17
ORD-CA040F1770,CUST002068,SES039758,PROD001801,1,79951,79951,Credit Card,paid,2026-07-13 18:26:49
ORD-16EE98979A,CUST004415,SES039760,PROD000620,3,77147,231441,UPI,cancelled,2026-07-05 04:16:50
ORD-D0DB408C3A,CUST002026,SES039761,PROD001717,3,86101,258303,UPI,paid,2026-07-13 15:23:18
ORD-07E4524C0A,CUST001314,SES039765,PROD001585,3,15709,47127,UPI,paid,2026-07-06 02:45:24
ORD-1820D3F36C,CUST000348,SES039769,PROD001187,3,9102,27306,Debit Card,paid,2026-07-08 13:16:57
ORD-713FA0E086,CUST000435,SES039770,PROD000025,1,19763,19763,UPI,paid,2026-07-18 23:45:51
ORD-3B6776B667,CUST006770,SES039775,PROD001317,3,15415,46245,UPI,paid,2026-07-13 23:14:47
ORD-AA9F892A97,CUST007574,SES039788,PROD001946,3,1686,5058,UPI,paid,2026-07-07 01:07:41
ORD-DD1B273536,CUST003933,SES039793,PROD000774,1,41936,41936,UPI,paid,2026-07-25 05:39:57
ORD-576D20741C,CUST008892,SES039800,PROD001273,3,27186,81558,Credit Card,paid,2026-06-27 04:52:41
ORD-A3C98E8372,CUST007509,SES039802,PROD001205,2,47158,94316,UPI,cancelled,2026-07-12 11:46:17
ORD-FB44636B26,CUST001498,SES039804,PROD000015,3,7124,21372,UPI,paid,2026-07-07 04:57:23
ORD-F7F630D76E,CUST008628,SES039846,PROD000709,3,20782,62346,Credit Card,paid,2026-07-04 08:44:34
ORD-2999A0891A,CUST001388,SES039851,PROD001340,1,33682,33682,UPI,paid,2026-07-22 14:06:40
ORD-E05AEE7BC8,CUST003026,SES039860,PROD001805,2,99351,198702,UPI,paid,2026-06-30 19:45:23
ORD-8273910735,CUST004670,SES039875,PROD000646,2,31745,63490,Cash on Delivery,paid,2026-06-26 19:33:49
ORD-BFE3F9A49B,CUST001754,SES039884,PROD001276,2,73025,146050,UPI,paid,2026-07-02 03:57:02
ORD-9E094F1069,CUST005240,SES039887,PROD000520,1,37962,37962,Debit Card,paid,2026-07-24 02:23:45
ORD-9716C2A9A9,CUST006018,SES039895,PROD001528,3,44538,133614,UPI,paid,2026-07-18 07:20:07
ORD-E00E9E8289,CUST003589,SES039896,PROD000089,3,34149,102447,UPI,paid,2026-07-21 21:26:45
ORD-239E9487A5,CUST001742,SES039905,PROD001644,1,1727,1727,UPI,cancelled,2026-07-22 18:15:57
ORD-CEABCFD36D,CUST002730,SES039906,PROD000195,1,8027,8027,Wallet,paid,2026-07-20 20:41:15
ORD-1975C21CBA,CUST003145,SES039907,PROD000525,1,58851,58851,Credit Card,paid,2026-07-22 09:04:52
ORD-1882E30B8E,CUST001681,SES039911,PROD001975,3,66265,198795,UPI,paid,2026-07-07 16:33:14
ORD-DD9D0AC680,CUST009678,SES039912,PROD000017,1,83718,83718,Debit Card,paid,2026-07-01 04:23:01
ORD-57945B34F7,CUST007001,SES039919,PROD000280,3,65439,196317,UPI,paid,2026-07-08 09:47:01
ORD-5E3A9AD2D2,CUST001764,SES039922,PROD002000,3,55390,166170,UPI,paid,2026-07-22 10:17:49
ORD-46B4CAA0C2,CUST001118,SES039924,PROD000698,2,21440,42880,UPI,paid,2026-07-25 15:38:03
ORD-7E394E1C30,CUST003691,SES039925,PROD000663,3,25326,75978,Wallet,paid,2026-07-11 17:01:20
ORD-58EF2F8D7C,CUST005796,SES039927,PROD001109,2,31977,63954,UPI,paid,2026-07-07 04:44:17
ORD-34AC07DC3A,CUST002952,SES039930,PROD001053,3,58664,175992,Cash on Delivery,paid,2026-07-20 05:28:02
ORD-9E39C7FFE8,CUST001296,SES039936,PROD001864,1,16340,16340,UPI,paid,2026-07-10 19:09:53
ORD-2EA011D925,CUST006105,SES039941,PROD000514,1,21535,21535,Cash on Delivery,paid,2026-07-03 06:18:35
ORD-DC96C5B784,CUST001945,SES039949,PROD001263,3,36439,109317,Debit Card,paid,2026-06-28 05:24:14
ORD-E1E7B3AC31,CUST001430,SES039951,PROD000995,3,74225,222675,Wallet,paid,2026-07-19 08:38:03
ORD-9BDBF98D41,CUST007738,SES039954,PROD000464,1,60947,60947,UPI,paid,2026-07-02 09:23:45
ORD-AEED5D20AC,CUST009171,SES039956,PROD000909,1,70797,70797,Debit Card,paid,2026-06-26 23:02:35
ORD-AC92D73D2C,CUST001167,SES039960,PROD001854,3,84273,252819,Credit Card,paid,2026-07-09 08:54:34
ORD-3D1BCE2EC8,CUST003391,SES039970,PROD001550,2,14396,28792,UPI,paid,2026-07-18 21:59:48
ORD-DC9B6E895F,CUST002255,SES039978,PROD000025,1,19763,19763,Debit Card,paid,2026-06-27 10:26:08
ORD-8958FE09A1,CUST001515,SES039981,PROD001746,1,86503,86503,Credit Card,paid,2026-07-14 03:54:36
ORD-71AC575817,CUST000098,SES039987,PROD000857,3,13481,40443,UPI,paid,2026-07-09 16:34:42
ORD-9F83CDB215,CUST002970,SES039997,PROD000819,3,86419,259257,UPI,paid,2026-07-05 23:38:57
ORD-BC5C3D3076,CUST001867,SES040004,PROD001909,3,50234,150702,UPI,paid,2026-07-15 05:57:52
ORD-FDAB53FFF9,CUST000973,SES040024,PROD000327,2,24404,48808,Credit Card,paid,2026-07-17 22:50:26
ORD-FD8CF0910F,CUST005863,SES040031,PROD001876,1,36251,36251,UPI,paid,2026-07-04 16:09:40
ORD-AEACDE87F6,CUST007762,SES040043,PROD000983,1,25878,25878,Debit Card,paid,2026-07-07 21:44:11
ORD-561D0E7DF9,CUST006094,SES040046,PROD001551,2,37934,75868,UPI,refunded,2026-07-12 12:39:00
ORD-9570BE249C,CUST009404,SES040062,PROD000557,3,61359,184077,Debit Card,cancelled,2026-07-24 12:16:00
ORD-31CF1590E8,CUST006267,SES040065,PROD000268,1,22778,22778,Debit Card,paid,2026-07-01 03:30:49
ORD-DDA613824D,CUST008942,SES040071,PROD001290,2,5476,10952,Cash on Delivery,paid,2026-07-13 07:50:53
ORD-5FE4FCA0B4,CUST007062,SES040119,PROD000655,1,87475,87475,Wallet,paid,2026-07-24 08:50:25
ORD-D7B4F95C43,CUST009379,SES040128,PROD000461,3,62165,186495,UPI,paid,2026-07-16 02:53:19
ORD-B1A0C6068E,CUST009482,SES040130,PROD001387,3,9244,27732,UPI,paid,2026-07-05 13:45:54
ORD-E30BC170E6,CUST009538,SES040131,PROD001783,2,4724,9448,Wallet,paid,2026-06-30 21:59:05
ORD-2E5C049D76,CUST004087,SES040138,PROD000415,1,51566,51566,UPI,paid,2026-06-30 15:12:06
ORD-9EFED833C9,CUST006507,SES040143,PROD000574,1,6945,6945,UPI,paid,2026-07-11 21:23:12
ORD-354D1675A5,CUST002483,SES040153,PROD001313,1,54847,54847,UPI,paid,2026-07-24 02:41:18
ORD-13A774DBCC,CUST000639,SES040155,PROD001047,2,39601,79202,Cash on Delivery,paid,2026-07-06 17:29:21
ORD-D0DEA4452B,CUST008442,SES040172,PROD001197,2,93967,187934,Debit Card,paid,2026-07-04 07:10:56
ORD-673FADD8C0,CUST008547,SES040184,PROD000050,3,34754,104262,UPI,paid,2026-07-05 12:51:24
ORD-AF5C1A178A,CUST006096,SES040192,PROD001048,3,25239,75717,Cash on Delivery,cancelled,2026-07-16 12:49:22
ORD-13EE428FE0,CUST003172,SES040205,PROD001126,1,32986,32986,Debit Card,paid,2026-07-20 03:51:21
ORD-A7ADE373AC,CUST000379,SES040212,PROD000255,1,64293,64293,Debit Card,paid,2026-07-05 09:20:47
ORD-0E4FAB0B23,CUST002542,SES040217,PROD001784,2,53062,106124,Wallet,paid,2026-07-19 16:03:45
ORD-F9A7C3BAF4,CUST003879,SES040222,PROD001863,3,35040,105120,Credit Card,paid,2026-07-02 05:32:17
ORD-4B6050B320,CUST009357,SES040247,PROD001095,2,2268,4536,UPI,paid,2026-07-12 07:34:16
ORD-D9F0A18869,CUST007079,SES040259,PROD001165,1,44350,44350,Credit Card,paid,2026-07-09 15:57:06
ORD-050F15AF6A,CUST008078,SES040264,PROD000587,2,7732,15464,UPI,paid,2026-06-26 12:30:19
ORD-C15AC71ED9,CUST001504,SES040269,PROD000125,3,12886,38658,UPI,paid,2026-07-12 09:05:01
ORD-812CED6C66,CUST008253,SES040270,PROD001505,3,28973,86919,UPI,cancelled,2026-07-01 00:55:20
ORD-D1D576C957,CUST000458,SES040284,PROD000769,1,39705,39705,Debit Card,paid,2026-07-21 18:45:03
ORD-A57A2ABC9F,CUST008887,SES040291,PROD001862,3,62929,188787,UPI,paid,2026-07-20 01:28:58
ORD-5EC20721F2,CUST003604,SES040299,PROD000110,1,18642,18642,UPI,paid,2026-07-20 09:09:57
ORD-F495A5C518,CUST000008,SES040318,PROD001616,2,49091,98182,UPI,paid,2026-07-01 03:21:35
ORD-FFE474CB28,CUST008262,SES040323,PROD001880,3,11859,35577,UPI,paid,2026-07-04 03:18:08
ORD-FCC0223392,CUST009108,SES040324,PROD000010,1,94666,94666,UPI,paid,2026-07-18 16:54:16
ORD-971C6D57D0,CUST001331,SES040325,PROD001476,2,49528,99056,Wallet,paid,2026-07-11 07:30:02
ORD-C16F37175E,CUST000723,SES040326,PROD000261,3,21431,64293,UPI,cancelled,2026-06-29 21:08:11
ORD-8FB2765D41,CUST002519,SES040335,PROD001588,2,91732,183464,UPI,paid,2026-06-30 08:09:26
ORD-62E19E7EE0,CUST005161,SES040348,PROD001486,3,70591,211773,Debit Card,paid,2026-07-02 11:34:31
ORD-28FE0124CC,CUST006431,SES040350,PROD000333,2,56877,113754,UPI,refunded,2026-07-05 01:56:02
ORD-4480C13C53,CUST007843,SES040351,PROD000890,1,94566,94566,Debit Card,paid,2026-07-14 04:50:29
ORD-FFD16E0229,CUST002602,SES040357,PROD000622,2,45427,90854,UPI,paid,2026-07-16 03:48:18
ORD-A37234A679,CUST008814,SES040362,PROD000083,2,53899,107798,Credit Card,paid,2026-07-18 09:41:09
ORD-49895897E8,CUST007869,SES040364,PROD000479,3,57095,171285,UPI,paid,2026-07-17 21:45:11
ORD-FF74632675,CUST001544,SES040372,PROD000631,2,90199,180398,Wallet,paid,2026-07-07 17:14:09
ORD-C7F73C700B,CUST005562,SES040388,PROD000782,3,76015,228045,Debit Card,paid,2026-06-26 11:02:24
ORD-175A526612,CUST008072,SES040399,PROD001568,1,60718,60718,Cash on Delivery,paid,2026-07-01 12:41:11
ORD-17450D0BD1,CUST002924,SES040400,PROD001540,2,25174,50348,UPI,paid,2026-07-22 06:58:56
ORD-7DB1993F28,CUST001026,SES040406,PROD000042,2,70810,141620,Credit Card,paid,2026-07-04 05:47:08
ORD-BCB3550E6A,CUST009711,SES040410,PROD001628,1,14294,14294,Credit Card,paid,2026-07-09 07:12:18
ORD-B8047D7BE0,CUST009644,SES040412,PROD001524,2,74274,148548,Credit Card,paid,2026-07-23 13:41:08
ORD-9A55F7A413,CUST006774,SES040416,PROD000862,2,5509,11018,Debit Card,paid,2026-06-29 02:37:49
ORD-6C69A30DC8,CUST008698,SES040419,PROD000434,1,12598,12598,Debit Card,paid,2026-07-05 00:08:31
ORD-0E2B4860F3,CUST007357,SES040430,PROD000722,3,30685,92055,UPI,paid,2026-07-10 05:48:49
ORD-1E8AA5EC06,CUST009100,SES040435,PROD000648,2,97994,195988,Debit Card,paid,2026-07-13 14:17:24
ORD-45E6C54BA2,CUST003975,SES040436,PROD000063,2,58348,116696,UPI,paid,2026-06-28 21:21:35
ORD-A88B7250DB,CUST006553,SES040445,PROD001357,2,99642,199284,UPI,paid,2026-07-15 10:01:58
ORD-FB91896532,CUST003029,SES040448,PROD001309,3,14162,42486,Debit Card,paid,2026-07-09 07:48:17
ORD-8EB911FAA0,CUST002551,SES040453,PROD001665,1,15101,15101,Credit Card,paid,2026-06-27 21:54:47
ORD-EDDB3FB361,CUST003464,SES040454,PROD001744,2,49352,98704,Credit Card,paid,2026-07-05 17:15:49
ORD-C3AA18CC3C,CUST002752,SES040495,PROD000048,1,80112,80112,Credit Card,paid,2026-07-23 14:07:47
ORD-D54479EC63,CUST008877,SES040506,PROD001548,1,72220,72220,Credit Card,paid,2026-07-19 19:15:51
ORD-D53CF021B2,CUST000310,SES040508,PROD001770,2,62880,125760,Credit Card,refunded,2026-07-10 18:41:59
ORD-346C4D2747,CUST000996,SES040518,PROD000981,1,19544,19544,UPI,paid,2026-07-01 09:42:09
ORD-D461F00B6B,CUST000399,SES040520,PROD000844,1,63239,63239,Credit Card,paid,2026-06-27 18:42:23
ORD-E50FE89B26,CUST002702,SES040528,PROD000975,1,74671,74671,UPI,cancelled,2026-07-01 04:05:07
ORD-95F0C7CFEF,CUST001991,SES040534,PROD001480,1,52955,52955,UPI,refunded,2026-06-28 05:21:03
ORD-7BFB74D9F9,CUST003877,SES040549,PROD000417,1,67266,67266,Credit Card,refunded,2026-06-29 06:03:30
ORD-7621BA7942,CUST006931,SES040561,PROD000309,1,32775,32775,UPI,paid,2026-07-08 20:07:07
ORD-6D1C0BD422,CUST009887,SES040585,PROD000443,1,18661,18661,Debit Card,paid,2026-07-08 01:04:59
ORD-FF843F5D4C,CUST005634,SES040588,PROD001954,1,47602,47602,Cash on Delivery,paid,2026-07-06 01:29:45
ORD-86F025B653,CUST001980,SES040590,PROD000539,3,18699,56097,Credit Card,paid,2026-06-27 17:12:33
ORD-E210BC26BD,CUST005913,SES040596,PROD001889,2,43334,86668,UPI,refunded,2026-06-26 12:06:49
ORD-7567189C2F,CUST008699,SES040603,PROD000423,2,97596,195192,UPI,paid,2026-07-08 09:44:43
ORD-9456079C85,CUST000399,SES040614,PROD001374,3,71733,215199,UPI,paid,2026-07-13 18:29:41
ORD-F7A2EC87AF,CUST008540,SES040619,PROD000630,3,47102,141306,Credit Card,paid,2026-06-27 06:49:38
ORD-EED80E7247,CUST000466,SES040637,PROD000526,2,93614,187228,Debit Card,paid,2026-07-24 07:14:10
ORD-1D5D1B76A2,CUST004310,SES040642,PROD001995,3,17397,52191,Wallet,paid,2026-07-02 10:49:23
ORD-5E66AA2162,CUST000854,SES040646,PROD000110,1,18642,18642,Debit Card,paid,2026-07-05 06:32:11
ORD-123B1518E7,CUST009707,SES040664,PROD001741,1,8593,8593,UPI,paid,2026-07-24 19:42:05
ORD-AEC992142D,CUST009759,SES040667,PROD001302,3,8755,26265,Credit Card,paid,2026-07-11 16:09:24
ORD-15BDBB025C,CUST008962,SES040677,PROD001820,2,65935,131870,Credit Card,paid,2026-06-26 02:28:32
ORD-45B5645001,CUST001367,SES040689,PROD000799,2,61429,122858,UPI,paid,2026-07-03 23:22:55
ORD-8F5369254E,CUST005001,SES040692,PROD000954,2,58010,116020,UPI,paid,2026-07-06 15:32:55
ORD-B2CBFE346E,CUST007375,SES040701,PROD000403,2,511,1022,UPI,paid,2026-07-24 07:06:16
ORD-71F6B96134,CUST005458,SES040706,PROD000867,1,10834,10834,Credit Card,paid,2026-07-04 01:22:56
ORD-873A727681,CUST009683,SES040711,PROD001737,2,98864,197728,UPI,paid,2026-07-14 23:54:14
ORD-8D69E3E80A,CUST000264,SES040717,PROD001684,2,89117,178234,Wallet,paid,2026-07-09 07:20:08
ORD-54B7D005C8,CUST002483,SES040730,PROD001445,1,2673,2673,UPI,paid,2026-07-20 23:25:00
ORD-DE884A784E,CUST003100,SES040733,PROD000142,3,80610,241830,UPI,paid,2026-07-16 02:14:00
ORD-347EFD4A6D,CUST007818,SES040739,PROD001745,1,20213,20213,UPI,paid,2026-07-11 18:45:20
ORD-86BF5225CE,CUST000500,SES040749,PROD001061,3,29316,87948,UPI,paid,2026-07-18 21:38:28
ORD-77E6156F63,CUST004451,SES040755,PROD000054,2,69546,139092,Cash on Delivery,paid,2026-07-06 11:38:26
ORD-F2B9347FE5,CUST002647,SES040763,PROD000970,1,71382,71382,UPI,paid,2026-07-09 13:42:44
ORD-69F9F340B5,CUST009966,SES040776,PROD000769,2,39705,79410,Debit Card,paid,2026-06-27 18:29:17
ORD-6F18ABB3AD,CUST008889,SES040778,PROD000208,2,22876,45752,Cash on Delivery,paid,2026-07-10 13:37:44
ORD-FB85F54D64,CUST006647,SES040789,PROD000992,1,98174,98174,UPI,paid,2026-07-24 19:48:21
ORD-933891B94C,CUST002719,SES040795,PROD001780,3,14096,42288,Debit Card,paid,2026-07-12 19:31:04
ORD-F316859713,CUST001960,SES040797,PROD000644,2,2310,4620,Credit Card,paid,2026-07-08 20:13:53
ORD-DC1763FA4C,CUST008600,SES040807,PROD000831,2,47178,94356,Wallet,refunded,2026-07-11 02:58:41
ORD-94D25CC47E,CUST004630,SES040819,PROD000600,3,46362,139086,Credit Card,paid,2026-07-16 23:06:26
ORD-77E39B21CB,CUST005449,SES040833,PROD001397,2,65487,130974,Credit Card,paid,2026-07-05 05:00:56
ORD-618B9ACF39,CUST003178,SES040840,PROD001416,2,54214,108428,Credit Card,paid,2026-06-29 19:21:46
ORD-CFBE17B09A,CUST000676,SES040848,PROD000491,1,30482,30482,Debit Card,paid,2026-07-12 09:42:10
ORD-3D1F67AF8C,CUST008250,SES040849,PROD001006,2,97472,194944,Wallet,paid,2026-07-20 18:58:01
ORD-0F2F062526,CUST000830,SES040860,PROD000642,2,16328,32656,Debit Card,paid,2026-07-16 04:33:31
ORD-B9C80AEA79,CUST004385,SES040869,PROD001713,2,76281,152562,Wallet,paid,2026-06-26 04:21:07
ORD-44BD3ACD11,CUST002705,SES040883,PROD000403,2,511,1022,UPI,paid,2026-07-06 10:27:06
ORD-97C0DC217F,CUST000285,SES040886,PROD000785,1,48617,48617,Credit Card,paid,2026-07-19 06:28:15
ORD-C4A3006D1F,CUST006522,SES040887,PROD001357,2,99642,199284,UPI,paid,2026-07-03 14:13:21
ORD-4497301DFC,CUST009568,SES040891,PROD000922,2,56298,112596,Cash on Delivery,paid,2026-07-18 09:38:23
ORD-F96B684197,CUST008446,SES040902,PROD001006,1,97472,97472,Wallet,paid,2026-07-21 08:05:32
ORD-9D3EEC8DC7,CUST007935,SES040906,PROD001333,1,66782,66782,Wallet,paid,2026-06-27 12:14:36
ORD-D92B694DDF,CUST002178,SES040913,PROD000833,1,25768,25768,UPI,paid,2026-07-24 09:46:04
ORD-1886929F68,CUST005591,SES040914,PROD000481,3,55850,167550,Credit Card,refunded,2026-07-05 18:56:24
ORD-855666C0E3,CUST005695,SES040916,PROD000372,3,22511,67533,UPI,paid,2026-07-22 06:26:23
ORD-401C2F8F65,CUST007005,SES040933,PROD000619,2,39938,79876,Debit Card,paid,2026-07-17 03:08:10
ORD-2D0BA05F78,CUST004539,SES040934,PROD000664,3,43258,129774,Wallet,paid,2026-07-10 10:18:06
ORD-BA7A734A51,CUST002225,SES040940,PROD001689,3,84316,252948,UPI,paid,2026-06-27 16:20:42
ORD-E50A320D38,CUST009778,SES040944,PROD000415,3,51566,154698,UPI,paid,2026-07-24 16:20:25
ORD-D725886771,CUST007497,SES040945,PROD001606,2,22648,45296,Debit Card,paid,2026-07-23 14:24:13
ORD-A008E33ADF,CUST005309,SES040946,PROD000203,1,31109,31109,UPI,paid,2026-07-25 06:29:34
ORD-2263F00B36,CUST004856,SES040948,PROD000904,2,42817,85634,Cash on Delivery,paid,2026-06-30 08:24:32
ORD-FE7B98C535,CUST008844,SES040960,PROD001626,2,6649,13298,Credit Card,paid,2026-07-16 06:01:20
ORD-AB1802AB05,CUST000082,SES040973,PROD001667,1,96181,96181,Cash on Delivery,paid,2026-06-27 17:22:05
ORD-CAC3C39628,CUST003380,SES040989,PROD000081,1,20031,20031,UPI,paid,2026-07-22 22:41:07
ORD-3C06B3D458,CUST009141,SES041001,PROD000496,1,53326,53326,Cash on Delivery,paid,2026-06-29 06:56:21
ORD-79C4D8BD14,CUST008931,SES041002,PROD000030,1,38748,38748,Debit Card,paid,2026-07-04 05:13:53
ORD-24C88961E8,CUST001491,SES041004,PROD001127,1,65500,65500,Debit Card,paid,2026-07-10 17:18:03
ORD-307AE0C069,CUST000827,SES041005,PROD001673,2,14013,28026,UPI,paid,2026-07-07 04:16:09
ORD-BDB82A2844,CUST009509,SES041015,PROD000629,1,40086,40086,UPI,paid,2026-07-05 10:20:43
ORD-BE9592BFA2,CUST009242,SES041017,PROD000656,3,54377,163131,UPI,paid,2026-07-07 12:29:57
ORD-96345E511B,CUST001374,SES041023,PROD000521,1,19731,19731,Cash on Delivery,paid,2026-07-03 23:16:13
ORD-187E66BA3A,CUST000058,SES041032,PROD001412,1,9805,9805,UPI,paid,2026-07-12 03:10:55
ORD-0DA6BF8456,CUST004515,SES041034,PROD000203,2,31109,62218,UPI,paid,2026-07-07 15:15:14
ORD-BFF818DF01,CUST004357,SES041036,PROD000721,3,92385,277155,Wallet,paid,2026-07-11 06:25:29
ORD-55B14545C9,CUST005012,SES041042,PROD001659,2,69207,138414,Cash on Delivery,paid,2026-07-24 17:29:30
ORD-9B1294C962,CUST004235,SES041046,PROD000730,1,63986,63986,Cash on Delivery,paid,2026-07-19 23:09:16
ORD-F1F5D57D5A,CUST005853,SES041061,PROD000481,1,55850,55850,Credit Card,paid,2026-07-10 23:19:58
ORD-5226BD9434,CUST007571,SES041069,PROD000511,2,12976,25952,Cash on Delivery,paid,2026-07-10 12:10:44
ORD-65CA55D2A7,CUST005790,SES041071,PROD001614,3,84465,253395,Cash on Delivery,paid,2026-07-23 05:39:27
ORD-420B836BA2,CUST003260,SES041073,PROD001989,2,41402,82804,Credit Card,paid,2026-07-04 12:54:13
ORD-FB13A25969,CUST003486,SES041077,PROD000365,2,3843,7686,Credit Card,paid,2026-07-25 08:26:42
ORD-9AC41218B3,CUST009063,SES041078,PROD000818,2,3761,7522,Credit Card,paid,2026-07-18 03:10:48
ORD-E3AD51672F,CUST004711,SES041081,PROD001550,3,14396,43188,UPI,paid,2026-07-10 17:30:27
ORD-F55F9EE34B,CUST008129,SES041083,PROD000766,1,32109,32109,UPI,paid,2026-07-12 05:19:16
ORD-837A37CE72,CUST005086,SES041087,PROD001428,2,5201,10402,Credit Card,paid,2026-07-21 00:26:44
ORD-E83F69B12E,CUST009619,SES041098,PROD001720,3,77552,232656,UPI,paid,2026-07-09 15:43:37
ORD-B6E12E4578,CUST002261,SES041103,PROD002000,3,55390,166170,Cash on Delivery,paid,2026-07-19 17:46:19
ORD-484F040F4A,CUST007501,SES041107,PROD001627,3,28323,84969,UPI,paid,2026-07-21 10:25:32
ORD-213AA9373E,CUST005146,SES041109,PROD001909,1,50234,50234,Cash on Delivery,paid,2026-07-11 23:27:31
ORD-F22A22568E,CUST000227,SES041116,PROD000030,1,38748,38748,UPI,paid,2026-07-16 08:10:43
ORD-A4E16201E6,CUST008277,SES041122,PROD001125,1,1937,1937,Debit Card,paid,2026-06-30 16:56:25
ORD-95674E07B6,CUST007959,SES041124,PROD000693,3,41095,123285,Wallet,cancelled,2026-07-10 11:45:23
ORD-77C319DDAB,CUST009688,SES041127,PROD001824,2,20358,40716,Debit Card,paid,2026-07-16 21:54:55
ORD-482AC31621,CUST003146,SES041143,PROD000620,3,77147,231441,UPI,paid,2026-07-11 00:03:09
ORD-AA470FACC5,CUST006920,SES041154,PROD001719,3,63252,189756,UPI,paid,2026-07-02 11:11:03
ORD-1C0E010442,CUST007299,SES041156,PROD000561,2,27565,55130,Cash on Delivery,paid,2026-07-09 14:07:21
ORD-AC278C4FEA,CUST005551,SES041158,PROD000994,2,9890,19780,UPI,paid,2026-07-02 17:53:05
ORD-C7E2A97AC6,CUST008650,SES041160,PROD001325,3,89206,267618,UPI,paid,2026-07-25 11:48:12
ORD-71DE051B02,CUST003632,SES041164,PROD000389,3,30873,92619,Debit Card,paid,2026-07-25 04:54:02
ORD-7BD100E472,CUST004765,SES041172,PROD001974,3,99516,298548,Wallet,paid,2026-07-07 18:42:31
ORD-EB4474AA85,CUST006208,SES041178,PROD001693,3,35522,106566,Debit Card,paid,2026-07-01 02:55:48
ORD-6074BC6247,CUST003472,SES041179,PROD000719,3,41815,125445,UPI,paid,2026-07-16 15:09:47
ORD-8DADE7273D,CUST000773,SES041184,PROD001925,2,62159,124318,Credit Card,paid,2026-07-01 23:15:55
ORD-308560280C,CUST006130,SES041187,PROD001175,1,8306,8306,Cash on Delivery,paid,2026-06-30 09:10:13
ORD-6C8F64166B,CUST006109,SES041189,PROD000441,2,67863,135726,Cash on Delivery,paid,2026-07-14 02:45:31
ORD-EE9FC592D1,CUST008358,SES041208,PROD000922,1,56298,56298,UPI,paid,2026-07-17 02:50:07
ORD-68606A935E,CUST000922,SES041215,PROD001137,2,55991,111982,UPI,paid,2026-07-12 23:22:49
ORD-836E02D6C6,CUST005444,SES041217,PROD000680,1,86277,86277,Credit Card,refunded,2026-06-26 23:17:13
ORD-2F1D652841,CUST008799,SES041225,PROD000221,2,25227,50454,UPI,cancelled,2026-07-12 02:27:18
ORD-45096914FD,CUST007488,SES041230,PROD000493,2,68287,136574,Credit Card,refunded,2026-07-24 15:31:17
ORD-C8F4D375D4,CUST008168,SES041235,PROD000110,2,18642,37284,Credit Card,paid,2026-07-20 11:06:46
ORD-65F271015E,CUST008912,SES041244,PROD000295,2,2833,5666,Cash on Delivery,paid,2026-07-16 16:08:20
ORD-F057E70CC5,CUST002228,SES041260,PROD001118,3,53107,159321,Credit Card,paid,2026-07-07 17:41:53
ORD-47546E4974,CUST003410,SES041263,PROD001471,1,53991,53991,Wallet,paid,2026-07-09 09:12:25
ORD-1920840291,CUST005452,SES041269,PROD001870,3,11406,34218,UPI,paid,2026-07-20 19:25:23
ORD-5D7F592FEC,CUST007810,SES041271,PROD000891,1,56508,56508,Credit Card,paid,2026-06-26 11:50:41
ORD-DCBC89905C,CUST002054,SES041278,PROD000142,2,80610,161220,UPI,paid,2026-07-20 08:13:28
ORD-0249BF10E6,CUST007734,SES041284,PROD001189,2,51673,103346,UPI,paid,2026-07-04 01:25:40
ORD-6CD257D257,CUST009283,SES041288,PROD000633,2,18951,37902,UPI,paid,2026-07-14 07:48:21
ORD-5B68B8E46F,CUST006569,SES041293,PROD000672,3,6494,19482,UPI,refunded,2026-07-07 16:24:04
ORD-A6DCA12C57,CUST005260,SES041299,PROD000549,2,29300,58600,UPI,paid,2026-07-20 00:21:05
ORD-7A799C6F91,CUST000876,SES041308,PROD001568,3,60718,182154,UPI,paid,2026-07-15 11:02:07
ORD-64559AAC2F,CUST000061,SES041310,PROD000389,3,30873,92619,UPI,paid,2026-06-29 02:31:48
ORD-2552AB7236,CUST006184,SES041316,PROD001084,3,4758,14274,Credit Card,paid,2026-07-19 14:41:39
ORD-1B4CCD1BA4,CUST000586,SES041322,PROD000209,1,81226,81226,Wallet,paid,2026-07-09 15:31:48
ORD-8C5B59F721,CUST003677,SES041325,PROD001911,3,52896,158688,UPI,cancelled,2026-07-13 16:04:04
ORD-910BBB7C6E,CUST008941,SES041332,PROD000412,1,8389,8389,Cash on Delivery,paid,2026-06-26 08:35:57
ORD-0485F5CB37,CUST008728,SES041337,PROD000774,1,41936,41936,Cash on Delivery,paid,2026-07-09 16:12:24
ORD-3BD465BB5E,CUST004691,SES041343,PROD001249,3,73145,219435,Credit Card,paid,2026-07-20 11:46:30
ORD-20FE8985F1,CUST001222,SES041344,PROD001259,1,63780,63780,UPI,paid,2026-07-17 11:49:01
ORD-0F6C7B66C5,CUST009023,SES041355,PROD000906,1,63276,63276,UPI,paid,2026-06-26 19:01:29
ORD-202C652457,CUST005133,SES041361,PROD001452,3,87792,263376,UPI,paid,2026-07-06 20:42:03
ORD-46F044A91F,CUST000751,SES041380,PROD000397,1,44706,44706,UPI,paid,2026-07-07 12:28:21
ORD-C09B04A06A,CUST008117,SES041401,PROD000206,1,78821,78821,Credit Card,paid,2026-07-03 07:02:45
ORD-9CC517C85A,CUST005380,SES041406,PROD000593,3,28098,84294,UPI,paid,2026-07-24 23:16:15
ORD-747A4375DA,CUST002654,SES041411,PROD001534,2,68055,136110,Debit Card,paid,2026-07-24 14:48:04
ORD-947A03B487,CUST007474,SES041413,PROD000078,2,27288,54576,Credit Card,paid,2026-06-26 06:07:43
ORD-2AB2F6F6C7,CUST007678,SES041424,PROD000270,2,53308,106616,UPI,paid,2026-06-30 19:04:16
ORD-E9E5A84F7D,CUST009062,SES041427,PROD001779,2,93642,187284,UPI,cancelled,2026-07-23 22:31:06
ORD-6D0FA82032,CUST004014,SES041430,PROD000884,3,26988,80964,UPI,cancelled,2026-07-17 13:42:40
ORD-A917EE5ED1,CUST000591,SES041438,PROD001759,1,67019,67019,UPI,paid,2026-07-17 06:42:38
ORD-36F7957944,CUST005558,SES041443,PROD000244,1,77866,77866,UPI,paid,2026-06-26 22:04:29
ORD-2CD7B6ACBC,CUST006699,SES041444,PROD001130,3,10903,32709,Cash on Delivery,paid,2026-06-26 16:48:57
ORD-FAD5DB550F,CUST004918,SES041449,PROD001603,3,19001,57003,Wallet,paid,2026-07-11 02:11:56
ORD-BC4F4D0C18,CUST001828,SES041458,PROD000191,2,55494,110988,Cash on Delivery,paid,2026-07-01 14:26:00
ORD-C51A16BD76,CUST006569,SES041469,PROD000543,1,10220,10220,UPI,paid,2026-07-05 19:09:44
ORD-EA059718D7,CUST000042,SES041475,PROD000075,3,22058,66174,Cash on Delivery,paid,2026-07-03 06:26:33
ORD-F37CC69A97,CUST006339,SES041498,PROD001409,2,5532,11064,UPI,paid,2026-07-07 19:29:47
ORD-48AF9D8BF9,CUST002420,SES041505,PROD001038,2,48944,97888,UPI,cancelled,2026-07-14 12:07:32
ORD-8851AFDB60,CUST001893,SES041507,PROD000058,3,15023,45069,UPI,paid,2026-07-18 09:35:56
ORD-87FA8879B5,CUST008653,SES041509,PROD001658,1,520,520,Debit Card,paid,2026-07-09 07:57:56
ORD-7381CB9628,CUST005427,SES041520,PROD000322,1,83631,83631,Wallet,paid,2026-07-19 20:54:04
ORD-D9BB1E78E6,CUST009869,SES041521,PROD001881,1,96668,96668,Debit Card,paid,2026-07-18 01:09:17
ORD-C40E1147BA,CUST001704,SES041555,PROD001136,1,6282,6282,UPI,paid,2026-07-03 17:33:12
ORD-321E5FD54A,CUST003368,SES041571,PROD000333,3,56877,170631,Credit Card,paid,2026-07-04 15:04:39
ORD-0C2CF1D937,CUST002832,SES041592,PROD001011,3,62835,188505,Wallet,paid,2026-07-17 06:22:33
ORD-77841E0B10,CUST003139,SES041593,PROD000526,2,93614,187228,Credit Card,paid,2026-07-20 16:22:39
ORD-A09AE94ECE,CUST009493,SES041596,PROD000396,2,43706,87412,UPI,paid,2026-07-19 07:49:35
ORD-8A36987545,CUST000150,SES041603,PROD001156,2,23519,47038,Wallet,paid,2026-06-27 18:10:40
ORD-DFDBEDD6A7,CUST001272,SES041605,PROD000490,2,69336,138672,UPI,paid,2026-07-22 17:47:19
ORD-319B70284D,CUST002612,SES041615,PROD001562,1,29129,29129,UPI,paid,2026-06-27 01:44:06
ORD-688C532F18,CUST002621,SES041616,PROD001601,2,58442,116884,UPI,paid,2026-07-19 02:26:38
ORD-30BDA6249F,CUST002773,SES041620,PROD001079,1,35594,35594,Wallet,paid,2026-07-11 02:09:54
ORD-6F70A7F4C0,CUST008330,SES041622,PROD001406,2,13078,26156,UPI,paid,2026-07-15 01:44:40
ORD-211FE38DD3,CUST002313,SES041623,PROD000849,3,43546,130638,Cash on Delivery,paid,2026-07-22 05:57:10
ORD-C8B4B9C568,CUST009924,SES041626,PROD001887,1,20090,20090,UPI,paid,2026-06-27 09:26:25
ORD-C3B1C32B44,CUST008579,SES041636,PROD000108,2,92982,185964,UPI,paid,2026-06-28 08:44:27
ORD-C555BAE399,CUST005207,SES041637,PROD001256,3,9305,27915,UPI,paid,2026-07-12 09:31:40
ORD-172CE96645,CUST006797,SES041641,PROD001136,2,6282,12564,Cash on Delivery,paid,2026-07-03 09:31:25
ORD-38EFC4138B,CUST009157,SES041644,PROD001597,2,83259,166518,Debit Card,paid,2026-07-24 23:07:35
ORD-77C3E6C189,CUST009426,SES041646,PROD000863,3,465,1395,Cash on Delivery,paid,2026-07-14 07:27:17
ORD-B579B514D0,CUST003351,SES041649,PROD001406,3,13078,39234,Credit Card,paid,2026-07-03 06:27:57
ORD-00DC441C03,CUST006500,SES041651,PROD000784,1,70055,70055,Credit Card,paid,2026-07-07 07:55:57
ORD-66ABE88F47,CUST008510,SES041653,PROD000190,3,82136,246408,UPI,paid,2026-07-07 10:14:11
ORD-77F993E63A,CUST008395,SES041663,PROD000945,1,71745,71745,UPI,paid,2026-07-22 21:59:32
ORD-C7CEBC4890,CUST001388,SES041665,PROD001032,2,96746,193492,UPI,paid,2026-07-07 21:44:11
ORD-67BCAA6663,CUST008666,SES041673,PROD001315,1,71294,71294,UPI,paid,2026-07-10 08:59:18
ORD-33DEAD5376,CUST007620,SES041686,PROD000358,2,2734,5468,Cash on Delivery,cancelled,2026-07-25 19:41:48
ORD-9CE90BC4DD,CUST003413,SES041699,PROD000021,2,26478,52956,Cash on Delivery,paid,2026-06-26 07:35:28
ORD-DAFF8B1541,CUST001882,SES041700,PROD001374,2,71733,143466,UPI,paid,2026-07-22 10:09:31
ORD-5B4CF59386,CUST002081,SES041707,PROD000804,1,22240,22240,Cash on Delivery,cancelled,2026-07-02 11:07:17
ORD-4C76EE5961,CUST001648,SES041709,PROD000604,1,37721,37721,UPI,paid,2026-07-10 12:36:00
ORD-A4F4DA5F58,CUST000531,SES041710,PROD000110,3,18642,55926,UPI,paid,2026-06-29 00:47:51
ORD-FCC80051B1,CUST003637,SES041722,PROD000063,2,58348,116696,UPI,paid,2026-07-20 07:04:22
ORD-B433A49FE2,CUST001629,SES041736,PROD000563,1,34591,34591,UPI,cancelled,2026-06-29 02:10:02
ORD-0CE645C905,CUST001890,SES041737,PROD000688,2,17880,35760,UPI,paid,2026-06-29 22:27:37
ORD-55020D50F7,CUST006662,SES041738,PROD000254,2,21719,43438,UPI,paid,2026-07-07 01:51:19
ORD-81669C8CF5,CUST003536,SES041739,PROD000788,3,80559,241677,Credit Card,paid,2026-07-21 23:27:10
ORD-C08825E0D1,CUST008723,SES041749,PROD000220,1,13561,13561,UPI,paid,2026-07-19 14:51:45
ORD-5AC909D0C7,CUST006704,SES041750,PROD000336,1,21392,21392,Debit Card,paid,2026-07-25 13:12:56
ORD-A9C9EB9947,CUST009840,SES041772,PROD001163,3,68579,205737,Credit Card,paid,2026-07-13 15:38:52
ORD-4BA1F6DD92,CUST007001,SES041773,PROD000444,3,71974,215922,UPI,paid,2026-07-23 20:56:28
ORD-15C93B1643,CUST008679,SES041780,PROD001560,1,80892,80892,Wallet,paid,2026-07-12 17:08:57
ORD-08126C577F,CUST003120,SES041781,PROD000634,3,17268,51804,Credit Card,refunded,2026-07-09 06:24:24
ORD-17BA913DA9,CUST005495,SES041786,PROD001719,2,63252,126504,UPI,paid,2026-07-03 23:54:00
ORD-97889FD76D,CUST003932,SES041794,PROD001077,3,80152,240456,UPI,paid,2026-07-19 01:36:35
ORD-C7C7E2CF5F,CUST008557,SES041799,PROD000684,2,19764,39528,Debit Card,paid,2026-07-03 10:13:55
ORD-ED606CDE42,CUST009799,SES041812,PROD000157,1,84379,84379,Debit Card,paid,2026-07-15 07:34:19
ORD-C12F6D5E78,CUST005416,SES041820,PROD001778,1,98669,98669,Debit Card,paid,2026-07-15 04:06:28
ORD-3C8554FA2F,CUST001936,SES041824,PROD000703,3,29709,89127,Credit Card,paid,2026-07-23 03:10:47
ORD-1C6439D2B8,CUST002839,SES041828,PROD000602,3,42869,128607,UPI,paid,2026-06-26 18:39:28
ORD-5CDFDD0178,CUST003918,SES041837,PROD000410,3,25804,77412,UPI,paid,2026-06-29 09:09:45
ORD-FB62AA667A,CUST002411,SES041838,PROD000969,2,21261,42522,Cash on Delivery,paid,2026-06-28 23:45:32
ORD-1FA252DDB0,CUST007964,SES041839,PROD000456,3,98223,294669,UPI,paid,2026-07-24 04:45:21
ORD-7B5215B554,CUST009760,SES041858,PROD000247,1,68012,68012,UPI,paid,2026-07-20 18:05:25
ORD-CBC3A1B5AD,CUST000551,SES041863,PROD001278,2,38298,76596,UPI,paid,2026-07-25 14:59:54
ORD-631B8F37E0,CUST008053,SES041864,PROD001919,3,13874,41622,Wallet,paid,2026-07-11 23:09:04
ORD-D81642893B,CUST004153,SES041876,PROD001427,3,91308,273924,UPI,paid,2026-07-01 21:20:16
ORD-973294D3BB,CUST003018,SES041878,PROD000512,2,5255,10510,Debit Card,paid,2026-07-04 21:57:17
ORD-708A7B33A1,CUST004832,SES041883,PROD001437,1,53399,53399,Debit Card,paid,2026-07-23 11:19:31
ORD-034E08C60B,CUST000214,SES041887,PROD000874,2,63812,127624,Debit Card,cancelled,2026-07-25 16:36:24
ORD-2E2A3EB0B8,CUST005031,SES041890,PROD001455,3,76729,230187,Debit Card,paid,2026-07-13 13:54:29
ORD-522A61C713,CUST004161,SES041893,PROD000319,3,45789,137367,UPI,paid,2026-06-29 18:26:43
ORD-559EC3BFEC,CUST004996,SES041922,PROD000552,2,21816,43632,Debit Card,paid,2026-07-13 09:39:02
ORD-F2AE9E38C9,CUST002523,SES041931,PROD000686,1,49688,49688,Debit Card,paid,2026-07-06 14:55:13
ORD-D6E0A6F174,CUST009467,SES041932,PROD000717,1,18003,18003,UPI,paid,2026-07-18 09:38:50
ORD-8C96B1091B,CUST005201,SES041937,PROD001228,1,15660,15660,UPI,paid,2026-07-17 01:28:16
ORD-97D6B3A914,CUST009491,SES041938,PROD001428,2,5201,10402,UPI,paid,2026-07-03 01:57:27
ORD-E098B06174,CUST003747,SES041963,PROD000864,1,84808,84808,UPI,paid,2026-06-25 20:39:12
ORD-8F35A10583,CUST000850,SES041972,PROD000985,1,75130,75130,Wallet,paid,2026-07-25 14:49:25
ORD-C0003361ED,CUST001877,SES041994,PROD001926,1,66420,66420,UPI,paid,2026-06-29 08:56:15
ORD-242B3E77CB,CUST004682,SES041998,PROD001086,1,29868,29868,UPI,paid,2026-07-03 18:44:29
ORD-08CD556822,CUST006491,SES042008,PROD001863,1,35040,35040,UPI,paid,2026-06-26 14:25:39
ORD-C343AFEBE7,CUST003505,SES042009,PROD000810,3,7560,22680,UPI,paid,2026-07-06 08:08:13
ORD-1E8DEB9AFC,CUST005622,SES042014,PROD000551,3,54742,164226,Credit Card,paid,2026-06-30 04:21:45
ORD-732299C9CC,CUST008560,SES042020,PROD001304,1,54538,54538,Cash on Delivery,paid,2026-07-09 18:22:50
ORD-3A27F9D775,CUST008319,SES042025,PROD000893,2,22430,44860,UPI,paid,2026-06-30 01:14:08
ORD-CB0F2D3883,CUST003467,SES042033,PROD001974,1,99516,99516,UPI,paid,2026-07-05 09:30:36
ORD-E540C5BEA0,CUST003209,SES042049,PROD000211,2,67036,134072,Credit Card,paid,2026-07-22 19:16:28
ORD-10511E8BD5,CUST005053,SES042052,PROD001146,3,32681,98043,UPI,paid,2026-07-08 22:55:34
ORD-78396E712F,CUST005329,SES042061,PROD001757,3,15088,45264,UPI,paid,2026-07-13 01:08:35
ORD-DD4DBECD8D,CUST003242,SES042072,PROD001935,1,6879,6879,Cash on Delivery,paid,2026-06-25 21:23:29
ORD-2DBE548078,CUST004993,SES042073,PROD001452,2,87792,175584,Credit Card,paid,2026-07-16 22:25:50
ORD-B661380295,CUST004463,SES042074,PROD000645,2,8272,16544,Debit Card,paid,2026-07-04 07:49:46
ORD-A39D6DF18A,CUST000766,SES042075,PROD001867,3,48720,146160,UPI,paid,2026-07-09 16:43:14
ORD-55B10B69F7,CUST006539,SES042082,PROD000447,1,41345,41345,UPI,cancelled,2026-07-20 08:57:34
ORD-C695DD6349,CUST008881,SES042084,PROD001085,1,59079,59079,Credit Card,paid,2026-07-15 17:24:41
ORD-5CA57470D4,CUST005233,SES042096,PROD001240,1,83929,83929,Cash on Delivery,paid,2026-07-13 19:52:52
ORD-6933CEAD65,CUST003046,SES042107,PROD001217,3,34588,103764,Credit Card,paid,2026-07-04 16:04:22
ORD-7C841AD6C7,CUST008016,SES042117,PROD001666,1,93682,93682,Wallet,paid,2026-07-21 20:02:43
ORD-0AA223F35C,CUST000348,SES042121,PROD000490,2,69336,138672,Cash on Delivery,paid,2026-07-09 02:13:27
ORD-DDCD7CE9A4,CUST001895,SES042122,PROD000511,2,12976,25952,UPI,paid,2026-07-05 23:34:24
ORD-212605B22F,CUST001145,SES042141,PROD001778,2,98669,197338,UPI,paid,2026-07-01 10:33:53
ORD-C57C71DD27,CUST004516,SES042146,PROD001201,3,3716,11148,UPI,paid,2026-07-14 01:45:05
ORD-67C99908FC,CUST001945,SES042158,PROD000563,1,34591,34591,Debit Card,paid,2026-07-13 10:53:39
ORD-A3F9FDF0FA,CUST007920,SES042169,PROD000170,2,11686,23372,Credit Card,paid,2026-07-21 00:56:50
ORD-CB7AB1F79C,CUST007100,SES042172,PROD000373,1,25985,25985,Credit Card,paid,2026-07-19 03:38:56
ORD-8A705C65E1,CUST003813,SES042173,PROD000662,1,71513,71513,UPI,paid,2026-07-20 20:47:44
ORD-D55EC71A6A,CUST007056,SES042187,PROD000080,3,65728,197184,Cash on Delivery,paid,2026-07-08 09:21:20
ORD-FC23D9B731,CUST006009,SES042205,PROD000935,2,79365,158730,Wallet,paid,2026-07-13 00:52:39
ORD-D4EDB4D460,CUST008338,SES042218,PROD001488,2,18404,36808,UPI,refunded,2026-07-12 15:53:19
ORD-8C24D5688B,CUST000666,SES042228,PROD000733,3,43474,130422,UPI,paid,2026-07-04 21:40:54
ORD-69EBD5771F,CUST002496,SES042230,PROD001386,2,77475,154950,Debit Card,paid,2026-07-06 08:03:40
ORD-D03E54EA99,CUST003815,SES042241,PROD001197,2,93967,187934,Credit Card,paid,2026-07-07 12:10:36
ORD-7FCCA62C4D,CUST008984,SES042249,PROD000333,1,56877,56877,UPI,paid,2026-07-09 00:47:22
ORD-7AC07B2634,CUST000743,SES042250,PROD001976,3,63681,191043,Credit Card,paid,2026-07-16 04:30:24
ORD-541AACE303,CUST006082,SES042251,PROD001279,2,62568,125136,UPI,paid,2026-06-30 22:44:18
ORD-7501757A65,CUST000838,SES042265,PROD001286,2,93558,187116,UPI,paid,2026-07-22 12:33:24
ORD-95CC7BD2A9,CUST005166,SES042285,PROD000890,3,94566,283698,Cash on Delivery,paid,2026-06-29 11:11:35
ORD-0594A0C984,CUST005655,SES042291,PROD000627,2,28606,57212,UPI,paid,2026-06-29 11:40:29
ORD-ECD632B0CB,CUST003960,SES042292,PROD001456,2,7157,14314,UPI,paid,2026-07-02 05:15:02
ORD-6F2E135C08,CUST002740,SES042299,PROD001677,2,63049,126098,UPI,paid,2026-07-14 13:58:00
ORD-B44C973513,CUST006617,SES042316,PROD001186,2,44529,89058,UPI,paid,2026-06-28 07:26:16
ORD-7FCC42546D,CUST004432,SES042320,PROD000842,2,91414,182828,Debit Card,paid,2026-07-03 23:52:54
ORD-C1E2EA6F8F,CUST003694,SES042324,PROD001784,3,53062,159186,UPI,paid,2026-07-16 00:19:42
ORD-17427067C0,CUST005337,SES042332,PROD000889,3,14674,44022,UPI,paid,2026-07-17 00:22:55
ORD-4C561415BB,CUST008386,SES042361,PROD000107,3,19335,58005,Debit Card,paid,2026-07-06 05:12:03
ORD-7339C91409,CUST009208,SES042367,PROD001500,3,23639,70917,UPI,paid,2026-07-19 19:24:06
ORD-BE2D169B60,CUST004501,SES042374,PROD000491,3,30482,91446,UPI,paid,2026-07-19 23:55:25
ORD-98B914E6CB,CUST005228,SES042379,PROD001894,3,39564,118692,UPI,paid,2026-07-19 18:03:49
ORD-F8D4264216,CUST005765,SES042384,PROD000995,2,74225,148450,Credit Card,paid,2026-07-14 05:13:25
ORD-94613A3EF4,CUST002915,SES042392,PROD001950,2,76726,153452,Cash on Delivery,paid,2026-07-22 19:47:46
ORD-C371ACFEF5,CUST009579,SES042396,PROD000628,2,5464,10928,UPI,cancelled,2026-07-23 00:55:59
ORD-18A2555DCE,CUST006440,SES042399,PROD000763,3,28671,86013,UPI,refunded,2026-07-23 02:00:45
ORD-AEEFE57EF9,CUST003774,SES042404,PROD001449,2,16104,32208,Credit Card,paid,2026-06-30 03:04:24
ORD-606BE9C62F,CUST002050,SES042405,PROD000252,1,3331,3331,UPI,paid,2026-07-10 12:49:53
ORD-121A5674A5,CUST001387,SES042407,PROD000765,1,78008,78008,UPI,paid,2026-07-11 12:24:52
ORD-A0CB6172E9,CUST005490,SES042408,PROD001084,3,4758,14274,Cash on Delivery,paid,2026-07-13 11:06:23
ORD-AA09160CA5,CUST002223,SES042411,PROD000425,2,18597,37194,UPI,paid,2026-07-09 21:59:07
ORD-1725409A05,CUST004944,SES042414,PROD000268,2,22778,45556,UPI,paid,2026-07-07 16:29:13
ORD-85EF7820BF,CUST003476,SES042420,PROD001779,1,93642,93642,Credit Card,paid,2026-07-09 02:43:40
ORD-E3C15BE402,CUST001680,SES042440,PROD001166,2,61606,123212,Credit Card,paid,2026-07-23 19:46:00
ORD-98DF0472E2,CUST002298,SES042445,PROD001321,2,25490,50980,Wallet,paid,2026-07-09 04:14:43
ORD-C1C23A1D86,CUST003973,SES042464,PROD001577,1,34108,34108,Debit Card,paid,2026-07-19 15:05:36
ORD-7C7922D894,CUST009147,SES042470,PROD001793,1,93307,93307,UPI,paid,2026-07-18 00:07:04
ORD-2F98365AF0,CUST008307,SES042478,PROD001736,3,2551,7653,Debit Card,paid,2026-07-06 19:08:51
ORD-3EB8ABF192,CUST005535,SES042485,PROD000615,1,72739,72739,UPI,paid,2026-07-19 04:07:21
ORD-12C08DA170,CUST006996,SES042499,PROD001499,1,40148,40148,Wallet,paid,2026-06-27 21:01:56
ORD-28B3EDAF5C,CUST008620,SES042506,PROD000934,3,2390,7170,UPI,paid,2026-07-10 01:27:15
ORD-39AA034234,CUST007654,SES042508,PROD000236,3,98031,294093,UPI,paid,2026-07-08 06:08:23
ORD-825C1923EA,CUST009269,SES042521,PROD001833,2,6864,13728,UPI,paid,2026-07-01 15:19:22
ORD-E7069B9858,CUST003254,SES042528,PROD001332,2,45139,90278,Debit Card,paid,2026-07-05 21:33:59
ORD-6DAB738045,CUST005668,SES042531,PROD000451,3,45128,135384,Debit Card,paid,2026-06-28 13:36:51
ORD-87BD96342A,CUST002311,SES042539,PROD001931,1,96041,96041,UPI,paid,2026-07-10 07:29:42
ORD-0D9446ED1A,CUST002639,SES042547,PROD001028,1,76740,76740,UPI,paid,2026-07-18 18:00:30
ORD-05EFFFC3E7,CUST009358,SES042565,PROD000037,3,10623,31869,UPI,paid,2026-07-16 07:47:24
ORD-6A156A0322,CUST004531,SES042567,PROD000106,1,87011,87011,UPI,paid,2026-07-16 11:16:03
ORD-3641CE16B5,CUST002820,SES042572,PROD000068,1,94714,94714,UPI,paid,2026-07-18 17:18:11
ORD-92B87784E6,CUST002386,SES042576,PROD000062,2,62243,124486,Debit Card,paid,2026-07-12 13:54:47
ORD-D2B7597B0F,CUST000770,SES042577,PROD001601,3,58442,175326,UPI,paid,2026-06-26 11:26:37
ORD-E38E692052,CUST005345,SES042599,PROD000148,2,69956,139912,Debit Card,paid,2026-07-25 05:20:33
ORD-1AD69700B3,CUST004398,SES042602,PROD000527,3,82037,246111,UPI,paid,2026-07-25 00:36:15
ORD-C578637B16,CUST004050,SES042604,PROD000918,3,70002,210006,UPI,paid,2026-06-26 01:10:08
ORD-18CD0AD3EF,CUST007517,SES042612,PROD000520,3,37962,113886,Cash on Delivery,paid,2026-07-02 14:54:25
ORD-85F721046A,CUST008055,SES042613,PROD001736,2,2551,5102,UPI,paid,2026-07-15 06:37:57
ORD-25377CAB35,CUST001117,SES042615,PROD000914,1,21498,21498,Debit Card,paid,2026-06-26 00:34:33
ORD-A207776877,CUST005505,SES042616,PROD001236,2,37665,75330,Cash on Delivery,paid,2026-07-18 12:04:59
ORD-03D1054508,CUST004626,SES042629,PROD001150,3,81079,243237,UPI,paid,2026-07-24 11:07:00
ORD-808ACAED1E,CUST009743,SES042635,PROD001479,3,61774,185322,Wallet,paid,2026-07-01 14:11:31
ORD-938795CC7C,CUST005817,SES042636,PROD001346,1,59838,59838,Wallet,paid,2026-07-17 16:29:43
ORD-B083EB49D4,CUST003477,SES042638,PROD001990,1,77087,77087,Debit Card,paid,2026-07-14 05:28:31
ORD-56D5AB6F4A,CUST008109,SES042639,PROD000948,2,64959,129918,Cash on Delivery,paid,2026-07-12 22:05:37
ORD-9B2771A56E,CUST006748,SES042657,PROD001230,1,73664,73664,UPI,paid,2026-07-21 21:55:16
ORD-2DA55EA39F,CUST007127,SES042663,PROD001541,1,97458,97458,UPI,paid,2026-06-28 06:59:22
ORD-62A57D97AB,CUST006255,SES042668,PROD001802,3,19328,57984,Cash on Delivery,paid,2026-07-06 13:43:19
ORD-0B8A0DB8CB,CUST009166,SES042673,PROD000695,2,69027,138054,Wallet,paid,2026-07-19 09:14:08
ORD-3EA890D298,CUST005200,SES042692,PROD000676,3,11603,34809,UPI,paid,2026-07-06 12:53:00
ORD-C393E0C588,CUST003170,SES042695,PROD001292,2,812,1624,Credit Card,paid,2026-07-06 07:53:39
ORD-9C850C88C1,CUST007681,SES042699,PROD000191,1,55494,55494,UPI,paid,2026-07-04 14:57:18
ORD-59BC20E412,CUST000071,SES042702,PROD000914,2,21498,42996,Credit Card,paid,2026-07-20 23:52:08
ORD-23D5DC0AA2,CUST004070,SES042704,PROD001109,3,31977,95931,Cash on Delivery,paid,2026-07-08 05:51:03
ORD-E9B303125B,CUST008522,SES042708,PROD000347,3,39282,117846,UPI,paid,2026-07-14 02:14:41
ORD-986D4AEA75,CUST007553,SES042725,PROD000622,3,45427,136281,Wallet,paid,2026-07-11 01:19:12
ORD-419DE4D6B4,CUST000168,SES042726,PROD001516,3,28524,85572,Credit Card,paid,2026-07-06 07:46:14
ORD-7B755DAEAA,CUST004354,SES042734,PROD001135,2,27107,54214,Credit Card,paid,2026-07-07 17:25:53
ORD-896B61EE79,CUST009040,SES042751,PROD000260,2,86931,173862,Debit Card,paid,2026-07-04 17:31:50
ORD-055D839329,CUST005974,SES042752,PROD001164,3,21277,63831,UPI,paid,2026-06-29 15:23:33
ORD-2D187A39A0,CUST003834,SES042756,PROD001938,3,38048,114144,UPI,refunded,2026-07-16 22:48:51
ORD-0E709D0628,CUST005117,SES042758,PROD000626,3,40827,122481,UPI,paid,2026-07-02 17:55:43
ORD-C2A24D2D0E,CUST003301,SES042759,PROD001982,3,8607,25821,Credit Card,paid,2026-07-16 21:52:54
ORD-185C56D42E,CUST007988,SES042762,PROD000359,1,90508,90508,UPI,cancelled,2026-07-17 06:57:09
ORD-2BF53DE653,CUST008796,SES042764,PROD000378,3,96300,288900,Credit Card,paid,2026-07-04 05:07:31
ORD-9F354058E0,CUST006175,SES042765,PROD001144,3,55243,165729,Credit Card,paid,2026-07-18 22:44:10
ORD-8F9019DEB9,CUST001704,SES042770,PROD001926,3,66420,199260,Credit Card,paid,2026-06-27 18:52:37
ORD-032BDE2228,CUST005261,SES042777,PROD001867,1,48720,48720,Cash on Delivery,paid,2026-07-11 23:00:50
ORD-01A639E808,CUST001175,SES042778,PROD001277,1,79737,79737,Cash on Delivery,paid,2026-07-14 04:10:48
ORD-97EF14C3AF,CUST005619,SES042780,PROD001216,3,87664,262992,UPI,paid,2026-07-07 19:50:30
ORD-41BBFA9A1C,CUST005423,SES042811,PROD000067,2,46723,93446,UPI,paid,2026-07-21 07:01:57
ORD-E6EAD96297,CUST003130,SES042833,PROD001257,1,52531,52531,Cash on Delivery,cancelled,2026-07-15 22:34:36
ORD-7119866FA1,CUST007509,SES042834,PROD000297,1,66777,66777,Debit Card,paid,2026-07-18 23:48:21
ORD-D9C6A7357B,CUST005794,SES042840,PROD000979,2,95811,191622,Wallet,paid,2026-06-27 11:48:28
ORD-73D648AFA6,CUST001863,SES042850,PROD001226,3,35761,107283,UPI,refunded,2026-07-08 07:19:57
ORD-26D09773D5,CUST003121,SES042851,PROD000271,1,90449,90449,Cash on Delivery,refunded,2026-07-11 23:01:02
ORD-68936F6EA5,CUST006573,SES042853,PROD000644,1,2310,2310,UPI,paid,2026-07-08 00:35:08
ORD-DA6A7A7E3F,CUST001182,SES042858,PROD001710,2,38572,77144,Debit Card,paid,2026-07-14 10:24:11
ORD-78FFC2A38D,CUST000140,SES042861,PROD001207,1,95915,95915,UPI,paid,2026-07-15 16:09:51
ORD-F64BCE107E,CUST002920,SES042862,PROD000523,2,44363,88726,UPI,paid,2026-07-10 07:23:11
ORD-B7E3A22654,CUST004885,SES042865,PROD000494,2,88929,177858,Debit Card,paid,2026-07-04 14:56:43
ORD-EA1928C2D8,CUST003762,SES042871,PROD000004,2,56738,113476,Debit Card,paid,2026-07-18 07:50:59
ORD-C55F49A820,CUST008566,SES042877,PROD001662,1,37459,37459,UPI,paid,2026-07-22 07:28:53
ORD-6C934B08DB,CUST005622,SES042880,PROD001418,1,44669,44669,Debit Card,paid,2026-06-25 22:44:27
ORD-226808178C,CUST001503,SES042884,PROD000585,3,83156,249468,UPI,cancelled,2026-07-05 19:01:51
ORD-B58F8C0D36,CUST005474,SES042887,PROD000907,2,42782,85564,UPI,paid,2026-07-07 10:12:51
ORD-850136DAA0,CUST003434,SES042893,PROD001599,3,8783,26349,UPI,paid,2026-07-14 16:56:26
ORD-04E0752970,CUST006013,SES042897,PROD000674,2,12888,25776,UPI,paid,2026-07-23 03:54:59
ORD-71D9FB9A8F,CUST002061,SES042899,PROD001331,2,40788,81576,Credit Card,paid,2026-07-20 20:24:34
ORD-DCF49D3D23,CUST008048,SES042930,PROD001141,2,17910,35820,Credit Card,paid,2026-07-10 18:18:53
ORD-F5BA2618AC,CUST006654,SES042932,PROD000391,2,98180,196360,Cash on Delivery,paid,2026-07-12 18:23:27
ORD-6775608396,CUST001071,SES042933,PROD001137,3,55991,167973,Debit Card,paid,2026-07-25 00:43:52
ORD-03A903D0DB,CUST002106,SES042936,PROD001176,2,79437,158874,Cash on Delivery,paid,2026-07-22 20:15:05
ORD-5C9DC73693,CUST006476,SES042941,PROD001358,2,59083,118166,Wallet,paid,2026-06-26 06:33:27
ORD-B9BEA06275,CUST004534,SES042944,PROD001708,3,41678,125034,Wallet,paid,2026-06-29 14:21:11
ORD-24708EA422,CUST008767,SES042948,PROD000478,1,32956,32956,UPI,paid,2026-07-21 13:01:22
ORD-D320750F42,CUST005392,SES042958,PROD000688,2,17880,35760,UPI,paid,2026-06-30 07:54:04
ORD-4ED1C93B8A,CUST002599,SES042959,PROD001175,2,8306,16612,UPI,paid,2026-07-14 06:06:04
ORD-FBE8598540,CUST004043,SES042969,PROD001797,3,74034,222102,UPI,paid,2026-07-03 04:06:09
ORD-643F32EEBE,CUST005088,SES042973,PROD001424,3,78071,234213,Cash on Delivery,paid,2026-07-04 17:04:59
ORD-525D7146A1,CUST008523,SES042985,PROD000374,3,60323,180969,UPI,paid,2026-07-14 12:41:36
ORD-750DF56531,CUST008391,SES042988,PROD000185,2,88344,176688,Credit Card,cancelled,2026-06-30 16:38:08
ORD-608FA89A9C,CUST004642,SES042992,PROD000764,2,74926,149852,Credit Card,paid,2026-07-11 09:03:06
ORD-BF3E9D880F,CUST002695,SES043025,PROD000171,2,73153,146306,UPI,paid,2026-07-16 20:43:17
ORD-C9102A2113,CUST000924,SES043026,PROD000929,3,47431,142293,UPI,paid,2026-07-25 11:57:40
ORD-F6061ABAB7,CUST000876,SES043031,PROD001384,2,23438,46876,UPI,paid,2026-07-12 10:37:52
ORD-D60C2C80FE,CUST003610,SES043034,PROD000840,3,70761,212283,Credit Card,paid,2026-07-18 23:41:22
ORD-375A779B5E,CUST005134,SES043039,PROD001382,2,47435,94870,UPI,paid,2026-07-05 06:01:00
ORD-0F9600FFB2,CUST002143,SES043051,PROD001692,1,73315,73315,UPI,refunded,2026-07-22 18:49:15
ORD-802C235EED,CUST000910,SES043057,PROD000362,2,92423,184846,Debit Card,paid,2026-07-25 18:05:27
ORD-53B88C6AD5,CUST006729,SES043058,PROD001876,3,36251,108753,UPI,paid,2026-07-23 18:48:24
ORD-1339385564,CUST006243,SES043063,PROD001024,3,650,1950,UPI,paid,2026-06-27 13:06:45
ORD-6AC50BEA92,CUST009457,SES043070,PROD000159,3,48183,144549,Wallet,paid,2026-07-02 09:56:27
ORD-9FDB6F09B0,CUST009304,SES043077,PROD000125,2,12886,25772,Cash on Delivery,paid,2026-06-25 20:38:08
ORD-EF201643C4,CUST002981,SES043081,PROD001780,1,14096,14096,UPI,paid,2026-07-04 19:46:51
ORD-36A4BF4D47,CUST008205,SES043088,PROD001026,2,9636,19272,Wallet,paid,2026-07-15 08:01:02
ORD-8BFFD63680,CUST008352,SES043093,PROD001271,2,85588,171176,Credit Card,paid,2026-07-06 12:54:51
ORD-85CCEFA736,CUST004624,SES043094,PROD000467,1,87919,87919,Debit Card,cancelled,2026-07-13 23:39:13
ORD-5D46EFAA6D,CUST000373,SES043101,PROD000614,1,58740,58740,UPI,paid,2026-07-06 19:32:24
ORD-CC5087ECEE,CUST002474,SES043105,PROD001139,2,79279,158558,Wallet,paid,2026-07-24 14:24:57
ORD-746AF6315E,CUST000011,SES043115,PROD001062,2,66447,132894,Debit Card,paid,2026-07-23 04:14:24
ORD-EB3BC7E104,CUST001858,SES043124,PROD001584,2,5551,11102,UPI,paid,2026-07-19 09:45:56
ORD-71A1DE41A8,CUST009044,SES043125,PROD001101,3,37593,112779,Cash on Delivery,paid,2026-07-03 23:54:05
ORD-5444E2D9EE,CUST001476,SES043127,PROD001345,1,6413,6413,Cash on Delivery,paid,2026-07-12 18:03:17
ORD-94678BC207,CUST003487,SES043130,PROD001041,2,98549,197098,UPI,paid,2026-07-06 03:09:42
ORD-9BB8F3F4D9,CUST008506,SES043138,PROD000079,1,46790,46790,Cash on Delivery,paid,2026-06-26 20:04:40
ORD-21CC7EE498,CUST003594,SES043148,PROD001781,1,65781,65781,UPI,paid,2026-06-27 03:37:46
ORD-4BEB8D61CB,CUST005182,SES043149,PROD000387,3,74424,223272,Credit Card,paid,2026-07-11 23:14:01
ORD-4AC73E1C25,CUST006160,SES043158,PROD001845,2,28043,56086,UPI,paid,2026-07-19 16:36:28
ORD-55467A1EEE,CUST001925,SES043164,PROD001571,2,82639,165278,UPI,paid,2026-07-16 04:09:53
ORD-BD1926B918,CUST000130,SES043174,PROD001612,2,86626,173252,Credit Card,paid,2026-07-21 06:26:45
ORD-B2D8296480,CUST000112,SES043175,PROD001477,1,14422,14422,Cash on Delivery,paid,2026-07-17 15:09:24
ORD-2A270290E3,CUST006506,SES043181,PROD000685,2,45389,90778,Credit Card,paid,2026-07-24 17:37:46
ORD-6B86FE81D8,CUST005472,SES043183,PROD000874,1,63812,63812,UPI,paid,2026-07-13 10:33:58
ORD-0E04B3BD8C,CUST002607,SES043191,PROD001099,2,38919,77838,Debit Card,paid,2026-07-04 11:19:51
ORD-1B04C1FAC8,CUST009162,SES043194,PROD001770,1,62880,62880,Debit Card,paid,2026-07-17 13:42:28
ORD-73B8DB015A,CUST005478,SES043196,PROD001411,2,59479,118958,Debit Card,paid,2026-07-22 04:42:21
ORD-92D1C1BF60,CUST002547,SES043206,PROD001225,2,16511,33022,UPI,paid,2026-07-14 10:42:03
ORD-9E5BB13340,CUST004325,SES043212,PROD001658,1,520,520,UPI,paid,2026-07-23 04:14:48
ORD-43B94451CC,CUST003122,SES043216,PROD001638,3,59167,177501,Credit Card,paid,2026-07-09 12:27:47
ORD-1295A5E82E,CUST007229,SES043223,PROD001629,1,26789,26789,UPI,paid,2026-07-25 04:10:42
ORD-ED1FF209B5,CUST009703,SES043228,PROD000699,1,23143,23143,UPI,cancelled,2026-07-15 05:51:42
ORD-1F7260C360,CUST005894,SES043236,PROD000496,1,53326,53326,Wallet,paid,2026-07-21 13:17:57
ORD-06AD40AFFB,CUST000252,SES043240,PROD001100,2,26916,53832,UPI,paid,2026-07-24 18:37:23
ORD-3A71354713,CUST000269,SES043245,PROD001712,3,99469,298407,UPI,refunded,2026-07-17 16:15:45
ORD-00E9E1DEAC,CUST007976,SES043256,PROD000877,2,70656,141312,Wallet,paid,2026-07-02 00:57:20
ORD-C1F7648FB7,CUST009542,SES043258,PROD001088,3,86017,258051,UPI,paid,2026-07-24 06:09:18
ORD-F5D5564649,CUST005278,SES043259,PROD000755,2,3769,7538,Wallet,paid,2026-06-27 14:09:40
ORD-B9ED7343EE,CUST009105,SES043266,PROD001623,2,38702,77404,Credit Card,paid,2026-07-21 15:22:17
ORD-2F45FFE984,CUST007362,SES043271,PROD000913,1,8742,8742,Debit Card,paid,2026-07-08 17:06:58
ORD-73A1381CC2,CUST000912,SES043283,PROD001866,2,55062,110124,Debit Card,paid,2026-07-04 01:53:00
ORD-F7FBC10E02,CUST006641,SES043284,PROD000752,3,12968,38904,Debit Card,paid,2026-07-03 17:26:28
ORD-1C03251E2B,CUST003207,SES043310,PROD000231,2,85310,170620,UPI,paid,2026-06-28 03:08:23
ORD-16D4BD921C,CUST003481,SES043313,PROD001236,3,37665,112995,UPI,paid,2026-06-27 15:27:45
ORD-A0B0A41EFA,CUST005809,SES043314,PROD000096,1,12841,12841,UPI,paid,2026-07-23 09:07:25
ORD-2BC3D46BE0,CUST007638,SES043323,PROD001636,1,59321,59321,Credit Card,paid,2026-07-12 08:50:56
ORD-C0C036BC2E,CUST009678,SES043326,PROD001433,2,66019,132038,Credit Card,paid,2026-07-07 20:27:16
ORD-C885D0635D,CUST009121,SES043327,PROD001066,2,61725,123450,Credit Card,paid,2026-07-10 16:14:41
ORD-322A44E31C,CUST000326,SES043331,PROD000293,2,12479,24958,UPI,refunded,2026-07-22 10:16:53
ORD-20A4449A23,CUST003857,SES043341,PROD000209,2,81226,162452,UPI,paid,2026-07-18 04:33:05
ORD-D34F1D4351,CUST008034,SES043343,PROD001932,2,15533,31066,Wallet,paid,2026-07-10 04:30:48
ORD-5A9D4B4D94,CUST006546,SES043348,PROD000022,3,35884,107652,UPI,cancelled,2026-07-15 20:06:18
ORD-FA358212A2,CUST002248,SES043361,PROD000942,2,27880,55760,UPI,paid,2026-07-07 04:28:19
ORD-6B0B649E66,CUST007003,SES043363,PROD000825,3,87226,261678,Debit Card,paid,2026-07-05 09:35:27
ORD-600997CEAB,CUST002838,SES043364,PROD000785,3,48617,145851,Wallet,paid,2026-07-02 12:17:36
ORD-9BFCA1B6DD,CUST003303,SES043368,PROD001901,2,16849,33698,UPI,refunded,2026-07-12 10:37:59
ORD-6F0C781E86,CUST008731,SES043369,PROD001737,3,98864,296592,Credit Card,paid,2026-07-12 02:04:48
ORD-92BBB30B66,CUST009918,SES043376,PROD000058,2,15023,30046,Cash on Delivery,paid,2026-07-25 05:21:28
ORD-AA83F7CF1C,CUST004648,SES043381,PROD000338,1,83105,83105,UPI,paid,2026-07-25 00:32:20
ORD-1C95CDD6AC,CUST000880,SES043392,PROD001019,3,29386,88158,UPI,paid,2026-07-07 00:37:37
ORD-5D8A6E863D,CUST001510,SES043394,PROD000447,1,41345,41345,UPI,paid,2026-07-19 11:56:55
ORD-3A9AC2FD48,CUST006394,SES043403,PROD001842,3,53825,161475,Credit Card,paid,2026-07-16 06:25:30
ORD-C7F61443D7,CUST001528,SES043407,PROD000402,1,34517,34517,UPI,paid,2026-07-12 18:22:30
ORD-C3908A1558,CUST001205,SES043417,PROD000764,1,74926,74926,Debit Card,paid,2026-07-22 17:45:22
ORD-1D370C453F,CUST005765,SES043427,PROD001101,2,37593,75186,Wallet,paid,2026-07-02 15:05:50
ORD-D652A8013F,CUST009019,SES043431,PROD001005,2,42492,84984,UPI,paid,2026-07-22 12:59:21
ORD-20013F6746,CUST007683,SES043441,PROD001649,3,27303,81909,Debit Card,paid,2026-07-21 02:06:54
ORD-A4872708F8,CUST008614,SES043443,PROD001588,1,91732,91732,Wallet,paid,2026-07-17 17:16:24
ORD-FE1C2E5CF7,CUST008571,SES043446,PROD001965,2,20391,40782,UPI,paid,2026-06-28 09:47:02
ORD-2D150DE798,CUST006105,SES043454,PROD001706,2,67744,135488,Debit Card,paid,2026-06-30 21:29:17
ORD-4DB29A2A84,CUST003123,SES043456,PROD000486,2,40789,81578,UPI,paid,2026-07-05 15:37:37
ORD-558CB2BE94,CUST007920,SES043459,PROD001503,1,24949,24949,Credit Card,paid,2026-07-15 02:41:12
ORD-3B4424DA01,CUST004260,SES043472,PROD000508,2,53698,107396,Debit Card,paid,2026-07-19 19:52:23
ORD-276AC0E2F4,CUST000550,SES043481,PROD000200,3,34444,103332,Cash on Delivery,paid,2026-07-13 14:22:01
ORD-8B9F503952,CUST004984,SES043483,PROD001308,2,44162,88324,Wallet,paid,2026-07-13 13:07:37
ORD-2F2A37483E,CUST007667,SES043494,PROD000144,2,28146,56292,Cash on Delivery,paid,2026-07-22 22:55:47
ORD-CF121AEDDE,CUST001395,SES043504,PROD000215,2,86329,172658,Cash on Delivery,paid,2026-07-02 06:06:13
ORD-CD6C731D30,CUST001213,SES043526,PROD000549,3,29300,87900,UPI,paid,2026-07-04 08:02:05
ORD-FB6B47F44E,CUST005915,SES043527,PROD000185,2,88344,176688,Credit Card,paid,2026-07-07 12:08:42
ORD-1E40C82FB0,CUST008803,SES043551,PROD001208,2,32473,64946,Credit Card,cancelled,2026-06-29 20:09:33
ORD-047F737651,CUST002332,SES043554,PROD001998,1,61913,61913,UPI,paid,2026-07-19 23:06:04
ORD-7E92C6FED0,CUST009132,SES043556,PROD000731,1,69370,69370,UPI,paid,2026-07-08 03:50:42
ORD-3152ADCA38,CUST009404,SES043562,PROD001507,2,87446,174892,Wallet,paid,2026-07-15 15:58:30
ORD-9178FDDEB5,CUST001739,SES043593,PROD000639,1,89175,89175,UPI,paid,2026-07-23 14:21:00
ORD-0B186E5EC2,CUST004655,SES043600,PROD000327,1,24404,24404,Credit Card,paid,2026-07-25 09:53:13
ORD-24B82D4B95,CUST002781,SES043609,PROD001017,1,70162,70162,Credit Card,paid,2026-07-22 10:15:57
ORD-D2A5455222,CUST009392,SES043618,PROD001199,1,97680,97680,Wallet,paid,2026-07-09 01:13:20
ORD-7DF05A018D,CUST006255,SES043632,PROD000542,1,32558,32558,Debit Card,paid,2026-07-24 03:47:37
ORD-E0B8D32366,CUST003690,SES043633,PROD001238,3,32748,98244,UPI,paid,2026-06-30 09:11:23
ORD-2B94E067FE,CUST005610,SES043639,PROD001042,3,10177,30531,Wallet,paid,2026-07-04 19:53:38
ORD-2BB4067210,CUST008048,SES043643,PROD001732,2,33332,66664,UPI,paid,2026-07-16 05:24:16
ORD-A5E353E8F2,CUST002913,SES043645,PROD000015,3,7124,21372,UPI,paid,2026-07-12 15:15:22
ORD-BFC1887BAA,CUST001323,SES043646,PROD000096,1,12841,12841,UPI,refunded,2026-07-16 14:05:04
ORD-4216307D26,CUST002140,SES043648,PROD000812,3,45788,137364,Debit Card,paid,2026-07-21 09:37:21
ORD-A03EA16FDB,CUST003560,SES043654,PROD001566,3,20411,61233,Wallet,paid,2026-07-06 05:36:43
ORD-C5A10F9239,CUST006904,SES043661,PROD001677,1,63049,63049,Debit Card,cancelled,2026-07-24 04:24:14
ORD-874DED2BAE,CUST001508,SES043667,PROD001935,2,6879,13758,UPI,paid,2026-07-24 07:13:09
ORD-8D24EDE5A5,CUST007222,SES043670,PROD001626,1,6649,6649,Cash on Delivery,paid,2026-07-08 23:38:35
ORD-85EA250C6E,CUST009981,SES043677,PROD000580,3,30749,92247,Credit Card,paid,2026-07-04 05:16:43
ORD-0BBF423DA6,CUST007569,SES043685,PROD001928,3,73665,220995,Wallet,paid,2026-07-06 02:36:53
ORD-576A4E1D1B,CUST008678,SES043698,PROD000089,3,34149,102447,Credit Card,paid,2026-07-21 11:43:00
ORD-642F2162B5,CUST003227,SES043706,PROD001903,3,85079,255237,Credit Card,paid,2026-07-21 15:35:14
ORD-1E955A62FB,CUST008372,SES043713,PROD000466,2,82110,164220,Wallet,paid,2026-07-16 12:53:13
ORD-925A35B063,CUST005083,SES043718,PROD000573,1,65071,65071,Debit Card,paid,2026-07-09 15:14:44
ORD-ABEF064191,CUST007631,SES043722,PROD000495,2,70479,140958,Wallet,paid,2026-06-28 08:02:07
ORD-74624D6293,CUST000107,SES043736,PROD001685,2,58200,116400,Wallet,paid,2026-07-10 06:55:34
ORD-64947302B4,CUST009680,SES043738,PROD000190,3,82136,246408,Credit Card,paid,2026-07-14 08:22:13
ORD-30926375D7,CUST006448,SES043743,PROD001528,3,44538,133614,Credit Card,paid,2026-07-14 19:09:14
ORD-0101C66B06,CUST000045,SES043749,PROD001653,1,93568,93568,Debit Card,paid,2026-07-18 06:25:15
ORD-2E85ED5959,CUST001569,SES043763,PROD000747,3,49079,147237,UPI,paid,2026-06-26 15:10:52
ORD-91E3ED306F,CUST004851,SES043767,PROD001714,3,42703,128109,Cash on Delivery,paid,2026-07-17 01:32:15
ORD-70C8B3DA73,CUST008792,SES043781,PROD000417,2,67266,134532,UPI,paid,2026-07-01 23:20:22
ORD-1D6C9A118E,CUST005856,SES043790,PROD001894,3,39564,118692,Debit Card,paid,2026-07-06 14:02:15
ORD-1E55ABE881,CUST001977,SES043793,PROD001709,3,75328,225984,UPI,cancelled,2026-07-17 04:55:01
ORD-AA3A649736,CUST004457,SES043799,PROD000077,1,68495,68495,UPI,paid,2026-07-24 22:41:26
ORD-51CD82D513,CUST008937,SES043811,PROD001691,3,11943,35829,Wallet,paid,2026-07-11 05:39:48
ORD-4014400579,CUST004970,SES043836,PROD000050,3,34754,104262,Cash on Delivery,cancelled,2026-07-12 23:17:53
ORD-013942024F,CUST006188,SES043837,PROD001960,1,11769,11769,Cash on Delivery,paid,2026-06-30 09:31:11
ORD-DF91541B30,CUST001827,SES043839,PROD000324,3,18589,55767,Credit Card,paid,2026-07-22 16:18:01
ORD-5CF3EC75B5,CUST006602,SES043855,PROD000676,2,11603,23206,Wallet,paid,2026-07-20 04:03:34
ORD-56B6DF4EBD,CUST003636,SES043863,PROD000282,2,13236,26472,UPI,paid,2026-07-08 08:38:04
ORD-0EC7C1487E,CUST009580,SES043864,PROD000273,1,79144,79144,Credit Card,refunded,2026-06-30 22:31:37
ORD-149C6F527B,CUST007358,SES043871,PROD000593,2,28098,56196,Debit Card,refunded,2026-07-11 00:42:24
ORD-2C231B3157,CUST007708,SES043873,PROD000811,1,81480,81480,UPI,paid,2026-07-01 14:46:27
ORD-4DDDB08511,CUST004929,SES043875,PROD001199,3,97680,293040,Wallet,paid,2026-07-07 01:03:41
ORD-BC469316DD,CUST000635,SES043879,PROD000034,2,90741,181482,Credit Card,paid,2026-07-19 18:43:04
ORD-9A984A5240,CUST008359,SES043889,PROD001406,1,13078,13078,Debit Card,paid,2026-07-12 21:18:05
ORD-5618FE3276,CUST001739,SES043890,PROD000207,3,54062,162186,UPI,paid,2026-06-27 04:34:54
ORD-30A98B90F5,CUST007387,SES043900,PROD000448,1,23986,23986,UPI,paid,2026-07-09 12:36:29
ORD-71AA54039B,CUST006601,SES043910,PROD001664,1,2521,2521,UPI,paid,2026-06-26 05:45:50
ORD-56C81EB2CB,CUST007444,SES043911,PROD001987,1,37147,37147,Credit Card,paid,2026-06-27 14:43:27
ORD-5357E9FA20,CUST004586,SES043913,PROD000759,1,63552,63552,UPI,paid,2026-07-06 22:43:38
ORD-417463C3FD,CUST009648,SES043914,PROD001237,3,62933,188799,UPI,paid,2026-07-21 06:17:35
ORD-7FAFC6A65E,CUST000753,SES043917,PROD000353,2,12706,25412,Credit Card,paid,2026-07-11 03:56:26
ORD-EEF5EA8E37,CUST003440,SES043921,PROD001730,1,9139,9139,UPI,refunded,2026-07-12 10:49:36
ORD-1EBA532EFF,CUST007589,SES043922,PROD000189,3,2445,7335,Cash on Delivery,cancelled,2026-06-27 06:33:44
ORD-3D5B1D7296,CUST001044,SES043934,PROD000728,1,84771,84771,UPI,refunded,2026-07-05 22:32:59
ORD-1D2953F310,CUST005051,SES043936,PROD000192,2,84558,169116,UPI,paid,2026-07-02 14:43:23
ORD-4C18774ECB,CUST002814,SES043939,PROD000178,3,32893,98679,UPI,paid,2026-07-09 16:01:00
ORD-FC55F1C265,CUST006413,SES043951,PROD000996,1,842,842,UPI,paid,2026-07-01 13:18:26
ORD-248F892134,CUST000893,SES043965,PROD000125,2,12886,25772,UPI,paid,2026-07-07 03:57:49
ORD-B799A5FE1B,CUST009741,SES043967,PROD000308,3,47429,142287,UPI,paid,2026-07-17 05:47:45
ORD-A141895730,CUST000350,SES043991,PROD000838,1,51031,51031,UPI,paid,2026-06-26 01:58:50
ORD-BFDA0269E0,CUST003202,SES043992,PROD000487,3,48427,145281,UPI,paid,2026-07-08 15:26:45
ORD-FD1676E7E8,CUST004627,SES044014,PROD001102,2,12024,24048,Debit Card,paid,2026-07-11 04:44:18
ORD-EC420F14BC,CUST002205,SES044016,PROD001613,2,54604,109208,Debit Card,paid,2026-07-20 09:17:25
ORD-93D189700A,CUST004843,SES044020,PROD000873,3,84333,252999,UPI,paid,2026-07-20 18:18:26
ORD-92BBA4A6B9,CUST002588,SES044024,PROD001418,3,44669,134007,Debit Card,paid,2026-07-25 06:32:51
ORD-2D53E9BB07,CUST000735,SES044034,PROD001798,1,70131,70131,Wallet,paid,2026-07-02 11:20:38
ORD-E7D7776977,CUST006644,SES044038,PROD001510,3,95788,287364,Credit Card,paid,2026-07-19 16:22:29
ORD-D22B00C20F,CUST003232,SES044043,PROD001075,2,87108,174216,Wallet,paid,2026-07-20 23:37:51
ORD-297A4C9FD4,CUST000858,SES044044,PROD001048,1,25239,25239,UPI,paid,2026-07-22 04:17:47
ORD-713E41B492,CUST006052,SES044048,PROD000179,1,30867,30867,Wallet,cancelled,2026-07-11 22:55:55
ORD-904BCC0D87,CUST004049,SES044051,PROD001175,3,8306,24918,UPI,paid,2026-07-17 13:28:28
ORD-682CCC7CFE,CUST007764,SES044055,PROD000095,2,71684,143368,Credit Card,paid,2026-06-29 13:40:28
ORD-D5E03E2BAA,CUST008833,SES044058,PROD000780,1,87612,87612,UPI,paid,2026-07-25 19:34:22
ORD-5634A3EDA3,CUST008826,SES044059,PROD001025,1,38169,38169,UPI,paid,2026-07-03 17:57:13
ORD-6C3208DEF2,CUST004473,SES044067,PROD001908,1,40974,40974,UPI,paid,2026-07-01 16:19:28
ORD-D3DD3CB6B3,CUST003669,SES044072,PROD001733,1,51279,51279,UPI,paid,2026-07-22 03:35:10
ORD-86DB73295A,CUST005311,SES044073,PROD000809,3,21304,63912,UPI,paid,2026-07-15 14:24:09
ORD-5B1F644552,CUST003152,SES044079,PROD001467,1,28505,28505,UPI,paid,2026-07-14 07:09:16
ORD-A895BF8E07,CUST008024,SES044080,PROD000306,1,60015,60015,Credit Card,refunded,2026-07-02 19:17:15
ORD-6EDCFB867C,CUST009349,SES044082,PROD001371,1,62725,62725,UPI,paid,2026-07-15 12:15:19
ORD-BCF633F04A,CUST007679,SES044091,PROD000590,1,9418,9418,UPI,paid,2026-07-02 07:49:05
ORD-0CC6817968,CUST002134,SES044095,PROD001970,3,69249,207747,UPI,paid,2026-06-28 00:23:58
ORD-4225BD2145,CUST004806,SES044114,PROD001913,1,15068,15068,Credit Card,paid,2026-07-14 02:52:06
ORD-1AD5B4D9EA,CUST005863,SES044117,PROD001054,1,63049,63049,UPI,paid,2026-07-03 02:57:32
ORD-964BA74AFA,CUST008164,SES044143,PROD001766,3,83392,250176,Debit Card,paid,2026-07-20 16:01:45
ORD-EF57ADDF53,CUST006055,SES044148,PROD001834,1,45603,45603,Cash on Delivery,paid,2026-07-05 14:04:17
ORD-E8C6AB6E7B,CUST005230,SES044149,PROD000544,3,57043,171129,UPI,paid,2026-07-21 23:07:29
ORD-CE30E377A9,CUST001671,SES044154,PROD001723,2,99872,199744,UPI,paid,2026-07-05 15:40:50
ORD-418533B39E,CUST006005,SES044155,PROD000830,2,58722,117444,Credit Card,paid,2026-06-25 22:00:49
ORD-A74E2D0B41,CUST009248,SES044168,PROD000147,1,78600,78600,Credit Card,refunded,2026-07-14 20:41:23
ORD-ABE80F5988,CUST002808,SES044171,PROD001979,1,33588,33588,UPI,paid,2026-06-26 09:03:39
ORD-BC4F8D84DD,CUST003699,SES044172,PROD001243,1,48378,48378,Cash on Delivery,paid,2026-07-17 02:44:14
ORD-FB6A5250D0,CUST001201,SES044181,PROD001216,1,87664,87664,UPI,paid,2026-07-09 20:38:56
ORD-A2B60C2DDA,CUST003420,SES044189,PROD001818,3,9187,27561,UPI,paid,2026-06-28 12:12:27
ORD-A3BC59A6D9,CUST005895,SES044196,PROD001673,3,14013,42039,Debit Card,cancelled,2026-07-07 04:30:34
ORD-E808063226,CUST007858,SES044202,PROD001541,1,97458,97458,UPI,paid,2026-07-22 15:26:27
ORD-064DB08E4E,CUST009896,SES044204,PROD000461,1,62165,62165,Wallet,paid,2026-07-04 02:21:20
ORD-D8766D2B0A,CUST000381,SES044224,PROD000559,1,46852,46852,Cash on Delivery,paid,2026-06-27 17:05:59
ORD-1A97811F8C,CUST002224,SES044234,PROD000817,2,96577,193154,Credit Card,paid,2026-07-04 20:10:09
ORD-19091217DB,CUST005903,SES044244,PROD000144,2,28146,56292,UPI,paid,2026-07-12 13:15:46
ORD-9BFDCF9AC3,CUST004227,SES044251,PROD001549,2,69367,138734,Credit Card,paid,2026-07-12 20:53:07
ORD-9F25231FCE,CUST004393,SES044254,PROD001942,2,22529,45058,Cash on Delivery,paid,2026-07-07 07:38:50
ORD-486E296BF7,CUST002074,SES044266,PROD001875,3,48977,146931,UPI,paid,2026-07-25 18:34:25
ORD-3810528AFA,CUST007363,SES044272,PROD000883,2,65587,131174,Debit Card,paid,2026-07-17 09:20:27
ORD-AC059B5EDF,CUST008716,SES044276,PROD001969,1,9393,9393,UPI,paid,2026-07-02 05:35:19
ORD-A9F52E62CE,CUST006001,SES044285,PROD001839,2,70893,141786,Wallet,paid,2026-06-26 13:02:56
ORD-6B8B031CC9,CUST008595,SES044301,PROD001090,2,25417,50834,Debit Card,paid,2026-07-05 22:32:18
ORD-9D28AC58C3,CUST000811,SES044307,PROD000179,1,30867,30867,UPI,paid,2026-07-14 21:30:46
ORD-540E5279B0,CUST000312,SES044316,PROD000804,2,22240,44480,Wallet,paid,2026-07-16 00:58:23
ORD-83E2CB513D,CUST009264,SES044318,PROD001703,2,48234,96468,Cash on Delivery,paid,2026-07-04 22:46:54
ORD-B44E6C5211,CUST007272,SES044319,PROD000666,3,99588,298764,UPI,paid,2026-07-01 18:17:26
ORD-80AB071E51,CUST007586,SES044333,PROD000770,2,73378,146756,Wallet,paid,2026-07-22 09:41:45
ORD-861C497380,CUST005072,SES044340,PROD000970,2,71382,142764,Cash on Delivery,paid,2026-06-27 12:49:13
ORD-F616D7109E,CUST000157,SES044349,PROD000779,2,5151,10302,Wallet,paid,2026-07-18 05:54:45
ORD-ECFBF9842F,CUST008395,SES044350,PROD001302,3,8755,26265,Credit Card,paid,2026-06-26 22:22:02
ORD-D1C8010D61,CUST003714,SES044354,PROD000821,1,24812,24812,UPI,paid,2026-06-27 18:08:41
ORD-AB51D22995,CUST003361,SES044371,PROD000782,3,76015,228045,UPI,paid,2026-07-08 02:48:45
ORD-D5A8D98A53,CUST006976,SES044372,PROD000692,2,73910,147820,Cash on Delivery,paid,2026-07-04 10:43:08
ORD-30AF419578,CUST008907,SES044376,PROD000621,2,59407,118814,Cash on Delivery,paid,2026-07-11 23:21:54
ORD-5508038213,CUST001776,SES044378,PROD001536,2,69584,139168,Cash on Delivery,paid,2026-07-05 11:03:25
ORD-5D9C3350E7,CUST005459,SES044380,PROD000727,1,73539,73539,Cash on Delivery,paid,2026-07-15 12:43:19
ORD-BE7694C2E4,CUST000510,SES044381,PROD001372,1,58274,58274,Cash on Delivery,paid,2026-06-30 17:57:20
ORD-96BFF23C59,CUST006752,SES044393,PROD000644,2,2310,4620,Cash on Delivery,paid,2026-07-25 08:26:54
ORD-B4E3CB00CF,CUST001435,SES044412,PROD001998,1,61913,61913,Cash on Delivery,paid,2026-07-12 20:26:18
ORD-392E9D73A5,CUST008620,SES044413,PROD000771,3,66289,198867,Wallet,paid,2026-07-05 14:10:04
ORD-3FA633FBC4,CUST002534,SES044420,PROD001850,2,37550,75100,Credit Card,paid,2026-06-26 11:33:14
ORD-4137B42F61,CUST002738,SES044428,PROD001759,3,67019,201057,Credit Card,paid,2026-07-05 07:53:36
ORD-F0622820FE,CUST003123,SES044432,PROD001123,2,78107,156214,UPI,paid,2026-07-15 17:11:09
ORD-DE97A5F1B1,CUST004272,SES044437,PROD000187,3,9357,28071,Credit Card,paid,2026-07-09 01:52:06
ORD-E70C7927CE,CUST004605,SES044439,PROD001922,2,75405,150810,Debit Card,paid,2026-07-19 22:10:29
ORD-80BE3C05DC,CUST004769,SES044452,PROD001901,2,16849,33698,Credit Card,paid,2026-07-07 10:08:31
ORD-A58CA0B680,CUST001668,SES044459,PROD000846,3,73329,219987,UPI,paid,2026-06-28 02:24:57
ORD-2F22A46138,CUST005877,SES044465,PROD001766,1,83392,83392,UPI,paid,2026-07-12 01:01:39
ORD-70DB643C17,CUST008295,SES044472,PROD000144,1,28146,28146,UPI,paid,2026-07-16 14:05:11
ORD-FF15268ADB,CUST005588,SES044480,PROD001352,3,38438,115314,UPI,paid,2026-07-24 18:52:05
ORD-47779604D8,CUST009659,SES044482,PROD000978,3,76981,230943,Credit Card,paid,2026-07-24 22:29:24
ORD-7A9615C36C,CUST002503,SES044487,PROD001001,2,46620,93240,Debit Card,cancelled,2026-07-07 15:02:27
ORD-FBB5EB2AE6,CUST007780,SES044495,PROD000118,2,21623,43246,Debit Card,paid,2026-07-13 23:51:46
ORD-D08E88D66F,CUST001766,SES044501,PROD001054,3,63049,189147,Wallet,paid,2026-07-12 06:39:00
ORD-5FC6EEEF57,CUST000183,SES044502,PROD000159,3,48183,144549,UPI,paid,2026-07-02 20:55:55
ORD-2A66D37803,CUST004913,SES044512,PROD000180,2,90639,181278,Wallet,refunded,2026-07-24 18:32:34
ORD-2AE5CEF65B,CUST008555,SES044514,PROD001981,3,96686,290058,Debit Card,paid,2026-07-21 14:59:12
ORD-266B2DA214,CUST006063,SES044524,PROD001207,2,95915,191830,Credit Card,paid,2026-07-23 00:40:17
ORD-1F0E20BB40,CUST002876,SES044525,PROD001789,1,98337,98337,UPI,paid,2026-06-26 23:13:40
ORD-72839CEDF3,CUST002388,SES044527,PROD000343,1,25634,25634,UPI,paid,2026-07-13 00:50:21
ORD-0DCF9A378D,CUST004738,SES044540,PROD001840,2,95890,191780,UPI,paid,2026-07-11 07:18:07
ORD-2521DB65C7,CUST004061,SES044541,PROD000488,1,33408,33408,UPI,paid,2026-07-04 21:41:27
ORD-4707CA7D36,CUST007573,SES044548,PROD001967,2,21299,42598,Wallet,paid,2026-07-01 00:18:09
ORD-E6137D360A,CUST004335,SES044555,PROD000197,1,97393,97393,Credit Card,refunded,2026-07-10 04:38:49
ORD-DF9FAAF52F,CUST008908,SES044556,PROD000060,2,61141,122282,Wallet,paid,2026-07-22 05:40:01
ORD-9399845ADA,CUST006122,SES044559,PROD001790,2,45479,90958,UPI,paid,2026-07-11 21:49:04
ORD-0C0009FB31,CUST005229,SES044563,PROD001021,3,92787,278361,Cash on Delivery,paid,2026-07-11 13:00:30
ORD-663C72299B,CUST000050,SES044564,PROD001886,3,50748,152244,Debit Card,paid,2026-07-14 20:48:16
ORD-CA7324AABA,CUST006156,SES044577,PROD001238,2,32748,65496,Cash on Delivery,paid,2026-07-04 10:26:22
ORD-522DBDCF40,CUST008274,SES044595,PROD000666,1,99588,99588,Credit Card,paid,2026-07-03 18:50:47
ORD-5A0B40F23F,CUST008324,SES044611,PROD001942,1,22529,22529,Wallet,paid,2026-07-23 02:46:29
ORD-73E3A409A3,CUST006798,SES044614,PROD000610,2,93134,186268,Debit Card,paid,2026-07-03 11:55:16
ORD-10F6907729,CUST004701,SES044616,PROD001672,3,84500,253500,Wallet,paid,2026-07-22 16:55:58
ORD-AE59B2E464,CUST004032,SES044621,PROD001460,2,61518,123036,Credit Card,paid,2026-07-11 03:15:12
ORD-125152926F,CUST009103,SES044624,PROD000691,1,42406,42406,Credit Card,paid,2026-06-30 00:21:57
ORD-F3D240E96D,CUST001852,SES044626,PROD000930,3,51191,153573,UPI,paid,2026-07-12 17:40:02
ORD-70780C6FE4,CUST009481,SES044635,PROD001185,2,60063,120126,UPI,paid,2026-06-29 10:57:56
ORD-3CB34EFD8F,CUST009539,SES044639,PROD001780,2,14096,28192,UPI,paid,2026-07-12 09:56:46
ORD-4D12B63F0B,CUST005849,SES044643,PROD001796,2,24144,48288,Wallet,paid,2026-07-07 23:42:42
ORD-67A50B04D5,CUST006773,SES044654,PROD000278,2,19002,38004,UPI,paid,2026-07-24 10:45:48
ORD-9B5666D504,CUST008889,SES044659,PROD000192,2,84558,169116,Credit Card,paid,2026-06-27 05:09:44
ORD-8773FF8954,CUST000469,SES044663,PROD000842,3,91414,274242,Wallet,paid,2026-07-19 16:54:57
ORD-46AEF5EF1E,CUST005379,SES044666,PROD000604,1,37721,37721,UPI,paid,2026-07-20 07:39:09
ORD-A7378C582C,CUST000907,SES044692,PROD000411,3,81257,243771,UPI,paid,2026-07-04 12:22:48
ORD-C8810A9E02,CUST006326,SES044700,PROD000813,3,79206,237618,UPI,paid,2026-07-22 17:44:51
ORD-D9E6622164,CUST002540,SES044710,PROD001331,3,40788,122364,UPI,paid,2026-07-09 07:22:48
ORD-8B3867083A,CUST006654,SES044711,PROD001926,2,66420,132840,Debit Card,paid,2026-07-07 03:47:40
ORD-80DEFD336F,CUST006818,SES044712,PROD001239,2,8000,16000,UPI,paid,2026-06-30 10:07:47
ORD-907A0602AF,CUST005707,SES044719,PROD001497,3,2965,8895,Debit Card,paid,2026-07-06 16:37:28
ORD-4D3CFBEB4B,CUST002312,SES044725,PROD001710,2,38572,77144,UPI,paid,2026-07-10 03:21:05
ORD-364BED901B,CUST000680,SES044728,PROD000017,1,83718,83718,UPI,paid,2026-07-12 22:47:25
ORD-5787F1425F,CUST004922,SES044734,PROD000451,2,45128,90256,Debit Card,paid,2026-07-18 05:03:00
ORD-FC95F26138,CUST004593,SES044737,PROD001585,1,15709,15709,UPI,paid,2026-06-29 18:37:11
ORD-3385DE3F00,CUST005009,SES044738,PROD000811,1,81480,81480,UPI,paid,2026-06-29 22:18:15
ORD-9C19873702,CUST000585,SES044771,PROD001145,3,12278,36834,Cash on Delivery,paid,2026-07-17 19:54:41
ORD-C1CE03181E,CUST002274,SES044776,PROD000270,3,53308,159924,Debit Card,paid,2026-07-06 21:36:04
ORD-D479FC0883,CUST001754,SES044779,PROD000261,3,21431,64293,UPI,paid,2026-06-27 23:08:59
ORD-FFE8F2E732,CUST006043,SES044812,PROD001373,2,91836,183672,Debit Card,paid,2026-07-25 11:39:39
ORD-725BEEB047,CUST008867,SES044819,PROD000251,2,56487,112974,UPI,paid,2026-07-15 13:40:13
ORD-90EB218300,CUST004287,SES044824,PROD001572,3,76271,228813,UPI,paid,2026-06-30 06:27:25
ORD-E02F58DA5A,CUST000041,SES044828,PROD000078,3,27288,81864,UPI,paid,2026-07-08 05:53:08
ORD-E2651C87A5,CUST006668,SES044838,PROD000062,2,62243,124486,Debit Card,paid,2026-06-27 01:44:48
ORD-1E184B62E0,CUST003342,SES044840,PROD000889,3,14674,44022,UPI,paid,2026-07-17 22:59:11
ORD-28C256A33C,CUST001120,SES044842,PROD000940,1,14234,14234,UPI,paid,2026-07-07 22:06:48
ORD-C10DB0B763,CUST003822,SES044844,PROD000594,2,1381,2762,UPI,paid,2026-07-24 16:35:21
ORD-A027085AA9,CUST005064,SES044845,PROD001513,3,30783,92349,Wallet,paid,2026-07-18 10:05:09
ORD-49149E3346,CUST009033,SES044848,PROD001166,3,61606,184818,Cash on Delivery,paid,2026-07-23 16:28:47
ORD-E98DBFF05A,CUST004853,SES044851,PROD001990,3,77087,231261,Wallet,paid,2026-07-19 15:50:31
ORD-222859F46C,CUST009294,SES044862,PROD000152,3,60911,182733,Wallet,paid,2026-07-23 12:38:02
ORD-08F827ADC5,CUST009360,SES044864,PROD000510,2,3313,6626,UPI,paid,2026-07-20 19:55:10
ORD-3EE054DD82,CUST004775,SES044865,PROD001693,2,35522,71044,Wallet,paid,2026-07-15 16:03:06
ORD-200B5AD342,CUST008833,SES044876,PROD001152,2,48173,96346,UPI,refunded,2026-07-21 11:59:12
ORD-7BE02CB3CE,CUST004874,SES044884,PROD000877,1,70656,70656,Credit Card,cancelled,2026-07-08 03:03:20
ORD-5B2E11C50B,CUST007365,SES044899,PROD000001,2,77313,154626,UPI,refunded,2026-07-14 06:52:58
ORD-C623E8D580,CUST008976,SES044900,PROD000678,3,95429,286287,Debit Card,paid,2026-07-23 09:40:18
ORD-8092693406,CUST001081,SES044917,PROD001090,2,25417,50834,Debit Card,paid,2026-06-30 07:07:03
ORD-AEA04A6058,CUST008126,SES044922,PROD000667,2,12556,25112,UPI,paid,2026-07-14 05:10:09
ORD-589269EDCE,CUST003189,SES044923,PROD000839,1,97181,97181,Wallet,paid,2026-06-29 04:48:16
ORD-545D4AF6B6,CUST002607,SES044925,PROD000458,3,83288,249864,UPI,paid,2026-07-25 07:42:53
ORD-33B5F450C5,CUST002926,SES044926,PROD001497,2,2965,5930,Credit Card,refunded,2026-07-13 14:47:07
ORD-12785FBE38,CUST001256,SES044930,PROD001745,1,20213,20213,Wallet,paid,2026-07-04 00:26:50
ORD-A6A8821DE6,CUST008232,SES044936,PROD000919,3,334,1002,UPI,cancelled,2026-07-08 14:21:32
ORD-98FBF42D45,CUST009306,SES044939,PROD001294,1,5072,5072,Credit Card,paid,2026-07-09 06:23:53
ORD-814CB0A5EC,CUST001868,SES044951,PROD001291,3,19662,58986,UPI,paid,2026-07-12 09:06:58
ORD-F37ACBD0D2,CUST003176,SES044960,PROD000714,2,37942,75884,Credit Card,paid,2026-07-11 15:36:32
ORD-E00D35D088,CUST001691,SES044968,PROD000513,3,21931,65793,Cash on Delivery,paid,2026-06-25 21:43:50
ORD-649EF1EF96,CUST005241,SES044986,PROD000453,2,45939,91878,UPI,paid,2026-07-09 12:55:07
ORD-DC5748891A,CUST007976,SES044999,PROD001693,1,35522,35522,Wallet,paid,2026-07-17 17:00:43
ORD-869EF72D71,CUST001012,SES045006,PROD000577,3,47142,141426,UPI,paid,2026-07-19 09:36:28
ORD-CD6A7B03B6,CUST006764,SES045011,PROD001054,2,63049,126098,Credit Card,paid,2026-06-29 04:17:59
ORD-0CEC92346E,CUST000981,SES045019,PROD001032,3,96746,290238,UPI,paid,2026-07-04 10:20:34
ORD-C06E308ECB,CUST009640,SES045020,PROD001081,1,41488,41488,Wallet,paid,2026-07-05 13:15:11
ORD-4621181A33,CUST004565,SES045030,PROD000392,2,82616,165232,UPI,paid,2026-07-14 12:09:22
ORD-F5F2DF9541,CUST008776,SES045047,PROD000810,2,7560,15120,UPI,paid,2026-07-06 00:29:08
ORD-00CB677892,CUST000593,SES045055,PROD001632,2,59065,118130,UPI,paid,2026-07-05 05:08:36
ORD-0ABA153844,CUST004992,SES045072,PROD000333,3,56877,170631,Credit Card,paid,2026-07-02 08:07:10
ORD-EC22436CAD,CUST007380,SES045073,PROD000747,2,49079,98158,Cash on Delivery,cancelled,2026-07-25 17:31:54
ORD-C2CD58A992,CUST006841,SES045077,PROD001223,2,24326,48652,UPI,paid,2026-07-12 11:17:35
ORD-A0F1A0DBEB,CUST001391,SES045078,PROD001726,3,72168,216504,Debit Card,paid,2026-07-23 20:53:02
ORD-E4CC4CC9E7,CUST002106,SES045088,PROD000117,3,43460,130380,UPI,paid,2026-06-30 22:46:02
ORD-F13307294A,CUST001841,SES045104,PROD000468,1,92394,92394,Debit Card,paid,2026-06-26 22:06:48
ORD-C3E8B0523A,CUST008528,SES045105,PROD001070,3,25804,77412,Credit Card,paid,2026-07-15 17:03:30
ORD-0349231839,CUST006971,SES045118,PROD001725,1,19126,19126,Wallet,paid,2026-07-25 01:53:21
ORD-6153B9F8D7,CUST003826,SES045126,PROD000729,1,17328,17328,UPI,paid,2026-06-28 10:53:23
ORD-3AFE707B2A,CUST004626,SES045145,PROD000255,2,64293,128586,Credit Card,paid,2026-07-09 01:23:17
ORD-3FC513CD17,CUST001255,SES045147,PROD000422,2,78921,157842,Cash on Delivery,paid,2026-07-01 20:05:40
ORD-07FFA09273,CUST009571,SES045158,PROD000832,3,69390,208170,Wallet,paid,2026-07-12 13:33:17
ORD-FB93E7AE09,CUST006625,SES045174,PROD000062,1,62243,62243,UPI,paid,2026-07-23 16:06:16
ORD-A215FABEA3,CUST004868,SES045175,PROD001012,1,45642,45642,Credit Card,paid,2026-07-22 20:13:36
ORD-092F4AB56F,CUST004322,SES045177,PROD000074,2,51456,102912,UPI,paid,2026-07-06 10:26:57
ORD-7203D5B433,CUST008868,SES045178,PROD000551,1,54742,54742,Cash on Delivery,paid,2026-07-05 22:09:56
ORD-13766957A2,CUST004020,SES045183,PROD001571,3,82639,247917,Cash on Delivery,paid,2026-06-27 23:30:00
ORD-9410BE1B37,CUST009153,SES045211,PROD000440,1,52828,52828,Wallet,paid,2026-07-12 01:10:39
ORD-93E9E17A7A,CUST009138,SES045229,PROD001824,3,20358,61074,UPI,paid,2026-07-04 05:24:45
ORD-FDE2EB3328,CUST002269,SES045233,PROD001593,2,59263,118526,UPI,paid,2026-07-22 16:50:47
ORD-57DB45BD24,CUST009734,SES045241,PROD000081,1,20031,20031,UPI,paid,2026-07-17 01:29:35
ORD-A6B3761577,CUST003320,SES045244,PROD001065,3,21372,64116,Credit Card,paid,2026-07-11 19:32:48
ORD-142BEBD5BA,CUST008452,SES045252,PROD001952,2,21591,43182,Cash on Delivery,paid,2026-07-17 16:26:28
ORD-D5897B427B,CUST003417,SES045255,PROD000674,2,12888,25776,Credit Card,paid,2026-07-19 03:32:58
ORD-45A7918EBE,CUST000360,SES045256,PROD001299,2,75639,151278,Credit Card,paid,2026-07-14 10:20:49
ORD-F5801D77DB,CUST007230,SES045260,PROD000225,2,81899,163798,Debit Card,paid,2026-07-05 06:59:24
ORD-DA90269236,CUST002053,SES045267,PROD001712,3,99469,298407,Debit Card,paid,2026-07-10 23:19:26
ORD-DCB4C447A0,CUST002258,SES045268,PROD000499,3,67723,203169,Cash on Delivery,paid,2026-07-20 21:28:05
ORD-9C9DFF90AA,CUST005036,SES045278,PROD001815,3,67956,203868,UPI,paid,2026-07-10 08:17:04
ORD-7144C2BBDE,CUST008518,SES045291,PROD000667,1,12556,12556,Cash on Delivery,paid,2026-07-08 07:09:29
ORD-BF47FA78C1,CUST000558,SES045303,PROD000316,1,24126,24126,Debit Card,paid,2026-07-24 04:23:28
ORD-B0D60A764B,CUST003034,SES045317,PROD001791,1,37171,37171,Credit Card,paid,2026-07-06 17:23:50
ORD-E92E7DB1EF,CUST004585,SES045319,PROD001370,3,90304,270912,Debit Card,paid,2026-07-01 23:13:42
ORD-96FD983C46,CUST000898,SES045323,PROD000756,3,53814,161442,Credit Card,paid,2026-07-13 02:25:12
ORD-D4BF9C8FBC,CUST004644,SES045338,PROD000571,1,4210,4210,UPI,paid,2026-07-10 05:30:28
ORD-510998837A,CUST004963,SES045340,PROD000399,2,34679,69358,UPI,paid,2026-06-27 22:51:08
ORD-AD02511BE7,CUST002844,SES045341,PROD000700,2,96165,192330,Credit Card,paid,2026-07-10 11:47:37
ORD-71CC100EA6,CUST001756,SES045356,PROD001425,1,60408,60408,UPI,paid,2026-06-29 20:55:39
ORD-C4065242C7,CUST003467,SES045373,PROD000141,3,76665,229995,UPI,paid,2026-07-05 15:46:25
ORD-A57291B2CB,CUST000266,SES045387,PROD001950,3,76726,230178,UPI,paid,2026-07-10 00:01:15
ORD-4D36C170E6,CUST004512,SES045407,PROD001260,1,41933,41933,Debit Card,refunded,2026-07-23 07:48:47
ORD-0A2ACACD60,CUST001355,SES045413,PROD000712,1,58936,58936,Credit Card,paid,2026-07-23 05:03:24
ORD-44CA9731F7,CUST006413,SES045414,PROD001364,1,54232,54232,Cash on Delivery,paid,2026-07-07 20:18:42
ORD-9FE32AF4B7,CUST001213,SES045429,PROD001001,3,46620,139860,UPI,paid,2026-07-05 12:06:47
ORD-C00F7E67DE,CUST003334,SES045432,PROD000517,3,15336,46008,UPI,paid,2026-07-15 22:46:42
ORD-4B0AA25BEE,CUST005394,SES045439,PROD000142,1,80610,80610,UPI,paid,2026-06-30 15:00:41
ORD-7D92CC0626,CUST000332,SES045441,PROD000221,3,25227,75681,Debit Card,paid,2026-07-01 17:14:57
ORD-6D1E4619B6,CUST008071,SES045455,PROD001325,3,89206,267618,UPI,paid,2026-07-15 05:44:28
ORD-77F596F4CC,CUST007813,SES045456,PROD000855,2,73219,146438,Debit Card,paid,2026-07-01 14:31:13
ORD-B22E62109B,CUST006354,SES045458,PROD000506,2,86312,172624,Debit Card,refunded,2026-07-14 15:53:04
ORD-DAFD637F55,CUST003511,SES045463,PROD000547,1,24105,24105,Wallet,paid,2026-07-09 00:38:36
ORD-D932316FE3,CUST002150,SES045471,PROD000240,1,24537,24537,UPI,paid,2026-06-26 06:22:19
ORD-5214A80FBA,CUST009819,SES045473,PROD000315,2,19799,39598,Debit Card,paid,2026-07-03 17:48:28
ORD-C75DA6BB40,CUST000149,SES045506,PROD000552,1,21816,21816,Credit Card,paid,2026-07-02 23:16:47
ORD-3E5D79124A,CUST007679,SES045509,PROD001826,1,50246,50246,Debit Card,paid,2026-07-08 09:19:42
ORD-956995C0A7,CUST005982,SES045510,PROD000450,2,49479,98958,UPI,paid,2026-07-06 20:47:49
ORD-DB2DD681B7,CUST003783,SES045513,PROD000210,2,60206,120412,UPI,paid,2026-07-03 04:02:50
ORD-C2229FFAA7,CUST003809,SES045522,PROD000186,2,12786,25572,UPI,paid,2026-07-12 03:49:48
ORD-BA036409E3,CUST000645,SES045526,PROD000760,1,22701,22701,Wallet,paid,2026-07-22 06:46:50
ORD-AD4BF232FA,CUST001444,SES045527,PROD000387,2,74424,148848,UPI,paid,2026-07-23 00:15:06
ORD-F72CB0A4F4,CUST005330,SES045537,PROD001649,1,27303,27303,Debit Card,paid,2026-06-28 03:32:08
ORD-0E1D38FB7F,CUST005282,SES045539,PROD000944,1,58842,58842,UPI,paid,2026-07-04 22:03:16
ORD-A55FBA04F0,CUST002737,SES045542,PROD001956,3,38007,114021,Credit Card,paid,2026-06-29 06:45:43
ORD-2689C6E52E,CUST003730,SES045546,PROD001502,2,54526,109052,UPI,paid,2026-07-15 10:32:53
ORD-4E9DA96DCD,CUST000838,SES045548,PROD000182,3,80396,241188,Debit Card,paid,2026-07-08 04:15:48
ORD-DB310B0D6F,CUST000039,SES045554,PROD001888,3,69997,209991,Credit Card,refunded,2026-07-10 22:58:49
ORD-C4895CDFAC,CUST006192,SES045555,PROD001958,1,7001,7001,Credit Card,paid,2026-06-26 02:36:03
ORD-2FA4188DF5,CUST001435,SES045560,PROD001055,2,25123,50246,Credit Card,paid,2026-07-22 00:44:26
ORD-BF14688E9C,CUST001707,SES045562,PROD001466,2,90751,181502,UPI,paid,2026-07-15 01:16:16
ORD-E08EE69A71,CUST004021,SES045565,PROD000817,1,96577,96577,UPI,paid,2026-07-23 16:43:38
ORD-D7935456ED,CUST006238,SES045580,PROD001166,3,61606,184818,Wallet,refunded,2026-07-03 00:19:35
ORD-6A0023943F,CUST006742,SES045582,PROD001646,2,13245,26490,Credit Card,paid,2026-07-16 03:19:36
ORD-0A978D1936,CUST007690,SES045600,PROD001686,3,58241,174723,UPI,paid,2026-07-23 06:29:57
ORD-6A628EB137,CUST006875,SES045610,PROD000292,1,96828,96828,UPI,cancelled,2026-07-07 21:55:36
ORD-D7FEB73547,CUST001367,SES045624,PROD001401,2,53703,107406,UPI,refunded,2026-07-06 22:39:25
ORD-1667D8B977,CUST000575,SES045625,PROD000843,2,13501,27002,Credit Card,cancelled,2026-07-24 18:54:49
ORD-9B99175144,CUST009742,SES045630,PROD001748,3,42548,127644,UPI,paid,2026-06-28 10:04:44
ORD-4EA704C0AB,CUST004956,SES045636,PROD001671,2,71521,143042,Credit Card,paid,2026-07-04 02:47:00
ORD-EAFAB9E594,CUST009497,SES045640,PROD000378,1,96300,96300,Cash on Delivery,paid,2026-07-12 04:21:06
ORD-C271E72706,CUST006791,SES045643,PROD000522,2,78059,156118,Cash on Delivery,paid,2026-07-22 12:34:21
ORD-1ED6E18E77,CUST001687,SES045649,PROD001073,2,28979,57958,Credit Card,paid,2026-07-24 03:40:33
ORD-E2E1DD9C4E,CUST001255,SES045651,PROD001528,2,44538,89076,Cash on Delivery,paid,2026-07-10 20:41:42
ORD-E03D7473B0,CUST009239,SES045652,PROD001467,2,28505,57010,UPI,paid,2026-06-26 08:08:06
ORD-91853CDBFA,CUST007796,SES045657,PROD000648,1,97994,97994,Debit Card,paid,2026-07-05 03:55:29
ORD-A7CB537C3C,CUST002433,SES045661,PROD000005,3,21202,63606,Wallet,cancelled,2026-07-23 06:53:35
ORD-B9DBC049C4,CUST007649,SES045670,PROD001793,1,93307,93307,Credit Card,paid,2026-07-18 07:24:15
ORD-69ED5FAC9C,CUST000539,SES045672,PROD000841,3,97182,291546,UPI,paid,2026-07-06 20:17:05
ORD-445AF2C709,CUST008864,SES045683,PROD000134,2,67021,134042,Cash on Delivery,paid,2026-07-25 10:11:17
ORD-AE05C51973,CUST007047,SES045685,PROD001025,2,38169,76338,Cash on Delivery,paid,2026-06-30 15:23:08
ORD-F4BF157BB7,CUST003443,SES045690,PROD001368,2,56024,112048,Wallet,paid,2026-07-18 07:15:11
ORD-D5E3800526,CUST003667,SES045691,PROD001319,2,71821,143642,UPI,paid,2026-06-28 21:24:20
ORD-1B1AC99776,CUST004783,SES045692,PROD001558,3,99590,298770,Cash on Delivery,paid,2026-07-06 04:13:26
ORD-4A9C5A383C,CUST003965,SES045696,PROD000093,3,18500,55500,Cash on Delivery,paid,2026-06-29 10:45:32
ORD-D09CCEADC0,CUST007465,SES045700,PROD000982,1,22906,22906,UPI,paid,2026-07-16 09:46:05
ORD-0D28C7ED89,CUST007425,SES045708,PROD001013,2,21947,43894,UPI,paid,2026-07-15 10:43:24
ORD-C35CB65DEF,CUST006751,SES045731,PROD000090,3,24437,73311,UPI,cancelled,2026-07-16 09:33:02
ORD-32E73C0B8B,CUST009155,SES045736,PROD001310,1,99942,99942,Credit Card,paid,2026-07-17 19:26:05
ORD-38FD7E4300,CUST009378,SES045737,PROD001229,2,60682,121364,Debit Card,paid,2026-07-04 22:57:07
ORD-F27E34C7DB,CUST001393,SES045745,PROD000780,1,87612,87612,UPI,paid,2026-07-03 16:15:29
ORD-EB77A69348,CUST006581,SES045750,PROD001603,1,19001,19001,Debit Card,paid,2026-06-29 07:42:06
ORD-22ABC76A8A,CUST008602,SES045756,PROD001084,3,4758,14274,Debit Card,paid,2026-07-18 03:51:14
ORD-8C062AFF44,CUST002212,SES045758,PROD001009,2,30188,60376,Debit Card,paid,2026-07-13 22:41:57
ORD-69433DF4BC,CUST009479,SES045774,PROD000818,2,3761,7522,Debit Card,paid,2026-07-20 20:56:53
ORD-A284CCA611,CUST001250,SES045775,PROD001878,2,89920,179840,Debit Card,paid,2026-07-07 17:24:53
ORD-D7C87F10C7,CUST005571,SES045779,PROD000093,3,18500,55500,UPI,paid,2026-07-09 20:54:28
ORD-450E7A7E53,CUST005243,SES045782,PROD001752,3,20337,61011,UPI,cancelled,2026-07-10 06:24:45
ORD-F916D70E49,CUST000813,SES045790,PROD001112,2,25693,51386,Debit Card,refunded,2026-07-04 02:00:28
ORD-F5FFC0301C,CUST000508,SES045800,PROD000733,3,43474,130422,Debit Card,paid,2026-07-09 21:14:23
ORD-1CC7875A32,CUST005732,SES045803,PROD001323,1,19659,19659,Credit Card,paid,2026-07-12 09:31:14
ORD-F4CB27B6A3,CUST007053,SES045804,PROD000270,1,53308,53308,Debit Card,paid,2026-07-04 03:40:09
ORD-7BAA84AAF9,CUST008188,SES045819,PROD001185,3,60063,180189,Cash on Delivery,paid,2026-07-12 09:14:05
ORD-7BE43DA1A4,CUST000003,SES045824,PROD000297,2,66777,133554,Debit Card,paid,2026-07-11 11:14:29
ORD-2DBEF3FB0A,CUST009071,SES045834,PROD001261,1,4521,4521,UPI,paid,2026-07-12 09:29:22
ORD-364913A239,CUST006594,SES045850,PROD000737,2,37602,75204,Wallet,paid,2026-07-21 04:24:36
ORD-C90E2AECD1,CUST002095,SES045861,PROD000805,1,82192,82192,Credit Card,paid,2026-07-02 09:05:39
ORD-C967D77A6A,CUST001743,SES045862,PROD000619,1,39938,39938,Credit Card,paid,2026-07-14 15:14:28
ORD-00C19BFF6B,CUST007331,SES045864,PROD001653,1,93568,93568,UPI,paid,2026-07-15 05:16:33
ORD-3A16CCADF4,CUST005351,SES045867,PROD001078,3,26872,80616,Credit Card,paid,2026-07-11 15:10:31
ORD-7D03AA36D4,CUST006174,SES045872,PROD000820,3,60486,181458,Credit Card,paid,2026-07-15 01:09:14
ORD-19C54667DC,CUST005110,SES045879,PROD000185,3,88344,265032,UPI,paid,2026-07-06 08:35:50
ORD-DBCFBB1BFB,CUST009780,SES045901,PROD000805,1,82192,82192,Credit Card,paid,2026-07-13 12:12:52
ORD-DB34F69AC8,CUST005964,SES045904,PROD001298,1,77353,77353,UPI,refunded,2026-06-28 03:30:41
ORD-37FD957C1C,CUST004815,SES045905,PROD000040,2,90584,181168,Debit Card,paid,2026-07-09 10:36:17
ORD-1EDC8F6CAD,CUST000540,SES045914,PROD001732,2,33332,66664,UPI,paid,2026-07-14 16:33:42
ORD-E8A22B7DDE,CUST003209,SES045920,PROD000371,2,28226,56452,Credit Card,paid,2026-07-23 01:54:31
ORD-7380838068,CUST001426,SES045928,PROD001060,2,93313,186626,UPI,paid,2026-07-10 06:11:59
ORD-F33856BF1E,CUST003321,SES045934,PROD000743,1,70185,70185,UPI,paid,2026-07-19 09:01:00
ORD-0BAF5D4536,CUST009304,SES045945,PROD001858,1,42034,42034,UPI,paid,2026-07-08 08:33:49
ORD-164A83F9EC,CUST002960,SES045947,PROD000327,3,24404,73212,UPI,paid,2026-07-08 12:45:36
ORD-CB02242714,CUST005208,SES045949,PROD000336,3,21392,64176,UPI,paid,2026-06-27 01:30:26
ORD-E4C416A838,CUST006537,SES045951,PROD001882,2,30722,61444,Wallet,paid,2026-07-22 20:29:05
ORD-B08D1AA92D,CUST006364,SES045953,PROD000387,2,74424,148848,UPI,paid,2026-07-02 16:28:30
ORD-F8F3194D7B,CUST009702,SES045954,PROD000825,1,87226,87226,UPI,refunded,2026-07-16 16:52:04
ORD-4A5708FF9E,CUST003172,SES045961,PROD000374,2,60323,120646,Wallet,paid,2026-07-07 22:26:20
ORD-70FB8BA81C,CUST004510,SES045972,PROD001547,3,79589,238767,UPI,paid,2026-07-07 07:58:17
ORD-90590D1447,CUST000328,SES045981,PROD000236,1,98031,98031,Debit Card,paid,2026-07-16 23:07:51
ORD-5E998DF16B,CUST001183,SES045984,PROD001283,2,75440,150880,Credit Card,paid,2026-07-14 15:53:31
ORD-E92AA765B1,CUST006820,SES045989,PROD000004,1,56738,56738,UPI,paid,2026-07-09 03:42:46
ORD-D19B196D77,CUST004868,SES045990,PROD001654,1,48987,48987,UPI,paid,2026-07-11 20:39:01
ORD-43B550F4E9,CUST001354,SES045997,PROD001827,1,8526,8526,UPI,refunded,2026-06-26 12:55:01
ORD-FDED6663FA,CUST004813,SES045999,PROD000511,3,12976,38928,Credit Card,paid,2026-07-15 08:22:05
ORD-564254FA53,CUST005992,SES046001,PROD001532,2,49501,99002,Wallet,refunded,2026-06-26 13:55:49
ORD-88F9EC9048,CUST001851,SES046005,PROD000157,3,84379,253137,UPI,paid,2026-07-24 10:25:19
ORD-56639658E7,CUST009298,SES046006,PROD000294,3,22551,67653,UPI,paid,2026-07-22 22:43:52
ORD-1F47D686B6,CUST008577,SES046011,PROD000611,2,63733,127466,Debit Card,paid,2026-07-18 11:40:28
ORD-5F97187AD2,CUST000258,SES046015,PROD001797,2,74034,148068,UPI,paid,2026-06-29 17:01:16
ORD-27AE875852,CUST002494,SES046017,PROD000832,1,69390,69390,Credit Card,paid,2026-07-16 03:27:25
ORD-0ECB1A6EE3,CUST008431,SES046020,PROD000125,1,12886,12886,Credit Card,paid,2026-07-17 17:39:58
ORD-934AC2F4F2,CUST002518,SES046034,PROD001031,3,98285,294855,UPI,paid,2026-07-15 20:07:34
ORD-A7DA7AF084,CUST000021,SES046051,PROD001013,2,21947,43894,UPI,paid,2026-07-09 13:40:29
ORD-12C8F8B673,CUST007106,SES046053,PROD000713,1,15808,15808,Cash on Delivery,paid,2026-07-22 15:37:42
ORD-D4EB3DE12E,CUST002763,SES046055,PROD001334,1,24819,24819,UPI,paid,2026-07-19 19:57:43
ORD-A59D09CB5B,CUST003138,SES046068,PROD001919,1,13874,13874,UPI,paid,2026-07-13 14:20:45
ORD-CFF19FCE35,CUST005733,SES046069,PROD000105,2,13268,26536,UPI,paid,2026-07-18 00:42:58
ORD-4F1AA97E89,CUST006991,SES046070,PROD000396,2,43706,87412,Credit Card,paid,2026-07-11 11:46:34
ORD-3C124DA9A4,CUST002785,SES046084,PROD001455,2,76729,153458,Wallet,paid,2026-07-10 13:20:21
ORD-60C5DBCC20,CUST007423,SES046111,PROD001731,2,31399,62798,Wallet,paid,2026-07-23 13:11:47
ORD-5D01E1D2ED,CUST000787,SES046113,PROD000408,2,6954,13908,Debit Card,paid,2026-07-05 20:04:44
ORD-DB13C6102B,CUST007808,SES046121,PROD001149,2,41815,83630,Cash on Delivery,paid,2026-06-25 21:33:49
ORD-EFD8C4B36F,CUST003288,SES046131,PROD001354,3,77201,231603,Wallet,paid,2026-07-16 10:32:18
ORD-FA7FBCC9E8,CUST000271,SES046139,PROD001385,2,71796,143592,UPI,paid,2026-07-13 18:51:58
ORD-B9C1210D90,CUST005091,SES046143,PROD001408,3,17380,52140,Cash on Delivery,paid,2026-06-26 20:05:21
ORD-CF416D31F2,CUST005602,SES046144,PROD000368,1,35453,35453,UPI,paid,2026-07-20 13:31:28
ORD-88DC0F7E86,CUST003195,SES046151,PROD001795,2,91571,183142,Wallet,paid,2026-07-07 18:57:28
ORD-F78E0AAB3A,CUST000497,SES046153,PROD001087,3,5987,17961,Credit Card,paid,2026-07-05 15:49:52
ORD-9D7597CFFC,CUST006104,SES046163,PROD001626,3,6649,19947,UPI,refunded,2026-07-11 20:15:58
ORD-FA28F8539E,CUST004098,SES046165,PROD000630,1,47102,47102,Debit Card,paid,2026-07-14 07:08:03
ORD-6D618D89F8,CUST003870,SES046168,PROD000087,2,42350,84700,Cash on Delivery,paid,2026-07-17 03:07:13
ORD-594C6E61CD,CUST008177,SES046178,PROD001911,3,52896,158688,Cash on Delivery,paid,2026-07-13 11:10:56
ORD-F705619742,CUST007670,SES046182,PROD000355,2,89883,179766,Credit Card,paid,2026-07-23 18:19:20
ORD-62804F4C2D,CUST008114,SES046183,PROD001303,3,3361,10083,Debit Card,paid,2026-07-11 08:48:48
ORD-CF5A79B78C,CUST001085,SES046193,PROD000270,3,53308,159924,Debit Card,cancelled,2026-07-16 08:25:42
ORD-505FD0BBD0,CUST009494,SES046205,PROD001656,3,51606,154818,Wallet,paid,2026-07-04 01:29:41
ORD-89E8C2B6C4,CUST006284,SES046214,PROD001038,3,48944,146832,UPI,paid,2026-07-05 16:13:56
ORD-98F46D272A,CUST002323,SES046219,PROD000065,2,862,1724,Cash on Delivery,paid,2026-07-13 07:57:06
ORD-A7C975B8F0,CUST009536,SES046236,PROD000236,1,98031,98031,UPI,cancelled,2026-07-04 22:00:19
ORD-9D5212A94F,CUST003664,SES046240,PROD000088,2,7470,14940,UPI,paid,2026-07-17 22:53:53
ORD-163D9904DB,CUST003096,SES046244,PROD000784,2,70055,140110,UPI,paid,2026-07-23 09:35:32
ORD-EF8586753C,CUST000664,SES046245,PROD000789,2,66834,133668,Wallet,paid,2026-06-30 16:47:44
ORD-B726CCFC5C,CUST008385,SES046246,PROD001222,3,30338,91014,Debit Card,paid,2026-07-19 19:57:41
ORD-A18B26551B,CUST006480,SES046250,PROD001239,3,8000,24000,Cash on Delivery,paid,2026-07-18 21:42:59
ORD-AE35C6D1EE,CUST009602,SES046251,PROD001144,2,55243,110486,UPI,paid,2026-07-03 15:11:51
ORD-2A4757266E,CUST000324,SES046253,PROD000767,1,38258,38258,Credit Card,paid,2026-06-28 00:51:15
ORD-04A199852B,CUST002068,SES046254,PROD000022,3,35884,107652,UPI,paid,2026-06-30 15:41:01
ORD-8C0DA59C06,CUST008605,SES046286,PROD001996,3,27538,82614,UPI,paid,2026-07-11 18:26:41
ORD-3B8CE6B02E,CUST008556,SES046288,PROD001509,1,92268,92268,Cash on Delivery,paid,2026-07-20 02:05:45
ORD-E9D26C14BD,CUST000370,SES046294,PROD000697,2,19867,39734,Wallet,paid,2026-07-21 15:40:17
ORD-E29725996A,CUST004572,SES046296,PROD001009,1,30188,30188,Credit Card,paid,2026-07-08 21:07:13
ORD-966681A1CA,CUST000648,SES046297,PROD000292,1,96828,96828,Debit Card,paid,2026-07-10 06:47:01
ORD-1C039A47C4,CUST002537,SES046326,PROD000722,1,30685,30685,Credit Card,paid,2026-07-06 22:20:25
ORD-98B7964FB9,CUST009662,SES046327,PROD000066,3,67809,203427,UPI,paid,2026-06-27 12:05:04
ORD-5F70C8BBCE,CUST009180,SES046344,PROD000694,2,34503,69006,Cash on Delivery,paid,2026-07-16 07:34:05
ORD-7ACA453B50,CUST007577,SES046349,PROD001438,1,87672,87672,Wallet,paid,2026-06-28 09:09:11
ORD-8A104BAE1E,CUST001611,SES046350,PROD001405,1,93282,93282,Cash on Delivery,cancelled,2026-07-16 11:30:23
ORD-44737B30EC,CUST007152,SES046354,PROD001219,2,56446,112892,Debit Card,paid,2026-07-18 09:24:32
ORD-72DBA0208A,CUST005941,SES046362,PROD001265,1,14413,14413,Debit Card,paid,2026-07-01 03:14:33
ORD-BC56E8E64C,CUST001084,SES046365,PROD000547,3,24105,72315,UPI,paid,2026-07-08 14:33:16
ORD-852455E7E6,CUST003759,SES046366,PROD000211,2,67036,134072,UPI,paid,2026-07-19 11:16:43
ORD-4151A904BD,CUST007095,SES046368,PROD000556,2,30617,61234,UPI,paid,2026-06-29 01:39:15
ORD-769B06717E,CUST006222,SES046393,PROD000980,2,51392,102784,Credit Card,paid,2026-07-01 11:05:29
ORD-E4F3DF09A5,CUST007008,SES046394,PROD000170,3,11686,35058,UPI,paid,2026-07-15 14:02:52
ORD-EBF79311A0,CUST004484,SES046402,PROD001158,3,26731,80193,UPI,paid,2026-07-15 21:14:38
ORD-403EC0CF55,CUST006705,SES046404,PROD001903,2,85079,170158,Credit Card,paid,2026-07-24 19:30:54
ORD-29309ED20A,CUST006490,SES046405,PROD000100,1,46659,46659,Debit Card,paid,2026-07-03 21:15:51
ORD-76ADA28CEF,CUST000344,SES046413,PROD000079,1,46790,46790,Debit Card,paid,2026-07-10 01:36:28
ORD-F157DC5AAA,CUST006422,SES046415,PROD001342,1,88038,88038,UPI,paid,2026-07-04 21:39:33
ORD-BD226439CA,CUST009122,SES046423,PROD000071,3,53835,161505,Credit Card,paid,2026-07-14 20:02:23
ORD-5C11420128,CUST002724,SES046428,PROD000401,3,92074,276222,Debit Card,cancelled,2026-07-11 05:45:48
ORD-8EA94C7876,CUST007477,SES046433,PROD000095,3,71684,215052,Debit Card,paid,2026-07-12 02:05:23
ORD-398F4B434C,CUST004149,SES046439,PROD001534,1,68055,68055,Credit Card,refunded,2026-07-05 21:46:53
ORD-B614618E0E,CUST004998,SES046441,PROD001012,1,45642,45642,Debit Card,paid,2026-07-02 01:23:53
ORD-7B6D5118AF,CUST009947,SES046445,PROD001740,3,77831,233493,Cash on Delivery,paid,2026-07-13 11:04:54
ORD-860756E071,CUST009240,SES046446,PROD000984,2,61261,122522,Cash on Delivery,refunded,2026-07-17 13:49:05
ORD-80F1FD05DB,CUST008201,SES046457,PROD001063,1,82807,82807,UPI,paid,2026-07-21 03:32:09
ORD-9649A5F98B,CUST000484,SES046458,PROD001110,1,3992,3992,UPI,paid,2026-07-03 21:36:57
ORD-189B4DA354,CUST008183,SES046459,PROD000785,1,48617,48617,Debit Card,paid,2026-07-14 14:16:53
ORD-CF24DCF59E,CUST007851,SES046474,PROD000313,1,25959,25959,Wallet,paid,2026-07-09 20:51:34
ORD-C77E3473E9,CUST003844,SES046482,PROD000347,2,39282,78564,Debit Card,paid,2026-06-26 21:20:08
ORD-602E21AE8C,CUST007543,SES046489,PROD000265,2,42860,85720,UPI,paid,2026-07-02 10:29:43
ORD-8859C3C09D,CUST005150,SES046500,PROD000913,2,8742,17484,Wallet,paid,2026-07-09 20:02:59
ORD-6B0AAEB39B,CUST007248,SES046501,PROD000761,3,14326,42978,Wallet,paid,2026-07-07 10:57:44
ORD-0CF1B3F731,CUST000649,SES046511,PROD000790,2,6966,13932,UPI,paid,2026-07-16 17:11:43
ORD-A566FC3F8C,CUST006850,SES046522,PROD001202,3,76567,229701,UPI,paid,2026-07-13 15:34:01
ORD-3C5F6066AE,CUST002998,SES046523,PROD000762,3,69109,207327,Credit Card,paid,2026-07-03 03:51:16
ORD-396CAB10D4,CUST005547,SES046525,PROD001715,2,95531,191062,UPI,paid,2026-07-23 00:46:58
ORD-BECC2B5DC7,CUST009508,SES046532,PROD000682,1,12435,12435,UPI,cancelled,2026-07-14 13:36:13
ORD-3619E16075,CUST002877,SES046537,PROD001196,3,76131,228393,UPI,paid,2026-06-30 17:14:49
ORD-B4550D8CAA,CUST008902,SES046541,PROD000430,1,36611,36611,UPI,paid,2026-07-21 02:42:00
ORD-E10184F28A,CUST006738,SES046550,PROD000997,1,89649,89649,Wallet,paid,2026-07-06 13:34:24
ORD-DA7FA3E9FA,CUST008889,SES046552,PROD001538,1,93551,93551,Cash on Delivery,paid,2026-07-06 19:59:03
ORD-C4AE0A622D,CUST004018,SES046556,PROD001271,3,85588,256764,Debit Card,paid,2026-07-15 05:09:40
ORD-ED06E46623,CUST003101,SES046564,PROD000510,2,3313,6626,UPI,paid,2026-07-14 06:56:51
ORD-D7D1D1A97F,CUST002394,SES046566,PROD001083,3,64320,192960,UPI,paid,2026-07-09 13:34:09
ORD-93AB79A0D3,CUST000086,SES046571,PROD000122,2,15498,30996,UPI,paid,2026-07-02 08:58:46
ORD-B825BF94B7,CUST002467,SES046572,PROD001678,2,42040,84080,UPI,paid,2026-07-08 18:41:34
ORD-D71329C3AD,CUST007140,SES046576,PROD001856,1,99189,99189,UPI,paid,2026-07-11 09:12:36
ORD-043982B17D,CUST004946,SES046589,PROD001052,1,19792,19792,UPI,paid,2026-07-17 16:33:47
ORD-1034283BDA,CUST004983,SES046591,PROD001282,1,48652,48652,Credit Card,paid,2026-07-23 06:15:45
ORD-7C5C605C28,CUST002419,SES046600,PROD001477,1,14422,14422,UPI,cancelled,2026-07-07 06:33:31
ORD-597F43060C,CUST003244,SES046611,PROD001088,1,86017,86017,Cash on Delivery,paid,2026-07-23 19:45:12
ORD-26B3D6CD11,CUST007604,SES046619,PROD001791,2,37171,74342,Credit Card,paid,2026-06-29 20:35:52
ORD-772BD92AE7,CUST008418,SES046624,PROD000347,2,39282,78564,Credit Card,paid,2026-07-05 09:45:21
ORD-D677450EBA,CUST002139,SES046631,PROD001598,1,50949,50949,Wallet,paid,2026-07-08 23:59:35
ORD-98327CE57E,CUST009168,SES046640,PROD000283,2,49030,98060,UPI,paid,2026-06-30 07:34:38
ORD-71BEAC2EC3,CUST001462,SES046649,PROD000971,2,94283,188566,UPI,paid,2026-07-25 13:50:56
ORD-4A84F28A69,CUST004415,SES046659,PROD001180,1,3892,3892,Debit Card,cancelled,2026-07-12 13:33:30
ORD-5EF82DBE1D,CUST008034,SES046662,PROD000939,1,60038,60038,UPI,refunded,2026-07-02 11:33:53
ORD-5DFC9D466E,CUST007596,SES046671,PROD001857,2,50474,100948,UPI,paid,2026-07-07 03:48:51
ORD-68E8133CCC,CUST003439,SES046674,PROD001495,3,90793,272379,Cash on Delivery,paid,2026-07-01 04:14:19
ORD-79B6A12355,CUST009915,SES046695,PROD001213,2,20823,41646,UPI,paid,2026-07-14 17:49:41
ORD-84CCCCD8CC,CUST005169,SES046702,PROD001020,2,32946,65892,Credit Card,paid,2026-07-14 22:58:59
ORD-06F84B7A87,CUST001660,SES046709,PROD001413,3,55920,167760,Credit Card,cancelled,2026-07-20 15:31:22
ORD-017337E9E6,CUST006842,SES046710,PROD000998,2,78599,157198,UPI,paid,2026-07-03 19:29:34
ORD-D8312AE6BD,CUST000659,SES046727,PROD000908,3,99661,298983,UPI,paid,2026-07-04 14:49:08
ORD-89C9B92379,CUST005492,SES046734,PROD000504,3,29988,89964,UPI,paid,2026-07-12 20:47:06
ORD-B9F5494EB3,CUST003286,SES046736,PROD001871,1,24689,24689,Credit Card,paid,2026-07-24 00:25:41
ORD-C29EC1CFF2,CUST008169,SES046737,PROD001994,2,16433,32866,Wallet,paid,2026-07-15 16:14:07
ORD-8B9F64B28D,CUST008416,SES046748,PROD000492,3,58685,176055,Credit Card,paid,2026-07-18 21:59:51
ORD-25F7019A7D,CUST002555,SES046754,PROD001675,3,88623,265869,Credit Card,refunded,2026-07-01 19:48:43
ORD-9C3DCBAE13,CUST006493,SES046758,PROD000599,2,79872,159744,Credit Card,paid,2026-07-06 20:17:45
ORD-BC0AEDE453,CUST006659,SES046771,PROD001303,2,3361,6722,UPI,paid,2026-06-26 15:29:46
ORD-E6D7F7087A,CUST005377,SES046776,PROD001796,2,24144,48288,UPI,paid,2026-07-25 01:16:58
ORD-4F9F734E4E,CUST002016,SES046779,PROD000494,3,88929,266787,UPI,paid,2026-07-20 10:30:17
ORD-6EA3CE00FF,CUST001118,SES046786,PROD000811,2,81480,162960,UPI,paid,2026-06-28 06:02:58
ORD-8BAD61EA57,CUST000748,SES046806,PROD000461,1,62165,62165,UPI,refunded,2026-07-03 22:22:01
ORD-BF5E48217B,CUST005414,SES046808,PROD001431,1,30510,30510,UPI,paid,2026-06-28 19:51:27
ORD-C282ACC451,CUST002631,SES046812,PROD001445,1,2673,2673,UPI,cancelled,2026-07-10 13:51:12
ORD-A63D240C31,CUST004939,SES046814,PROD001559,1,94445,94445,UPI,paid,2026-07-03 00:10:35
ORD-DE166E629E,CUST007564,SES046820,PROD001965,1,20391,20391,Credit Card,paid,2026-07-03 01:34:04
ORD-F562590A43,CUST001500,SES046821,PROD000659,3,85888,257664,Debit Card,paid,2026-07-22 16:58:21
ORD-889EA47941,CUST005075,SES046824,PROD001122,3,40374,121122,Wallet,paid,2026-07-24 17:04:37
ORD-2C16DC5469,CUST004705,SES046831,PROD000131,2,19013,38026,UPI,paid,2026-06-30 06:23:12
ORD-12144AC186,CUST009811,SES046833,PROD001564,1,47414,47414,UPI,paid,2026-06-28 02:02:19
ORD-611F0FCEFA,CUST001242,SES046859,PROD001357,2,99642,199284,Credit Card,paid,2026-07-22 14:39:45
ORD-D1255D5FDC,CUST000095,SES046861,PROD000433,1,15634,15634,UPI,paid,2026-07-23 11:17:48
ORD-23F2ACF641,CUST002591,SES046866,PROD001466,3,90751,272253,Credit Card,paid,2026-07-17 09:59:58
ORD-6974D957FD,CUST008730,SES046870,PROD001620,3,39730,119190,Debit Card,paid,2026-07-19 03:10:02
ORD-27382C469A,CUST002848,SES046873,PROD001597,1,83259,83259,Wallet,paid,2026-07-17 14:20:28
ORD-71AC446944,CUST009435,SES046874,PROD001467,2,28505,57010,UPI,paid,2026-07-17 02:00:13
ORD-D15220A0FB,CUST004350,SES046876,PROD001828,1,19201,19201,Credit Card,paid,2026-07-21 19:00:39
ORD-E48DBF8EAC,CUST001871,SES046884,PROD001173,2,13691,27382,UPI,paid,2026-07-01 08:52:03
ORD-7FF008663E,CUST006492,SES046897,PROD001708,1,41678,41678,UPI,paid,2026-07-02 22:35:56
ORD-4684435458,CUST003998,SES046915,PROD001230,1,73664,73664,Debit Card,paid,2026-07-13 14:52:32
ORD-BE08C7C3BD,CUST006415,SES046925,PROD001510,2,95788,191576,Credit Card,paid,2026-07-12 21:01:41
ORD-271506A11F,CUST000562,SES046936,PROD001041,2,98549,197098,Debit Card,paid,2026-07-18 13:21:49
ORD-B2D859B70D,CUST006544,SES046938,PROD000312,3,81882,245646,Credit Card,paid,2026-07-07 06:38:02
ORD-5FABCFF020,CUST009192,SES046940,PROD000297,1,66777,66777,UPI,paid,2026-07-11 09:59:36
ORD-43E5117508,CUST001686,SES046943,PROD001970,1,69249,69249,UPI,paid,2026-06-30 14:44:39
ORD-E50FBCDE77,CUST003123,SES046948,PROD000276,1,98538,98538,Credit Card,paid,2026-06-27 08:53:23
ORD-1A4612B9EB,CUST009785,SES046951,PROD000816,3,34314,102942,Cash on Delivery,paid,2026-07-03 20:12:58
ORD-77F38E5387,CUST000811,SES046956,PROD000399,3,34679,104037,UPI,refunded,2026-06-28 18:00:13
ORD-BFC00F3075,CUST005801,SES046959,PROD001531,3,68350,205050,UPI,paid,2026-07-02 00:59:04
ORD-33190F41F7,CUST009785,SES046967,PROD000152,2,60911,121822,Debit Card,paid,2026-07-01 21:53:38
ORD-CB156ACBBE,CUST000015,SES046973,PROD001804,2,7156,14312,Cash on Delivery,paid,2026-06-26 11:03:49
ORD-2DCD367906,CUST006200,SES046974,PROD000712,2,58936,117872,Credit Card,paid,2026-07-10 06:40:25
ORD-9483DE6330,CUST004787,SES046975,PROD000281,1,5195,5195,UPI,paid,2026-07-20 09:24:04
ORD-78E9E60EE3,CUST000638,SES046978,PROD001481,1,90409,90409,Credit Card,paid,2026-07-07 00:34:33
ORD-F72391BB76,CUST007244,SES047000,PROD001558,2,99590,199180,Credit Card,refunded,2026-07-10 03:25:44
ORD-F71D192276,CUST004810,SES047001,PROD000968,3,31016,93048,UPI,paid,2026-07-13 15:09:10
ORD-E984950754,CUST008088,SES047007,PROD000188,3,45597,136791,Wallet,paid,2026-07-23 03:49:03
ORD-579599AD28,CUST006490,SES047012,PROD000530,1,32755,32755,UPI,paid,2026-07-06 16:07:39
ORD-DCEE86B34F,CUST004401,SES047013,PROD001537,3,84969,254907,Cash on Delivery,paid,2026-07-14 07:06:59
ORD-2758B82BC3,CUST003315,SES047017,PROD001138,1,78924,78924,Credit Card,paid,2026-07-05 16:08:26
ORD-EEDE51E8D0,CUST003544,SES047024,PROD000297,2,66777,133554,Wallet,refunded,2026-07-09 03:34:17
ORD-CBA07BE107,CUST008485,SES047028,PROD001309,3,14162,42486,UPI,paid,2026-07-08 00:46:54
ORD-A64AEADFF8,CUST003641,SES047030,PROD000127,3,91762,275286,Cash on Delivery,paid,2026-07-06 17:33:05
ORD-A6358130A8,CUST002138,SES047033,PROD000329,3,11791,35373,Wallet,refunded,2026-07-02 12:04:25
ORD-8CC6BD8173,CUST009302,SES047034,PROD000057,1,97221,97221,UPI,paid,2026-07-16 00:19:37
ORD-CBC7027773,CUST007237,SES047040,PROD000050,3,34754,104262,Debit Card,paid,2026-07-12 10:12:52
ORD-16C20A5D20,CUST005351,SES047046,PROD000105,2,13268,26536,UPI,paid,2026-07-18 13:32:32
ORD-09FA839FB1,CUST000332,SES047048,PROD001317,3,15415,46245,Credit Card,paid,2026-07-12 07:10:15
ORD-4CD988F549,CUST002098,SES047052,PROD001314,1,74860,74860,UPI,paid,2026-07-10 08:53:19
ORD-89B6B20FFA,CUST002603,SES047053,PROD000461,2,62165,124330,Debit Card,paid,2026-07-19 08:54:24
ORD-62DC799012,CUST002215,SES047057,PROD001032,1,96746,96746,Debit Card,paid,2026-07-19 11:06:05
ORD-CE5AEE6683,CUST001735,SES047059,PROD000309,2,32775,65550,UPI,paid,2026-07-08 10:34:44
ORD-98E74D70D3,CUST000619,SES047060,PROD000901,2,62656,125312,UPI,paid,2026-07-23 09:27:44
ORD-5FD3F6FC0E,CUST006936,SES047067,PROD000889,3,14674,44022,UPI,paid,2026-07-20 13:19:25
ORD-80A4B8C0DB,CUST005052,SES047070,PROD000068,1,94714,94714,Cash on Delivery,paid,2026-07-24 10:15:49
ORD-646ACBD151,CUST000002,SES047095,PROD000722,1,30685,30685,Credit Card,paid,2026-07-23 23:50:19
ORD-962F670D39,CUST009993,SES047100,PROD000851,3,64936,194808,Debit Card,paid,2026-06-30 04:49:03
ORD-895C8D26E6,CUST002074,SES047102,PROD001464,1,54387,54387,Debit Card,cancelled,2026-07-19 05:12:32
ORD-8A06611223,CUST006780,SES047103,PROD001114,1,65857,65857,UPI,paid,2026-07-24 21:50:07
ORD-D495B0899D,CUST007566,SES047104,PROD001790,1,45479,45479,UPI,paid,2026-07-20 08:22:19
ORD-5A1B3683DA,CUST004535,SES047108,PROD000811,3,81480,244440,UPI,paid,2026-07-11 14:58:42
ORD-C3534FDFEC,CUST003511,SES047109,PROD001455,1,76729,76729,UPI,cancelled,2026-07-17 18:48:16
ORD-BE932EAB11,CUST009821,SES047117,PROD001066,2,61725,123450,UPI,paid,2026-07-14 07:34:16
ORD-743218D7D1,CUST006100,SES047124,PROD000192,3,84558,253674,Debit Card,paid,2026-07-08 10:28:26
ORD-C77E04D39A,CUST009600,SES047132,PROD001907,3,97832,293496,Wallet,paid,2026-07-12 15:53:44
ORD-C81E95CA15,CUST002435,SES047149,PROD001937,3,34863,104589,UPI,paid,2026-07-01 10:05:36
ORD-9B1EE19B40,CUST009949,SES047152,PROD000004,1,56738,56738,Credit Card,refunded,2026-07-10 13:05:09
ORD-2FCCA12432,CUST008751,SES047170,PROD001229,2,60682,121364,Credit Card,paid,2026-07-03 04:03:17
ORD-17B9D6CAA1,CUST009056,SES047173,PROD001173,3,13691,41073,Wallet,paid,2026-07-14 03:03:16
ORD-B24035F778,CUST001838,SES047174,PROD001347,2,7160,14320,UPI,paid,2026-07-17 20:18:26
ORD-5B3ACF5897,CUST007185,SES047176,PROD000032,1,46008,46008,UPI,paid,2026-07-10 15:23:55
ORD-CA709CFE31,CUST002290,SES047201,PROD000189,1,2445,2445,Cash on Delivery,paid,2026-07-18 03:12:45
ORD-F026243747,CUST005071,SES047205,PROD000630,2,47102,94204,Debit Card,paid,2026-07-24 11:49:58
ORD-03D967808E,CUST006533,SES047212,PROD000862,3,5509,16527,Cash on Delivery,paid,2026-06-29 20:29:54
ORD-712AE0C83F,CUST004373,SES047216,PROD000063,3,58348,175044,Credit Card,paid,2026-06-29 12:49:49
ORD-D3180BFF74,CUST008591,SES047218,PROD000478,3,32956,98868,UPI,paid,2026-07-17 13:05:51
ORD-EE333EDB72,CUST002695,SES047222,PROD001670,3,12377,37131,Debit Card,paid,2026-07-05 11:58:05
ORD-D87FCBC4CB,CUST003213,SES047231,PROD001348,3,56152,168456,Credit Card,paid,2026-07-25 10:12:40
ORD-CC5EE162DC,CUST009021,SES047233,PROD000663,2,25326,50652,UPI,paid,2026-07-24 06:40:05
ORD-D929379077,CUST009690,SES047246,PROD001573,1,62867,62867,Credit Card,paid,2026-07-13 00:02:06
ORD-CEF2D60C6B,CUST009870,SES047254,PROD001387,2,9244,18488,Credit Card,paid,2026-07-21 04:22:57
ORD-4670002634,CUST004432,SES047256,PROD001855,2,43341,86682,UPI,paid,2026-07-12 14:35:07
ORD-8C832B992A,CUST000323,SES047261,PROD001973,1,96984,96984,UPI,cancelled,2026-07-10 19:07:29
ORD-5F71EE55DB,CUST006947,SES047263,PROD000369,3,62902,188706,Wallet,refunded,2026-07-06 08:06:22
ORD-6F2BBE3C65,CUST005220,SES047269,PROD001507,3,87446,262338,Cash on Delivery,paid,2026-07-02 06:37:20
ORD-88C57DE736,CUST008982,SES047286,PROD001490,3,73344,220032,Credit Card,paid,2026-06-26 01:09:38
ORD-B0CD360D9B,CUST001213,SES047288,PROD001635,1,11600,11600,UPI,paid,2026-07-10 21:10:44
ORD-85417ADA25,CUST006838,SES047298,PROD000097,1,90208,90208,Wallet,paid,2026-07-03 03:01:18
ORD-61A92BEAC6,CUST007499,SES047300,PROD001592,1,3984,3984,Credit Card,paid,2026-07-22 00:02:07
ORD-9BEBB69844,CUST009446,SES047304,PROD000174,2,15425,30850,Wallet,paid,2026-06-26 12:56:58
ORD-7011244928,CUST006915,SES047308,PROD000554,1,11759,11759,Debit Card,paid,2026-07-16 14:24:37
ORD-E33CF570D8,CUST001229,SES047316,PROD001379,2,61384,122768,UPI,paid,2026-07-02 12:06:36
ORD-F33A803860,CUST001579,SES047332,PROD001110,3,3992,11976,Credit Card,paid,2026-07-20 04:35:45
ORD-22A419C6DB,CUST008878,SES047333,PROD000936,2,74989,149978,UPI,paid,2026-07-03 19:50:04
ORD-3773B26250,CUST009604,SES047343,PROD001582,2,81464,162928,Credit Card,paid,2026-07-07 16:15:12
ORD-4393F1683E,CUST006589,SES047345,PROD000600,1,46362,46362,UPI,paid,2026-07-12 22:44:31
ORD-740DEA1FE0,CUST003249,SES047347,PROD000582,3,85280,255840,Credit Card,paid,2026-07-03 15:08:55
ORD-403BD695EA,CUST005623,SES047348,PROD001426,1,86142,86142,Credit Card,paid,2026-06-28 17:07:50
ORD-84CC2866DB,CUST007367,SES047362,PROD001249,1,73145,73145,UPI,paid,2026-07-17 14:15:25
ORD-431AAF8B88,CUST003082,SES047363,PROD001910,1,44497,44497,Wallet,paid,2026-07-07 01:08:28
ORD-30DDBA9BA0,CUST006604,SES047368,PROD000396,1,43706,43706,Debit Card,paid,2026-07-06 11:27:01
ORD-F15E8F9AD2,CUST004195,SES047391,PROD000820,1,60486,60486,Wallet,paid,2026-07-07 10:12:27
ORD-2BA9FFF0D4,CUST009228,SES047398,PROD000112,1,45523,45523,Credit Card,paid,2026-07-20 22:03:05
ORD-1591E6F9A9,CUST009846,SES047400,PROD000666,2,99588,199176,UPI,paid,2026-07-21 08:56:11
ORD-CD6BC5D11C,CUST005176,SES047403,PROD001380,3,9559,28677,Cash on Delivery,paid,2026-07-22 07:17:58
ORD-CB364EF5F3,CUST004256,SES047406,PROD001564,2,47414,94828,UPI,paid,2026-07-09 17:53:20
ORD-8C7E730DEC,CUST000149,SES047412,PROD000521,1,19731,19731,UPI,paid,2026-07-20 09:09:52
ORD-A3A5D58509,CUST002057,SES047416,PROD000892,3,4648,13944,Wallet,paid,2026-07-09 17:09:49
ORD-8F42F55047,CUST001077,SES047431,PROD000784,2,70055,140110,UPI,paid,2026-07-11 02:58:47
ORD-22D5971A8B,CUST002203,SES047434,PROD001347,2,7160,14320,Debit Card,paid,2026-06-27 11:37:41
ORD-5767428949,CUST007314,SES047455,PROD001888,2,69997,139994,Wallet,cancelled,2026-07-16 16:17:52
ORD-316E5FC4FA,CUST005456,SES047458,PROD000852,1,93287,93287,Wallet,paid,2026-06-27 12:12:08
ORD-5329525180,CUST004017,SES047459,PROD000636,2,29757,59514,Credit Card,paid,2026-07-12 19:41:38
ORD-7376DD4892,CUST002374,SES047461,PROD001767,3,14727,44181,UPI,paid,2026-07-13 02:52:21
ORD-6CCF7AD486,CUST006410,SES047470,PROD000188,1,45597,45597,Cash on Delivery,paid,2026-07-15 20:03:35
ORD-84FE3F6C58,CUST003859,SES047475,PROD001365,2,74709,149418,UPI,cancelled,2026-07-02 17:57:16
ORD-BD34BCE74C,CUST000837,SES047476,PROD001542,1,34694,34694,UPI,paid,2026-07-08 06:21:02
ORD-A63A54BF0A,CUST002070,SES047490,PROD001585,3,15709,47127,UPI,paid,2026-07-12 15:20:25
ORD-2C8E6E5AD8,CUST000906,SES047505,PROD001762,1,8787,8787,UPI,paid,2026-07-08 23:37:25
ORD-A6D2954C40,CUST001461,SES047509,PROD000795,2,46177,92354,UPI,paid,2026-07-08 02:29:24
ORD-F1AE46088A,CUST009476,SES047524,PROD000300,2,53319,106638,UPI,paid,2026-07-14 15:46:47
ORD-249CD31A0C,CUST005289,SES047533,PROD001085,3,59079,177237,UPI,paid,2026-07-14 05:51:55
ORD-032354F7CE,CUST000665,SES047536,PROD000100,2,46659,93318,Debit Card,paid,2026-06-28 06:35:05
ORD-60ADC30B2B,CUST009362,SES047537,PROD001741,3,8593,25779,UPI,refunded,2026-07-12 08:10:52
ORD-7BCC631BA6,CUST007190,SES047540,PROD001964,1,72070,72070,Wallet,paid,2026-07-04 15:14:57
ORD-DF6DFC169B,CUST001532,SES047558,PROD001739,3,70820,212460,Wallet,paid,2026-07-04 22:31:51
ORD-F07227D329,CUST004515,SES047560,PROD001008,3,75544,226632,Debit Card,paid,2026-07-23 19:46:24
ORD-40BA09D629,CUST009901,SES047568,PROD001189,1,51673,51673,Credit Card,paid,2026-07-12 08:05:21
ORD-301820B446,CUST002963,SES047580,PROD001630,2,76405,152810,Wallet,paid,2026-07-05 20:39:49
ORD-2560B44146,CUST008045,SES047582,PROD000012,3,67517,202551,Debit Card,paid,2026-07-09 01:19:27
ORD-71113A98BE,CUST003976,SES047595,PROD001154,1,82133,82133,Cash on Delivery,paid,2026-07-20 23:27:05
ORD-940C8AB624,CUST004926,SES047599,PROD000634,3,17268,51804,Debit Card,paid,2026-06-30 13:15:01
ORD-A52623F869,CUST007768,SES047600,PROD000651,3,68016,204048,Debit Card,paid,2026-06-27 03:37:44
ORD-F271AB2950,CUST005110,SES047610,PROD001508,1,46910,46910,UPI,paid,2026-07-24 14:23:57
ORD-B6EF4259B3,CUST006512,SES047611,PROD001756,2,43799,87598,Credit Card,paid,2026-07-01 05:22:19
ORD-BA04E68F5D,CUST006011,SES047613,PROD000476,1,11761,11761,Credit Card,paid,2026-07-12 01:54:59
ORD-908EB16B92,CUST000988,SES047619,PROD000119,1,18625,18625,Cash on Delivery,paid,2026-06-30 04:57:53
ORD-AB4646ADDD,CUST001158,SES047620,PROD001849,3,21937,65811,Wallet,cancelled,2026-07-10 15:52:40
ORD-5460F4034B,CUST003637,SES047631,PROD000749,1,58826,58826,UPI,paid,2026-06-30 03:56:34
ORD-89087D42CC,CUST009559,SES047637,PROD001228,2,15660,31320,UPI,paid,2026-06-30 09:50:16
ORD-2EB855887A,CUST009950,SES047649,PROD001642,3,38668,116004,Wallet,paid,2026-06-27 21:20:55
ORD-DBADE7A603,CUST005464,SES047650,PROD000336,3,21392,64176,Debit Card,paid,2026-07-21 16:38:53
ORD-B8CA527191,CUST001735,SES047657,PROD001013,3,21947,65841,UPI,paid,2026-07-03 04:48:00
ORD-80A9779AD8,CUST000506,SES047662,PROD000409,3,73990,221970,UPI,paid,2026-07-21 04:36:59
ORD-03C1BDD11A,CUST002803,SES047665,PROD001486,2,70591,141182,Credit Card,paid,2026-06-29 05:12:38
ORD-96D0CC418C,CUST001728,SES047667,PROD001514,1,78015,78015,UPI,paid,2026-06-28 19:53:20
ORD-B1EB856164,CUST007353,SES047672,PROD000279,2,94243,188486,UPI,paid,2026-07-11 00:56:47
ORD-2928CD56DE,CUST000834,SES047679,PROD000012,1,67517,67517,Wallet,paid,2026-06-30 21:59:01
ORD-860741FCDD,CUST006519,SES047689,PROD000681,2,46754,93508,Credit Card,paid,2026-07-23 10:04:56
ORD-87BE80720E,CUST009188,SES047693,PROD001595,1,99805,99805,Credit Card,paid,2026-06-30 21:38:13
ORD-BC22590FA8,CUST000421,SES047705,PROD000737,1,37602,37602,UPI,paid,2026-07-14 16:19:34
ORD-7C3E3169BE,CUST007710,SES047711,PROD001322,1,64782,64782,UPI,paid,2026-07-24 07:21:45
ORD-39F2C70F76,CUST003600,SES047718,PROD001020,1,32946,32946,UPI,paid,2026-06-30 11:44:57
ORD-5AECC488F8,CUST002257,SES047719,PROD001453,1,29741,29741,UPI,paid,2026-07-13 23:51:18
ORD-0B72A8B384,CUST007652,SES047723,PROD001091,3,9458,28374,Credit Card,paid,2026-07-12 18:44:16
ORD-ECD1905BF3,CUST002635,SES047728,PROD001420,2,13340,26680,UPI,paid,2026-07-02 12:28:12
ORD-804E991A5A,CUST005157,SES047729,PROD001103,2,19738,39476,UPI,paid,2026-06-26 18:54:01
ORD-0E0147FA96,CUST008395,SES047743,PROD001218,1,34546,34546,UPI,paid,2026-06-26 23:32:30
ORD-AC3E597CF5,CUST008727,SES047751,PROD001657,1,11881,11881,UPI,paid,2026-07-16 10:22:12
ORD-213D496D57,CUST005412,SES047752,PROD001378,2,81305,162610,Debit Card,paid,2026-07-12 20:45:11
ORD-C852398013,CUST001083,SES047755,PROD000586,1,27052,27052,Wallet,paid,2026-06-30 15:24:14
ORD-D4E03BCDA0,CUST008485,SES047756,PROD001761,2,60261,120522,Debit Card,paid,2026-07-03 02:41:58
ORD-658B90B9A6,CUST003090,SES047759,PROD001246,2,61172,122344,UPI,cancelled,2026-07-16 11:26:29
ORD-27D9346EB0,CUST004031,SES047767,PROD001805,2,99351,198702,Wallet,paid,2026-07-17 00:54:46
ORD-11D03A8DAF,CUST005575,SES047773,PROD000100,1,46659,46659,UPI,paid,2026-06-27 01:58:08
ORD-2E9D747832,CUST001544,SES047774,PROD001475,3,83687,251061,UPI,paid,2026-06-27 20:05:21
ORD-90C803A412,CUST008262,SES047796,PROD000189,2,2445,4890,UPI,cancelled,2026-07-13 13:20:27
ORD-CE6B3144AF,CUST006363,SES047797,PROD000413,3,78291,234873,UPI,paid,2026-07-13 23:34:27
ORD-EC33ED9615,CUST000790,SES047799,PROD001244,1,67028,67028,Credit Card,paid,2026-06-26 14:19:27
ORD-39C898A73C,CUST000758,SES047800,PROD000624,1,38373,38373,Wallet,paid,2026-07-09 15:39:21
ORD-E3F08DE4BB,CUST008155,SES047801,PROD001530,3,13198,39594,Debit Card,paid,2026-06-28 05:53:33
ORD-CC9C5B1893,CUST007990,SES047809,PROD000438,2,39358,78716,Wallet,paid,2026-07-09 10:40:23
ORD-25470168D3,CUST001755,SES047819,PROD000907,1,42782,42782,Wallet,refunded,2026-07-23 22:19:43
ORD-DEB5FD95E5,CUST009284,SES047821,PROD001609,2,54045,108090,UPI,paid,2026-07-11 02:40:01
ORD-1EEFF51A69,CUST000253,SES047825,PROD001371,3,62725,188175,Debit Card,paid,2026-06-27 02:57:19
ORD-23058CC99E,CUST001751,SES047827,PROD000842,3,91414,274242,Credit Card,paid,2026-07-11 11:14:49
ORD-441D12D030,CUST009287,SES047834,PROD000603,2,62653,125306,UPI,paid,2026-07-04 10:43:07
ORD-54F8FD7C0F,CUST002335,SES047837,PROD000800,3,61627,184881,Credit Card,paid,2026-07-03 12:09:46
ORD-88A2DEF27E,CUST006146,SES047844,PROD001326,3,81001,243003,Wallet,paid,2026-07-23 09:28:14
ORD-D354B4DAD5,CUST003073,SES047845,PROD001369,2,50641,101282,UPI,paid,2026-07-14 22:48:30
ORD-C53D2ABB90,CUST000898,SES047846,PROD001556,2,83104,166208,UPI,paid,2026-07-03 03:57:55
ORD-4834337B07,CUST004107,SES047847,PROD000007,2,93565,187130,Cash on Delivery,paid,2026-06-30 16:36:40
ORD-7C91E730CF,CUST002199,SES047855,PROD000262,2,27474,54948,Debit Card,paid,2026-06-26 22:18:59
ORD-DF26337250,CUST000938,SES047861,PROD001859,3,64224,192672,Debit Card,paid,2026-07-23 19:25:59
ORD-D7ECB06BC9,CUST003093,SES047871,PROD001301,3,50249,150747,Debit Card,paid,2026-07-16 04:52:37
ORD-0D96216664,CUST001214,SES047880,PROD001681,1,85201,85201,UPI,paid,2026-07-16 00:53:25
ORD-C722C456D9,CUST004210,SES047884,PROD000805,3,82192,246576,Credit Card,paid,2026-07-12 19:04:20
ORD-ED3D97D39C,CUST007130,SES047885,PROD001601,1,58442,58442,Cash on Delivery,paid,2026-07-24 06:52:27
ORD-49430C6A46,CUST001176,SES047893,PROD001201,3,3716,11148,Debit Card,paid,2026-06-26 11:51:12
ORD-B3ED9E71F1,CUST003894,SES047895,PROD000354,1,68533,68533,Wallet,paid,2026-07-19 14:59:58
ORD-ED0370366D,CUST006662,SES047904,PROD000771,2,66289,132578,UPI,paid,2026-07-17 18:02:04
ORD-CCB015F689,CUST000871,SES047917,PROD001190,1,25218,25218,Debit Card,paid,2026-07-15 01:57:16
ORD-CE889CDA0F,CUST000479,SES047962,PROD000200,3,34444,103332,Credit Card,paid,2026-07-21 16:06:40
ORD-BB03A49885,CUST008282,SES047974,PROD000362,3,92423,277269,Credit Card,paid,2026-07-05 16:27:04
ORD-C9CAA770E4,CUST005625,SES047980,PROD000950,2,51993,103986,Wallet,paid,2026-07-23 12:09:29
ORD-BB2BC74BDB,CUST005865,SES047981,PROD000096,3,12841,38523,UPI,paid,2026-07-04 13:42:11
ORD-EF021AC460,CUST007032,SES047991,PROD000361,3,42646,127938,Credit Card,paid,2026-07-02 21:11:05
ORD-084419C410,CUST001732,SES047992,PROD001451,2,9368,18736,UPI,paid,2026-07-09 02:16:07
ORD-191C3D0C41,CUST005736,SES047994,PROD001982,3,8607,25821,Credit Card,paid,2026-07-01 19:37:33
ORD-A1B5116E4E,CUST008532,SES047997,PROD000420,3,55698,167094,UPI,paid,2026-07-10 02:58:38
ORD-D82B413E1E,CUST007692,SES048000,PROD000034,3,90741,272223,Credit Card,paid,2026-07-02 20:01:08
ORD-089309BF64,CUST005498,SES048008,PROD000092,2,16003,32006,UPI,paid,2026-07-01 11:59:39
ORD-44804613EA,CUST001239,SES048009,PROD000307,2,22330,44660,UPI,refunded,2026-07-04 13:12:54
ORD-BB7413E1DB,CUST008144,SES048013,PROD000687,3,65896,197688,Debit Card,paid,2026-06-27 21:00:13
ORD-A5919BE143,CUST002110,SES048021,PROD000113,2,49173,98346,Cash on Delivery,paid,2026-07-17 16:09:43
ORD-15BAF905DE,CUST001547,SES048031,PROD000063,1,58348,58348,Credit Card,paid,2026-07-22 06:20:02
ORD-E285536C38,CUST002430,SES048033,PROD001674,2,64683,129366,Wallet,paid,2026-07-23 09:27:56
ORD-34987D949A,CUST009632,SES048037,PROD000307,3,22330,66990,Cash on Delivery,paid,2026-07-12 13:50:48
ORD-57F5800FA5,CUST006895,SES048041,PROD000579,2,32077,64154,UPI,paid,2026-07-23 21:21:29
ORD-21F61D4352,CUST001991,SES048052,PROD001792,3,65177,195531,UPI,paid,2026-07-24 16:49:11
ORD-63D2C78D5A,CUST001063,SES048057,PROD000433,3,15634,46902,UPI,paid,2026-07-09 14:27:14
ORD-7AB86B8894,CUST000884,SES048058,PROD000428,2,61373,122746,Debit Card,paid,2026-07-23 08:16:04
ORD-60DFC33980,CUST003762,SES048059,PROD000188,2,45597,91194,UPI,paid,2026-06-26 10:35:23
ORD-4475B9DFA6,CUST006185,SES048067,PROD001570,1,81731,81731,UPI,paid,2026-07-15 06:28:54
ORD-2C40748CDF,CUST006678,SES048080,PROD000705,1,86232,86232,Credit Card,paid,2026-07-14 04:57:35
ORD-8C4D3DA5C7,CUST003331,SES048092,PROD001940,3,91806,275418,UPI,paid,2026-07-23 19:44:46
ORD-244F7F57D7,CUST000002,SES048096,PROD000213,2,35623,71246,Debit Card,paid,2026-07-06 01:13:29
ORD-F08B1C9393,CUST001409,SES048109,PROD001914,1,65153,65153,UPI,paid,2026-07-05 06:40:01
ORD-A3260D1EC1,CUST002684,SES048114,PROD001449,1,16104,16104,UPI,paid,2026-07-18 03:14:30
ORD-E78D4BDCE8,CUST009978,SES048121,PROD000317,2,7525,15050,Debit Card,paid,2026-06-29 15:15:55
ORD-6D65C31373,CUST009529,SES048124,PROD001323,2,19659,39318,Wallet,cancelled,2026-06-30 12:23:20
ORD-20DA5AC134,CUST002344,SES048143,PROD001748,1,42548,42548,Debit Card,paid,2026-06-27 20:25:27
ORD-6F77246886,CUST008926,SES048153,PROD000663,2,25326,50652,UPI,paid,2026-07-15 19:45:42
ORD-1681DD3447,CUST005249,SES048155,PROD000125,1,12886,12886,Credit Card,paid,2026-07-08 22:04:01
ORD-B91F140F6F,CUST000993,SES048174,PROD000904,2,42817,85634,Credit Card,paid,2026-06-27 11:53:21
ORD-1D68FB6F8B,CUST006825,SES048177,PROD001254,2,39489,78978,UPI,paid,2026-06-27 17:36:43
ORD-D46C511ABF,CUST009638,SES048185,PROD001115,2,1722,3444,UPI,paid,2026-07-05 20:44:27
ORD-0285CE682B,CUST006522,SES048188,PROD000293,1,12479,12479,UPI,paid,2026-07-02 08:04:14
ORD-3F1F5C3801,CUST002323,SES048191,PROD000792,1,54806,54806,Debit Card,paid,2026-07-24 08:24:42
ORD-E5E5FB6AC4,CUST009706,SES048215,PROD000358,2,2734,5468,UPI,paid,2026-06-29 16:03:42
ORD-95B60C0D54,CUST006558,SES048245,PROD001720,2,77552,155104,Wallet,paid,2026-07-13 08:11:16
ORD-C56F86D28A,CUST005427,SES048255,PROD001679,2,27498,54996,Cash on Delivery,paid,2026-07-22 23:21:52
ORD-2AE737D9F7,CUST005455,SES048256,PROD000449,1,49957,49957,UPI,paid,2026-07-24 10:17:23
ORD-9A569739A3,CUST003043,SES048261,PROD000725,1,48089,48089,Credit Card,paid,2026-07-15 22:01:09
ORD-FAE6889CB0,CUST000089,SES048273,PROD001867,3,48720,146160,Debit Card,paid,2026-07-02 19:31:08
ORD-E5078A91E3,CUST008013,SES048278,PROD001305,2,59745,119490,UPI,paid,2026-07-24 23:15:41
ORD-2FAFD4BD87,CUST001483,SES048311,PROD001413,3,55920,167760,Credit Card,paid,2026-07-14 23:18:00
ORD-EC9B28F0E9,CUST007421,SES048346,PROD001498,2,29091,58182,UPI,paid,2026-07-21 00:43:25
ORD-66C8613744,CUST008208,SES048351,PROD000962,2,84028,168056,Debit Card,paid,2026-06-30 11:17:30
ORD-D77DA981CC,CUST008992,SES048353,PROD001649,2,27303,54606,UPI,paid,2026-07-08 03:26:32
ORD-02B32B7AA6,CUST002511,SES048354,PROD000442,1,78710,78710,UPI,paid,2026-07-21 10:10:55
ORD-5D8743D890,CUST009345,SES048359,PROD000673,1,41456,41456,Credit Card,paid,2026-06-30 20:57:24
ORD-E4E19D5905,CUST007607,SES048365,PROD000220,2,13561,27122,UPI,paid,2026-07-14 23:10:21
ORD-D68AA982FE,CUST001822,SES048366,PROD001647,2,95631,191262,UPI,paid,2026-07-03 09:49:45
ORD-C764189DC8,CUST008282,SES048382,PROD001406,2,13078,26156,UPI,paid,2026-07-05 02:33:49
ORD-F72B5AAE45,CUST008998,SES048385,PROD000256,1,1389,1389,Credit Card,paid,2026-07-06 21:54:16
ORD-64930F74FE,CUST004274,SES048387,PROD001524,1,74274,74274,Credit Card,paid,2026-07-12 00:25:48
ORD-B2ABE00227,CUST001774,SES048389,PROD001642,3,38668,116004,Debit Card,paid,2026-07-02 19:02:05
ORD-C0225C3ED5,CUST004447,SES048393,PROD001787,2,46555,93110,UPI,paid,2026-07-09 02:17:35
ORD-5AF42B554D,CUST003133,SES048401,PROD001600,2,58952,117904,Debit Card,paid,2026-07-01 06:46:36
ORD-2D228FB893,CUST001878,SES048404,PROD001093,1,27182,27182,Credit Card,paid,2026-07-01 22:00:11
ORD-BC405A770D,CUST001107,SES048409,PROD000894,1,91261,91261,Credit Card,paid,2026-07-16 07:31:42
ORD-F102CC7C26,CUST000816,SES048412,PROD001911,1,52896,52896,Credit Card,paid,2026-06-30 06:11:52
ORD-D880207637,CUST009214,SES048419,PROD000813,2,79206,158412,Wallet,cancelled,2026-07-21 09:32:36
ORD-E7384F9E5D,CUST000068,SES048425,PROD001440,1,41094,41094,Cash on Delivery,paid,2026-07-06 05:15:24
ORD-4436A3839F,CUST000286,SES048427,PROD001925,1,62159,62159,UPI,paid,2026-07-13 23:21:07
ORD-019F9F401F,CUST004791,SES048439,PROD000086,1,40354,40354,UPI,paid,2026-07-07 12:13:43
ORD-471AFE680A,CUST003867,SES048444,PROD000378,2,96300,192600,UPI,paid,2026-07-17 09:33:01
ORD-443B1D5E11,CUST005628,SES048450,PROD001125,2,1937,3874,UPI,paid,2026-07-09 08:21:53
ORD-30EEBF0498,CUST009499,SES048453,PROD000758,3,68146,204438,Debit Card,paid,2026-07-17 02:33:45
ORD-63BA72C956,CUST001866,SES048462,PROD000225,2,81899,163798,Debit Card,paid,2026-06-30 18:34:53
ORD-74F29950BC,CUST000307,SES048465,PROD001979,2,33588,67176,UPI,paid,2026-07-11 19:38:38
ORD-4EA4AE4EDE,CUST006237,SES048466,PROD000517,3,15336,46008,Wallet,paid,2026-07-15 02:23:20
ORD-929CBF7D60,CUST006510,SES048467,PROD001766,3,83392,250176,Cash on Delivery,paid,2026-07-14 11:37:35
ORD-372324A63E,CUST008839,SES048480,PROD000526,1,93614,93614,UPI,paid,2026-07-23 22:20:13
ORD-AA363A1408,CUST009370,SES048483,PROD001067,1,47200,47200,Credit Card,paid,2026-07-12 07:27:28
ORD-18AFBA93B6,CUST003022,SES048485,PROD000793,2,19659,39318,Wallet,paid,2026-07-23 11:04:25
ORD-62F0BC8226,CUST007284,SES048501,PROD000662,2,71513,143026,UPI,paid,2026-07-12 15:20:48
ORD-2CEB1A22BA,CUST003332,SES048503,PROD000803,3,88868,266604,Credit Card,refunded,2026-07-15 07:19:14
ORD-E7C5845300,CUST007483,SES048504,PROD000007,2,93565,187130,Cash on Delivery,paid,2026-07-12 09:36:03
ORD-5118ADE84E,CUST004611,SES048511,PROD001584,2,5551,11102,UPI,paid,2026-07-23 06:25:32
ORD-2072ADA678,CUST008150,SES048512,PROD000162,1,16274,16274,Wallet,paid,2026-07-11 02:28:26
ORD-E4C1F47146,CUST001271,SES048528,PROD000905,3,6796,20388,Credit Card,paid,2026-07-06 07:21:29
ORD-E8F381E2A3,CUST005198,SES048531,PROD001316,1,79905,79905,Cash on Delivery,paid,2026-07-18 20:23:28
ORD-EF1F30ADD9,CUST009495,SES048532,PROD000931,2,92376,184752,Wallet,paid,2026-07-14 02:24:56
ORD-E2778A1061,CUST000306,SES048536,PROD001479,2,61774,123548,Credit Card,paid,2026-07-08 12:20:46
ORD-05EF05B3E9,CUST003239,SES048540,PROD001345,2,6413,12826,UPI,paid,2026-07-01 16:40:16
ORD-53F0C61DB3,CUST008410,SES048541,PROD001713,2,76281,152562,Cash on Delivery,paid,2026-07-24 13:13:39
ORD-B0AA3FF5FF,CUST009806,SES048551,PROD000021,1,26478,26478,UPI,paid,2026-07-25 01:18:58
ORD-E44FBBFA20,CUST004163,SES048556,PROD001181,3,47783,143349,Wallet,paid,2026-07-13 16:21:25
ORD-9125E2365A,CUST007856,SES048570,PROD000133,1,17079,17079,Debit Card,paid,2026-07-08 16:08:47
ORD-F893D5C22E,CUST006461,SES048572,PROD000498,3,47256,141768,Credit Card,paid,2026-07-05 14:49:04
ORD-D60B8B7877,CUST002034,SES048575,PROD001844,2,24645,49290,UPI,paid,2026-07-17 15:47:01
ORD-0340783C40,CUST000015,SES048576,PROD001008,3,75544,226632,UPI,refunded,2026-07-11 08:09:28
ORD-242D1225C8,CUST005924,SES048592,PROD001042,3,10177,30531,UPI,paid,2026-07-15 17:44:13
ORD-A163DB9704,CUST008996,SES048595,PROD000976,3,24129,72387,Debit Card,paid,2026-07-16 01:10:36
ORD-81388B79A2,CUST000670,SES048604,PROD001230,2,73664,147328,UPI,paid,2026-06-27 22:34:08
ORD-7B66AC49E5,CUST002946,SES048614,PROD001739,3,70820,212460,Credit Card,refunded,2026-07-11 11:44:37
ORD-B334776962,CUST008119,SES048625,PROD001534,2,68055,136110,UPI,paid,2026-07-06 14:23:50
ORD-46E9EE9E6A,CUST002818,SES048627,PROD001672,1,84500,84500,Wallet,paid,2026-07-22 21:33:38
ORD-458B78FB4E,CUST007094,SES048631,PROD000951,3,23693,71079,UPI,paid,2026-07-03 10:33:02
ORD-A7F6165E5A,CUST004626,SES048632,PROD000762,3,69109,207327,Wallet,paid,2026-07-22 07:20:20
ORD-7A3005B50F,CUST002106,SES048640,PROD000442,3,78710,236130,Credit Card,paid,2026-07-04 22:39:40
ORD-326DB7D91F,CUST001479,SES048646,PROD001086,1,29868,29868,Wallet,paid,2026-07-10 07:02:04
ORD-3565C06E8B,CUST003249,SES048647,PROD001028,1,76740,76740,Credit Card,paid,2026-07-20 04:28:52
ORD-A25392A6E3,CUST007178,SES048648,PROD001454,3,78083,234249,UPI,paid,2026-07-14 15:36:42
ORD-071812929D,CUST007256,SES048649,PROD000129,1,23845,23845,Wallet,paid,2026-07-20 11:18:52
ORD-EC1E433CEB,CUST005942,SES048654,PROD001710,3,38572,115716,UPI,refunded,2026-07-03 08:11:09
ORD-55583FE9D2,CUST008214,SES048666,PROD000969,1,21261,21261,UPI,paid,2026-07-21 12:12:01
ORD-B3315ECF34,CUST007785,SES048673,PROD001626,1,6649,6649,Wallet,paid,2026-07-14 17:33:39
ORD-8FBB7CCA7D,CUST000933,SES048690,PROD000184,1,40897,40897,Credit Card,paid,2026-07-17 11:05:27
ORD-F74368D313,CUST004360,SES048694,PROD001446,1,50513,50513,UPI,paid,2026-07-11 10:01:34
ORD-508F601905,CUST007855,SES048695,PROD000969,1,21261,21261,Debit Card,paid,2026-07-07 21:55:35
ORD-9B9D559920,CUST008147,SES048698,PROD001290,3,5476,16428,Credit Card,paid,2026-07-17 02:13:59
ORD-2A6AE9A355,CUST007615,SES048702,PROD000875,3,72912,218736,Credit Card,paid,2026-07-16 07:06:30
ORD-673C983E6A,CUST000607,SES048705,PROD000438,2,39358,78716,Wallet,paid,2026-07-24 15:55:32
ORD-FEFBDAC7C1,CUST005225,SES048706,PROD001278,3,38298,114894,Wallet,cancelled,2026-06-30 23:53:19
ORD-C5FB7D9154,CUST008232,SES048707,PROD000878,1,86612,86612,Debit Card,paid,2026-06-26 10:27:12
ORD-5E8484BAD0,CUST008624,SES048710,PROD001294,3,5072,15216,UPI,paid,2026-07-03 10:30:56
ORD-8BC089B5CD,CUST001433,SES048713,PROD001511,2,54406,108812,Debit Card,paid,2026-07-24 05:44:33
ORD-D13292FB0B,CUST007823,SES048723,PROD001909,2,50234,100468,UPI,cancelled,2026-07-02 19:18:37
ORD-09737C8C59,CUST005334,SES048726,PROD001237,3,62933,188799,UPI,paid,2026-07-19 18:10:46
ORD-1DAD052F80,CUST001889,SES048727,PROD000456,2,98223,196446,Debit Card,paid,2026-06-30 01:13:29
ORD-96E10AE19C,CUST000540,SES048730,PROD001225,2,16511,33022,Credit Card,cancelled,2026-07-17 08:45:40
ORD-FF228B1A48,CUST001307,SES048740,PROD000621,2,59407,118814,Debit Card,paid,2026-07-24 01:22:59
ORD-53142EC966,CUST009163,SES048744,PROD000904,2,42817,85634,Cash on Delivery,paid,2026-07-04 18:27:15
ORD-9B88183343,CUST007318,SES048753,PROD000285,1,74483,74483,UPI,refunded,2026-06-28 00:17:01
ORD-2976687DAF,CUST006175,SES048765,PROD000126,2,39662,79324,UPI,paid,2026-07-02 13:24:33
ORD-6F406F4FA0,CUST004361,SES048778,PROD000120,2,21748,43496,Credit Card,paid,2026-07-17 21:28:51
ORD-E3DD7C5482,CUST002464,SES048791,PROD001470,1,37806,37806,Credit Card,paid,2026-07-04 17:45:22
ORD-E8F3ADAC51,CUST006304,SES048792,PROD001599,3,8783,26349,UPI,paid,2026-06-27 20:05:23
ORD-10EE76EAD6,CUST003549,SES048796,PROD000940,1,14234,14234,UPI,paid,2026-07-08 05:12:15
ORD-14809C980D,CUST002402,SES048798,PROD000319,1,45789,45789,Credit Card,paid,2026-07-22 13:13:04
ORD-11C5187F3E,CUST005564,SES048808,PROD000900,2,81425,162850,UPI,refunded,2026-07-23 21:40:03
ORD-12C79034A3,CUST009634,SES048809,PROD000912,2,10098,20196,Debit Card,paid,2026-07-12 00:40:07
ORD-1930B30C29,CUST007850,SES048815,PROD000843,1,13501,13501,Credit Card,paid,2026-07-25 16:55:26
ORD-2679EF4E4C,CUST005577,SES048821,PROD000494,1,88929,88929,Wallet,paid,2026-07-03 11:06:37
ORD-FD9562E4F3,CUST001983,SES048822,PROD001153,3,43879,131637,Wallet,paid,2026-07-10 23:44:02
ORD-61346DECEC,CUST009811,SES048828,PROD000206,3,78821,236463,UPI,paid,2026-07-12 01:12:19
ORD-405679505A,CUST003533,SES048834,PROD001684,1,89117,89117,UPI,paid,2026-07-11 16:51:48
ORD-DA5AEA51E4,CUST001224,SES048838,PROD000202,3,96306,288918,Debit Card,paid,2026-07-13 14:36:35
ORD-84410D1085,CUST008746,SES048846,PROD000309,3,32775,98325,Wallet,paid,2026-06-27 18:55:36
ORD-5423378DD9,CUST005969,SES048853,PROD001094,1,40801,40801,UPI,paid,2026-07-14 22:44:09
ORD-AEE75EDA9A,CUST002971,SES048854,PROD001431,3,30510,91530,UPI,paid,2026-07-15 14:56:14
ORD-EFB055FB2A,CUST004050,SES048865,PROD000526,3,93614,280842,Credit Card,paid,2026-06-25 21:51:44
ORD-A93A922F7C,CUST008382,SES048877,PROD000318,3,9611,28833,UPI,paid,2026-07-07 10:38:22
ORD-E0AD241981,CUST000326,SES048879,PROD001021,3,92787,278361,UPI,paid,2026-07-25 09:08:55
ORD-9C78A3F29E,CUST001029,SES048887,PROD000244,1,77866,77866,UPI,cancelled,2026-06-29 09:31:40
ORD-C126CBC96E,CUST002705,SES048888,PROD000424,1,29049,29049,UPI,paid,2026-07-21 17:49:40
ORD-F02FE87BDA,CUST007661,SES048897,PROD000345,1,96403,96403,Debit Card,paid,2026-07-14 08:54:46
ORD-60D9D67FF6,CUST000067,SES048925,PROD001140,1,67187,67187,Debit Card,paid,2026-06-30 03:32:00
ORD-27B6168669,CUST008128,SES048929,PROD001770,2,62880,125760,Credit Card,paid,2026-07-21 03:51:17
ORD-DA76D2E016,CUST005668,SES048937,PROD001440,1,41094,41094,Credit Card,paid,2026-06-29 15:47:56
ORD-1C9464CCE8,CUST000616,SES048940,PROD001425,1,60408,60408,UPI,paid,2026-07-15 00:37:42
ORD-8155DF3CF7,CUST001272,SES048946,PROD001399,3,86380,259140,UPI,refunded,2026-07-23 14:58:49
ORD-313A0395C7,CUST002780,SES048963,PROD001118,2,53107,106214,UPI,paid,2026-07-23 00:31:53
ORD-0664F1B506,CUST004531,SES048985,PROD001641,3,84331,252993,UPI,paid,2026-07-09 21:30:27
ORD-D476F8BAE1,CUST004642,SES048989,PROD000162,2,16274,32548,Debit Card,paid,2026-07-05 15:09:36
ORD-E7963493C3,CUST005367,SES049010,PROD001910,3,44497,133491,UPI,paid,2026-07-11 21:18:59
ORD-5E1BB036DA,CUST001606,SES049044,PROD000683,3,24482,73446,Wallet,paid,2026-06-28 12:47:47
ORD-35973DFAC6,CUST009096,SES049048,PROD000648,2,97994,195988,UPI,paid,2026-07-12 07:18:29
ORD-BC3C39709A,CUST008058,SES049064,PROD000027,1,89875,89875,Credit Card,paid,2026-07-14 15:41:06
ORD-E7AB3864AB,CUST008930,SES049072,PROD000757,3,18041,54123,Debit Card,paid,2026-07-20 07:34:06
ORD-EFF128C93D,CUST005908,SES049080,PROD000842,2,91414,182828,Credit Card,paid,2026-07-04 19:57:37
ORD-5BEFA42FA6,CUST002508,SES049083,PROD001844,2,24645,49290,Debit Card,cancelled,2026-07-19 23:01:38
ORD-B55D6836C4,CUST003186,SES049093,PROD001972,1,49995,49995,UPI,paid,2026-07-20 10:11:45
ORD-17E59F0CD7,CUST006222,SES049097,PROD000215,2,86329,172658,UPI,paid,2026-07-09 16:05:44
ORD-6E580BB32B,CUST000812,SES049101,PROD001040,1,24413,24413,Debit Card,paid,2026-07-02 08:33:24
ORD-D9FF5D790B,CUST005788,SES049113,PROD000045,2,84527,169054,UPI,cancelled,2026-07-05 14:53:29
ORD-BADE431067,CUST004501,SES049117,PROD000142,2,80610,161220,Cash on Delivery,paid,2026-07-09 15:21:23
ORD-FE2EFE373A,CUST002269,SES049119,PROD000395,1,56323,56323,Debit Card,paid,2026-06-29 08:02:35
ORD-E9198E860F,CUST003877,SES049159,PROD000688,1,17880,17880,Debit Card,paid,2026-06-28 14:06:28
ORD-100B98EFC1,CUST004122,SES049163,PROD001613,1,54604,54604,UPI,paid,2026-07-16 10:07:12
ORD-3B86D902A2,CUST005323,SES049164,PROD000802,1,35099,35099,Wallet,paid,2026-07-11 20:55:30
ORD-EEDFAD06B6,CUST000508,SES049186,PROD001759,3,67019,201057,UPI,paid,2026-07-02 17:09:39
ORD-7DF83F081A,CUST000627,SES049191,PROD001637,3,8829,26487,Credit Card,paid,2026-07-24 14:10:39
ORD-75205B3CE0,CUST004128,SES049196,PROD001914,3,65153,195459,Debit Card,paid,2026-07-12 17:20:24
ORD-8DF691056A,CUST002892,SES049201,PROD001775,2,42251,84502,Debit Card,paid,2026-07-01 00:46:57
ORD-E8F4AF3399,CUST000654,SES049211,PROD001198,2,65446,130892,Credit Card,paid,2026-07-19 10:44:45
ORD-49620C80E8,CUST004925,SES049218,PROD000907,1,42782,42782,Credit Card,paid,2026-07-15 05:35:00
ORD-B14BA31B33,CUST009115,SES049222,PROD001228,3,15660,46980,Credit Card,paid,2026-07-05 08:13:37
ORD-F22FEA430D,CUST000623,SES049233,PROD001042,3,10177,30531,UPI,paid,2026-07-01 10:37:19
ORD-602B934DBA,CUST009131,SES049235,PROD001121,1,89864,89864,Debit Card,paid,2026-07-14 07:19:17
ORD-88C93CCDC0,CUST005573,SES049253,PROD001308,3,44162,132486,UPI,paid,2026-06-27 09:08:02
ORD-C8D46DA7BB,CUST007780,SES049260,PROD001848,1,39551,39551,UPI,paid,2026-07-02 04:58:58
ORD-8142E64BD2,CUST001298,SES049273,PROD000824,3,71811,215433,Debit Card,paid,2026-07-15 10:49:19
ORD-55BE523E8B,CUST007100,SES049280,PROD001029,2,13720,27440,Debit Card,paid,2026-07-24 03:25:20
ORD-82B45067AD,CUST004530,SES049288,PROD000492,1,58685,58685,UPI,paid,2026-07-19 14:05:23
ORD-73480AA9DC,CUST006622,SES049291,PROD000361,3,42646,127938,Cash on Delivery,paid,2026-07-25 06:10:55
ORD-7BB4A473AF,CUST007103,SES049292,PROD001965,1,20391,20391,UPI,paid,2026-07-05 00:00:58
ORD-2DF2BA66E1,CUST005782,SES049296,PROD000068,1,94714,94714,Credit Card,paid,2026-07-18 05:17:56
ORD-5CC5842FAC,CUST001483,SES049302,PROD001505,1,28973,28973,UPI,paid,2026-07-25 14:54:09
ORD-A457265D66,CUST006348,SES049303,PROD001259,3,63780,191340,UPI,paid,2026-07-16 20:40:24
ORD-03228BD273,CUST007399,SES049317,PROD000683,1,24482,24482,Credit Card,cancelled,2026-06-30 23:41:04
ORD-B142AECB29,CUST009249,SES049318,PROD001447,1,42738,42738,Cash on Delivery,cancelled,2026-07-07 18:26:56
ORD-4C16A73BFA,CUST008466,SES049322,PROD001327,3,29294,87882,Cash on Delivery,paid,2026-07-23 14:27:53
ORD-6FF5F0E832,CUST006556,SES049324,PROD000581,2,14424,28848,UPI,refunded,2026-07-08 12:30:56
ORD-16161F6D32,CUST006015,SES049327,PROD001362,2,64530,129060,Credit Card,paid,2026-07-25 05:25:40
ORD-6EF78BEE3D,CUST006486,SES049352,PROD001779,1,93642,93642,UPI,paid,2026-07-15 03:30:45
ORD-D67BA1A8AE,CUST008727,SES049370,PROD001362,2,64530,129060,Credit Card,paid,2026-07-14 05:48:13
ORD-3E1BB34F6A,CUST000787,SES049375,PROD001287,1,75018,75018,UPI,cancelled,2026-06-26 23:26:36
ORD-E30908FF48,CUST008226,SES049378,PROD000873,1,84333,84333,UPI,paid,2026-07-06 15:15:51
ORD-ACA2FA8311,CUST006814,SES049392,PROD001905,3,80451,241353,UPI,paid,2026-07-18 18:59:29
ORD-4B8D082205,CUST009621,SES049410,PROD001313,1,54847,54847,Wallet,paid,2026-07-10 08:37:59
ORD-901820DA5D,CUST002334,SES049414,PROD000738,1,35565,35565,UPI,paid,2026-07-03 14:52:23
ORD-09571703FA,CUST009556,SES049418,PROD001435,1,93335,93335,UPI,paid,2026-07-03 05:18:09
ORD-BAE344F841,CUST000169,SES049423,PROD001790,1,45479,45479,Cash on Delivery,paid,2026-07-01 02:04:30
ORD-CC8013E4BF,CUST000335,SES049434,PROD001955,1,28450,28450,UPI,paid,2026-07-07 00:49:20
ORD-68836D03A4,CUST009466,SES049436,PROD001166,3,61606,184818,Debit Card,refunded,2026-07-14 06:35:54
ORD-072D6C69DB,CUST001019,SES049438,PROD001852,3,42737,128211,UPI,paid,2026-06-25 23:27:47
ORD-050477BCFE,CUST007152,SES049444,PROD000281,3,5195,15585,Debit Card,paid,2026-07-10 15:19:10
ORD-4AE61CA46E,CUST000431,SES049445,PROD000205,1,19053,19053,UPI,paid,2026-07-08 04:05:21
ORD-134AD4D8C6,CUST002765,SES049446,PROD001215,1,40722,40722,UPI,paid,2026-06-29 01:23:38
ORD-5574D2B850,CUST000383,SES049449,PROD001729,1,94424,94424,Wallet,paid,2026-07-22 15:21:59
ORD-402E5CA531,CUST001867,SES049453,PROD000545,2,2023,4046,UPI,paid,2026-06-29 00:36:49
ORD-9EF71ED208,CUST003818,SES049460,PROD001803,2,19670,39340,Debit Card,paid,2026-07-10 04:05:04
ORD-6629A6D163,CUST009607,SES049461,PROD000106,1,87011,87011,UPI,paid,2026-07-16 02:59:41
ORD-26BC7EF829,CUST000779,SES049468,PROD000410,2,25804,51608,UPI,paid,2026-07-16 20:26:37
ORD-B7FC9CD82D,CUST003650,SES049473,PROD001152,2,48173,96346,Debit Card,paid,2026-07-16 13:14:16
ORD-1E907FCA61,CUST005267,SES049475,PROD000503,3,25563,76689,Credit Card,paid,2026-06-28 19:27:49
ORD-F7E2DC6AAF,CUST009025,SES049487,PROD001775,2,42251,84502,UPI,paid,2026-06-27 06:18:05
ORD-2C49ADE625,CUST001357,SES049491,PROD000834,3,41822,125466,Credit Card,paid,2026-07-11 12:20:13
ORD-5F6EA49BC3,CUST005934,SES049492,PROD000631,3,90199,270597,Wallet,paid,2026-07-04 08:26:53
ORD-0FEE6D1078,CUST009084,SES049496,PROD000559,2,46852,93704,UPI,paid,2026-07-08 16:46:20
ORD-AACD4090B9,CUST006561,SES049500,PROD000513,3,21931,65793,Debit Card,paid,2026-07-24 17:19:23
ORD-B13A703510,CUST002236,SES049501,PROD000565,2,57410,114820,UPI,paid,2026-07-12 10:26:10
ORD-1D8B21EB58,CUST000372,SES049503,PROD001986,1,91993,91993,UPI,paid,2026-07-11 17:21:08
ORD-2A0AD172D4,CUST007582,SES049504,PROD000012,1,67517,67517,Debit Card,paid,2026-07-07 18:08:52
ORD-D2E464E411,CUST005434,SES049523,PROD001741,2,8593,17186,Debit Card,paid,2026-07-23 19:46:49
ORD-55329F65ED,CUST001421,SES049525,PROD001935,1,6879,6879,UPI,paid,2026-07-19 20:27:38
ORD-C9CCEBC9D9,CUST008593,SES049532,PROD000117,1,43460,43460,UPI,paid,2026-07-25 15:48:22
ORD-2BC8B47948,CUST005958,SES049533,PROD001853,1,99194,99194,UPI,paid,2026-07-03 22:52:20
ORD-22812638BD,CUST003004,SES049538,PROD001922,2,75405,150810,Debit Card,paid,2026-07-01 01:38:50
ORD-2BEA3EBEB4,CUST007894,SES049546,PROD000158,1,14385,14385,Debit Card,paid,2026-07-10 03:45:33
ORD-2740C0497A,CUST007079,SES049551,PROD001674,1,64683,64683,UPI,paid,2026-06-29 10:29:25
ORD-217330279F,CUST003945,SES049554,PROD000979,3,95811,287433,Credit Card,paid,2026-07-11 00:59:19
ORD-D614ECC81B,CUST003396,SES049557,PROD001008,2,75544,151088,Credit Card,paid,2026-07-03 18:58:50
ORD-EA61AC7F72,CUST007598,SES049558,PROD000621,1,59407,59407,Credit Card,paid,2026-07-17 09:42:54
ORD-0FC88C8903,CUST001767,SES049561,PROD000880,2,66225,132450,Cash on Delivery,paid,2026-07-01 23:51:25
ORD-806B045749,CUST003211,SES049562,PROD000148,2,69956,139912,Debit Card,paid,2026-07-10 19:07:43
ORD-D159434EE3,CUST000892,SES049563,PROD000267,3,83589,250767,Debit Card,paid,2026-06-26 10:48:08
ORD-0DB4B21CD2,CUST009689,SES049568,PROD001547,1,79589,79589,Credit Card,paid,2026-07-12 04:04:56
ORD-049D5D3D56,CUST004708,SES049569,PROD001260,2,41933,83866,Debit Card,paid,2026-07-10 06:38:13
ORD-238A79D833,CUST004421,SES049571,PROD001673,2,14013,28026,Debit Card,paid,2026-07-11 13:55:38
ORD-B9E1555987,CUST009145,SES049572,PROD000297,2,66777,133554,UPI,paid,2026-07-06 23:18:09
ORD-F0F4C07196,CUST001077,SES049594,PROD001522,3,68365,205095,UPI,paid,2026-07-20 04:35:01
ORD-4D508C70B1,CUST003588,SES049608,PROD001159,3,20922,62766,Wallet,paid,2026-07-17 10:24:26
ORD-F9D3E67698,CUST002711,SES049614,PROD000104,1,30282,30282,Credit Card,paid,2026-07-18 16:13:35
ORD-D311D29AEF,CUST002911,SES049618,PROD000462,3,69455,208365,Debit Card,paid,2026-07-02 07:08:30
ORD-39C32596C8,CUST007008,SES049625,PROD001948,1,53537,53537,UPI,paid,2026-06-28 01:26:00
ORD-61262EDE1E,CUST005951,SES049627,PROD000238,3,23644,70932,UPI,paid,2026-07-04 11:16:51
ORD-EF44780120,CUST003371,SES049643,PROD000569,1,38000,38000,Cash on Delivery,paid,2026-06-30 20:19:29
ORD-2FA45A8396,CUST007032,SES049661,PROD001908,1,40974,40974,Wallet,paid,2026-07-04 03:15:08
ORD-5CCC194D45,CUST008853,SES049701,PROD001732,1,33332,33332,Debit Card,paid,2026-06-26 14:10:06
ORD-0D37DB7335,CUST007161,SES049702,PROD001296,3,62308,186924,UPI,paid,2026-07-11 23:25:02
ORD-26AB6D1661,CUST004619,SES049712,PROD000426,3,32764,98292,Wallet,paid,2026-07-05 11:16:23
ORD-EDA90AF43C,CUST003345,SES049715,PROD001300,2,39036,78072,Debit Card,paid,2026-07-04 03:23:05
ORD-93C57FCF09,CUST003400,SES049736,PROD001327,3,29294,87882,UPI,paid,2026-07-03 16:03:19
ORD-7B1197D1FE,CUST007170,SES049737,PROD001114,1,65857,65857,Credit Card,paid,2026-06-29 11:53:24
ORD-C646A4EF87,CUST008176,SES049740,PROD001594,2,6628,13256,Debit Card,paid,2026-07-04 06:23:05
ORD-9013AA505C,CUST005613,SES049751,PROD000699,3,23143,69429,Credit Card,cancelled,2026-07-12 05:26:10
ORD-472DA7E60B,CUST007275,SES049753,PROD000378,1,96300,96300,Credit Card,paid,2026-06-30 03:47:36
ORD-82EED9C42B,CUST005353,SES049758,PROD001713,1,76281,76281,Debit Card,paid,2026-07-05 20:57:46
ORD-A35D696E1E,CUST002196,SES049768,PROD000152,2,60911,121822,Debit Card,paid,2026-07-24 15:04:50
ORD-4543FFB347,CUST003543,SES049784,PROD001921,1,19477,19477,UPI,paid,2026-07-18 20:25:30
ORD-1E51721A2B,CUST001702,SES049795,PROD001586,2,23456,46912,Debit Card,paid,2026-07-06 15:46:40
ORD-658A362160,CUST007628,SES049809,PROD000347,1,39282,39282,UPI,paid,2026-07-02 11:34:24
ORD-6D38179429,CUST002433,SES049819,PROD000356,3,59953,179859,Credit Card,cancelled,2026-06-28 00:23:24
ORD-0DBD823BE6,CUST005830,SES049829,PROD001741,3,8593,25779,UPI,paid,2026-06-29 04:39:37
ORD-2BB00B1AC4,CUST004747,SES049830,PROD001995,1,17397,17397,UPI,paid,2026-07-13 08:03:01
ORD-D2C0D66665,CUST005612,SES049833,PROD000339,1,59487,59487,UPI,paid,2026-07-21 23:41:32
ORD-7E01CB596A,CUST006750,SES049842,PROD000693,3,41095,123285,UPI,paid,2026-07-18 11:20:45
ORD-2A114033E5,CUST003443,SES049843,PROD001292,1,812,812,UPI,paid,2026-07-13 13:27:32
ORD-AABE0E94B1,CUST005006,SES049859,PROD000061,3,79494,238482,Wallet,paid,2026-07-06 06:53:32
ORD-E459EBC35D,CUST003450,SES049870,PROD001456,3,7157,21471,UPI,cancelled,2026-07-17 00:09:53
ORD-0D63D58D3A,CUST005634,SES049872,PROD000615,1,72739,72739,UPI,paid,2026-07-06 20:08:09
ORD-D1DABC3CA5,CUST004737,SES049886,PROD000006,3,38297,114891,Credit Card,paid,2026-07-03 06:32:11
ORD-9868494D5F,CUST001629,SES049899,PROD000057,2,97221,194442,UPI,paid,2026-07-06 17:02:10
ORD-DB0B3F6FBC,CUST006611,SES049903,PROD000589,1,81222,81222,UPI,paid,2026-07-14 17:37:28
ORD-439E8CA77F,CUST006448,SES049919,PROD001421,3,57786,173358,UPI,paid,2026-07-15 18:57:45
ORD-213BC740D3,CUST005432,SES049922,PROD001351,1,96459,96459,Cash on Delivery,paid,2026-07-14 02:39:24
ORD-EB344D2C42,CUST000161,SES049926,PROD000504,3,29988,89964,Credit Card,paid,2026-07-17 17:35:16
ORD-4CB2483A42,CUST005045,SES049945,PROD001542,1,34694,34694,Cash on Delivery,paid,2026-06-27 09:25:46
ORD-59A3F4369C,CUST000597,SES049947,PROD001087,2,5987,11974,UPI,refunded,2026-07-06 00:40:04
ORD-3C52F59EE3,CUST004940,SES049952,PROD000071,2,53835,107670,UPI,paid,2026-07-13 17:28:15
ORD-8DEE1445DD,CUST006984,SES049955,PROD000330,3,97694,293082,UPI,paid,2026-07-09 05:20:38
ORD-B9D0B46F4E,CUST009399,SES049960,PROD001521,2,65548,131096,UPI,paid,2026-07-05 18:06:41
ORD-8D9333F72E,CUST007620,SES049965,PROD000683,1,24482,24482,UPI,paid,2026-06-28 03:08:49
ORD-BD439BA530,CUST000125,SES049966,PROD000104,2,30282,60564,Wallet,cancelled,2026-07-15 17:21:14
ORD-DB8A8BCD61,CUST002055,SES049973,PROD001749,3,44325,132975,Credit Card,cancelled,2026-07-25 03:05:06
ORD-D4C8938717,CUST002705,SES049977,PROD001422,3,44581,133743,Credit Card,paid,2026-06-28 03:05:45
ORD-CF28D625FE,CUST007681,SES049978,PROD001545,3,83289,249867,UPI,paid,2026-07-04 10:34:34
ORD-0F1A28434A,CUST005039,SES049986,PROD000002,2,12061,24122,Credit Card,paid,2026-07-17 14:13:24
ORD-8D714D6C50,CUST006517,SES049990,PROD000971,2,94283,188566,UPI,paid,2026-07-25 20:20:03
ORD-4105AF3860,CUST001476,SES049998,PROD001156,1,23519,23519,UPI,paid,2026-07-12 15:20:29
